yarn run v1.22.22
$ MIDNIGHT_NETWORK=preprod yarn test
$ NODE_OPTIONS='--experimental-vm-modules' vitest run

[1m[30m[46m RUN [49m[39m[22m [36mv4.1.10 [39m[90m/home/balor/private-credit-score-v2[39m

[11:06:26.812] [32mINFO[39m (17898): [36mInitializing wallet builder for preprod[39m
[11:06:26.960] [32mINFO[39m (17898): [36mCreating dust wallet with params: {"indexerClientConnection":{"indexerHttpUrl":"https://indexer.preprod.midnight.network/api/v4/graphql","indexerWsUrl":"wss://indexer.preprod.midnight.network/api/v4/graphql/ws"},"provingServerUrl":"http://127.0.0.1:6300/","networkId":"preprod","relayURL":"wss://rpc.preprod.midnight.network/","txHistoryStorage":{"storage":{}},"costParameters":{"ledgerParams":{"__wbg_ptr":4654560},"additionalFeeOverhead":"1000","feeBlocksMargin":5}}[39m
[11:06:27.006] INFO (17898): Wallet built from seed; master seed: 4a0c37d8...
[11:06:27.007] INFO (17898): Starting wallet...
[11:06:27.055] INFO (17898): Wallet address: mn_addr_preprod13ulll04v5c5pykvy8ll5cpgfkjsasysh994kev5swgufnfs4ymgs5gwlj0
[11:06:27.055] INFO (17898): Syncing wallet...
[11:06:27.078] INFO (17898): Wallet sync [1]: shielded=false, unshielded=false, dust=false
[90mstderr[2m | src/test/hw.test.ts[2m > [22m[2mPrivate Credit Score Contract (preprod)
[22m[39m2026-07-25 11:06:37          API-WS: disconnected from wss://rpc.preprod.midnight.network/: 1006:: Abnormal Closure

[90mstderr[2m | src/test/hw.test.ts[2m > [22m[2mPrivate Credit Score Contract (preprod)
[22m[39m2026-07-25 11:06:44          API-WS: disconnected from wss://rpc.preprod.midnight.network/: 1006:: Abnormal Closure

[90mstderr[2m | src/test/hw.test.ts[2m > [22m[2mPrivate Credit Score Contract (preprod)
[22m[39m2026-07-25 11:06:47          API-WS: disconnected from wss://rpc.preprod.midnight.network/: 1006:: Abnormal Closure

[90mstderr[2m | src/test/hw.test.ts[2m > [22m[2mPrivate Credit Score Contract (preprod)
[22m[39m2026-07-25 11:06:51          API-WS: disconnected from wss://rpc.preprod.midnight.network/: 1006:: Abnormal Closure

[90mstderr[2m | src/test/hw.test.ts[2m > [22m[2mPrivate Credit Score Contract (preprod)
[22m[39m2026-07-25 11:06:54          API-WS: disconnected from wss://rpc.preprod.midnight.network/: 1006:: Abnormal Closure

[11:06:55.795] INFO (17898): Wallet sync [2]: shielded=false, unshielded=false, dust=false
[11:06:55.896] INFO (17898): Wallet sync [3]: shielded=false, unshielded=false, dust=false
[11:06:55.904] INFO (17898): Wallet sync [4]: shielded=false, unshielded=false, dust=false
[11:06:55.910] INFO (17898): Wallet sync [5]: shielded=false, unshielded=true, dust=false
[11:06:56.017] INFO (17898): Wallet sync [6]: shielded=false, unshielded=true, dust=false
[11:06:56.335] INFO (17898): Wallet sync [7]: shielded=false, unshielded=true, dust=false
[11:06:56.409] INFO (17898): Wallet sync [8]: shielded=false, unshielded=true, dust=false
[11:06:56.689] INFO (17898): Wallet sync [9]: shielded=false, unshielded=true, dust=false
[11:06:56.798] INFO (17898): Wallet sync [10]: shielded=false, unshielded=true, dust=false
[11:06:56.982] INFO (17898): Wallet sync [11]: shielded=false, unshielded=true, dust=false
[11:06:57.076] INFO (17898): Wallet sync [12]: shielded=false, unshielded=true, dust=false
[11:06:57.177] INFO (17898): Wallet sync [13]: shielded=false, unshielded=true, dust=false
[11:06:57.260] INFO (17898): Wallet sync [14]: shielded=false, unshielded=true, dust=false
[11:06:57.340] INFO (17898): Wallet sync [15]: shielded=false, unshielded=true, dust=false
[11:06:57.405] INFO (17898): Wallet sync [16]: shielded=false, unshielded=true, dust=false
[11:06:57.480] INFO (17898): Wallet sync [17]: shielded=false, unshielded=true, dust=false
[11:06:57.548] INFO (17898): Wallet sync [18]: shielded=false, unshielded=true, dust=false
[11:06:57.687] INFO (17898): Wallet sync [19]: shielded=false, unshielded=true, dust=false
[11:06:57.761] INFO (17898): Wallet sync [20]: shielded=false, unshielded=true, dust=false
[11:06:57.842] INFO (17898): Wallet sync [21]: shielded=false, unshielded=true, dust=false
[11:06:57.903] INFO (17898): Wallet sync [22]: shielded=false, unshielded=true, dust=false
[11:06:58.018] INFO (17898): Wallet sync [23]: shielded=false, unshielded=true, dust=false
[11:06:58.081] INFO (17898): Wallet sync [24]: shielded=false, unshielded=true, dust=false
[11:06:58.154] INFO (17898): Wallet sync [25]: shielded=false, unshielded=true, dust=false
[11:06:58.230] INFO (17898): Wallet sync [26]: shielded=false, unshielded=true, dust=false
[11:06:58.284] INFO (17898): Wallet sync [27]: shielded=false, unshielded=true, dust=false
[11:06:58.345] INFO (17898): Wallet sync [28]: shielded=false, unshielded=true, dust=false
[11:06:58.388] INFO (17898): Wallet sync [29]: shielded=false, unshielded=true, dust=false
[11:06:58.454] INFO (17898): Wallet sync [30]: shielded=false, unshielded=true, dust=false
[11:06:58.540] INFO (17898): Wallet sync [31]: shielded=false, unshielded=true, dust=false
[11:06:58.604] INFO (17898): Wallet sync [32]: shielded=false, unshielded=true, dust=false
[11:06:58.684] INFO (17898): Wallet sync [33]: shielded=false, unshielded=true, dust=false
[11:06:58.757] INFO (17898): Wallet sync [34]: shielded=false, unshielded=true, dust=false
[11:06:58.835] INFO (17898): Wallet sync [35]: shielded=false, unshielded=true, dust=false
[11:06:58.909] INFO (17898): Wallet sync [36]: shielded=false, unshielded=true, dust=false
[11:06:58.989] INFO (17898): Wallet sync [37]: shielded=false, unshielded=true, dust=false
[11:06:59.058] INFO (17898): Wallet sync [38]: shielded=false, unshielded=true, dust=false
[11:06:59.129] INFO (17898): Wallet sync [39]: shielded=false, unshielded=true, dust=false
[11:06:59.187] INFO (17898): Wallet sync [40]: shielded=false, unshielded=true, dust=false
[11:06:59.260] INFO (17898): Wallet sync [41]: shielded=false, unshielded=true, dust=false
[11:06:59.312] INFO (17898): Wallet sync [42]: shielded=false, unshielded=true, dust=false
[11:06:59.381] INFO (17898): Wallet sync [43]: shielded=false, unshielded=true, dust=false
[11:06:59.445] INFO (17898): Wallet sync [44]: shielded=false, unshielded=true, dust=false
[11:06:59.518] INFO (17898): Wallet sync [45]: shielded=false, unshielded=true, dust=false
[11:06:59.571] INFO (17898): Wallet sync [46]: shielded=false, unshielded=true, dust=false
[11:06:59.674] INFO (17898): Wallet sync [47]: shielded=false, unshielded=true, dust=false
[11:06:59.745] INFO (17898): Wallet sync [48]: shielded=false, unshielded=true, dust=false
[11:06:59.831] INFO (17898): Wallet sync [49]: shielded=false, unshielded=true, dust=false
[11:06:59.878] INFO (17898): Wallet sync [50]: shielded=false, unshielded=true, dust=false
[11:06:59.945] INFO (17898): Wallet sync [51]: shielded=false, unshielded=true, dust=false
[11:07:00.011] INFO (17898): Wallet sync [52]: shielded=false, unshielded=true, dust=false
[11:07:00.101] INFO (17898): Wallet sync [53]: shielded=false, unshielded=true, dust=false
[11:07:00.162] INFO (17898): Wallet sync [54]: shielded=false, unshielded=true, dust=false
[11:07:00.245] INFO (17898): Wallet sync [55]: shielded=false, unshielded=true, dust=false
[11:07:00.301] INFO (17898): Wallet sync [56]: shielded=false, unshielded=true, dust=false
[11:07:00.370] INFO (17898): Wallet sync [57]: shielded=false, unshielded=true, dust=false
[11:07:00.433] INFO (17898): Wallet sync [58]: shielded=false, unshielded=true, dust=false
[11:07:00.522] INFO (17898): Wallet sync [59]: shielded=false, unshielded=true, dust=false
[11:07:00.598] INFO (17898): Wallet sync [60]: shielded=false, unshielded=true, dust=false
[11:07:00.673] INFO (17898): Wallet sync [61]: shielded=false, unshielded=true, dust=false
[11:07:00.746] INFO (17898): Wallet sync [62]: shielded=false, unshielded=true, dust=false
[11:07:00.808] INFO (17898): Wallet sync [63]: shielded=false, unshielded=true, dust=false
[11:07:00.877] INFO (17898): Wallet sync [64]: shielded=false, unshielded=true, dust=false
[11:07:00.937] INFO (17898): Wallet sync [65]: shielded=false, unshielded=true, dust=false
[11:07:00.977] INFO (17898): Wallet sync [66]: shielded=false, unshielded=true, dust=false
[11:07:01.041] INFO (17898): Wallet sync [67]: shielded=false, unshielded=true, dust=false
[11:07:01.090] INFO (17898): Wallet sync [68]: shielded=false, unshielded=true, dust=false
[11:07:01.157] INFO (17898): Wallet sync [69]: shielded=false, unshielded=true, dust=false
[11:07:01.199] INFO (17898): Wallet sync [70]: shielded=false, unshielded=true, dust=false
[11:07:01.267] INFO (17898): Wallet sync [71]: shielded=false, unshielded=true, dust=false
[11:07:01.333] INFO (17898): Wallet sync [72]: shielded=false, unshielded=true, dust=false
[11:07:01.400] INFO (17898): Wallet sync [73]: shielded=false, unshielded=true, dust=false
[11:07:01.444] INFO (17898): Wallet sync [74]: shielded=false, unshielded=true, dust=false
[11:07:01.510] INFO (17898): Wallet sync [75]: shielded=false, unshielded=true, dust=false
[11:07:01.562] INFO (17898): Wallet sync [76]: shielded=false, unshielded=true, dust=false
[11:07:01.650] INFO (17898): Wallet sync [77]: shielded=false, unshielded=true, dust=false
[11:07:01.711] INFO (17898): Wallet sync [78]: shielded=false, unshielded=true, dust=false
[11:07:01.779] INFO (17898): Wallet sync [79]: shielded=false, unshielded=true, dust=false
[11:07:01.850] INFO (17898): Wallet sync [80]: shielded=false, unshielded=true, dust=false
[11:07:01.918] INFO (17898): Wallet sync [81]: shielded=false, unshielded=true, dust=false
[11:07:01.990] INFO (17898): Wallet sync [82]: shielded=false, unshielded=true, dust=false
[11:07:02.061] INFO (17898): Wallet sync [83]: shielded=false, unshielded=true, dust=false
[11:07:02.119] INFO (17898): Wallet sync [84]: shielded=false, unshielded=true, dust=false
[11:07:02.196] INFO (17898): Wallet sync [85]: shielded=false, unshielded=true, dust=false
[11:07:02.270] INFO (17898): Wallet sync [86]: shielded=false, unshielded=true, dust=false
[11:07:02.351] INFO (17898): Wallet sync [87]: shielded=false, unshielded=true, dust=false
[11:07:02.409] INFO (17898): Wallet sync [88]: shielded=false, unshielded=true, dust=false
[11:07:02.483] INFO (17898): Wallet sync [89]: shielded=false, unshielded=true, dust=false
[11:07:02.546] INFO (17898): Wallet sync [90]: shielded=false, unshielded=true, dust=false
[11:07:02.615] INFO (17898): Wallet sync [91]: shielded=false, unshielded=true, dust=false
[11:07:02.680] INFO (17898): Wallet sync [92]: shielded=false, unshielded=true, dust=false
[11:07:02.743] INFO (17898): Wallet sync [93]: shielded=false, unshielded=true, dust=false
[11:07:02.793] INFO (17898): Wallet sync [94]: shielded=false, unshielded=true, dust=false
[11:07:02.860] INFO (17898): Wallet sync [95]: shielded=false, unshielded=true, dust=false
[11:07:02.919] INFO (17898): Wallet sync [96]: shielded=false, unshielded=true, dust=false
[11:07:03.025] INFO (17898): Wallet sync [97]: shielded=false, unshielded=true, dust=false
[11:07:03.076] INFO (17898): Wallet sync [98]: shielded=false, unshielded=true, dust=false
[11:07:03.138] INFO (17898): Wallet sync [99]: shielded=false, unshielded=true, dust=false
[11:07:03.197] INFO (17898): Wallet sync [100]: shielded=false, unshielded=true, dust=false
[11:07:03.262] INFO (17898): Wallet sync [101]: shielded=false, unshielded=true, dust=false
[11:07:03.313] INFO (17898): Wallet sync [102]: shielded=false, unshielded=true, dust=false
[11:07:03.391] INFO (17898): Wallet sync [103]: shielded=false, unshielded=true, dust=false
[11:07:03.471] INFO (17898): Wallet sync [104]: shielded=false, unshielded=true, dust=false
[11:07:03.543] INFO (17898): Wallet sync [105]: shielded=false, unshielded=true, dust=false
[11:07:03.597] INFO (17898): Wallet sync [106]: shielded=false, unshielded=true, dust=false
[11:07:03.866] INFO (17898): Wallet sync [107]: shielded=false, unshielded=true, dust=false
[11:07:03.914] INFO (17898): Wallet sync [108]: shielded=false, unshielded=true, dust=false
[11:07:03.984] INFO (17898): Wallet sync [109]: shielded=false, unshielded=true, dust=false
[11:07:04.041] INFO (17898): Wallet sync [110]: shielded=false, unshielded=true, dust=false
[11:07:04.109] INFO (17898): Wallet sync [111]: shielded=false, unshielded=true, dust=false
[11:07:04.155] INFO (17898): Wallet sync [112]: shielded=false, unshielded=true, dust=false
[11:07:04.223] INFO (17898): Wallet sync [113]: shielded=false, unshielded=true, dust=false
[11:07:04.273] INFO (17898): Wallet sync [114]: shielded=false, unshielded=true, dust=false
[11:07:04.393] INFO (17898): Wallet sync [115]: shielded=false, unshielded=true, dust=false
[11:07:04.454] INFO (17898): Wallet sync [116]: shielded=false, unshielded=true, dust=false
[90mstderr[2m | src/test/hw.test.ts[2m > [22m[2mPrivate Credit Score Contract (preprod)
[22m[39m2026-07-25 11:07:04        RPC-CORE: subscribeRuntimeVersion(): RuntimeVersion:: disconnected from wss://rpc.preprod.midnight.network/: 1000:: Normal Closure

[90mstderr[2m | src/test/hw.test.ts[2m > [22m[2mPrivate Credit Score Contract (preprod)
[22m[39m2026-07-25 11:07:04        RPC-CORE: subscribeRuntimeVersion(): RuntimeVersion:: disconnected from wss://rpc.preprod.midnight.network/: 1000:: Normal Closure

[11:07:04.528] INFO (17898): Wallet sync [117]: shielded=false, unshielded=true, dust=false
[11:07:04.594] INFO (17898): Wallet sync [118]: shielded=false, unshielded=true, dust=false
[11:07:04.696] INFO (17898): Wallet sync [119]: shielded=false, unshielded=true, dust=false
[11:07:04.775] INFO (17898): Wallet sync [120]: shielded=false, unshielded=true, dust=false
[11:07:04.858] INFO (17898): Wallet sync [121]: shielded=false, unshielded=true, dust=false
[11:07:04.904] INFO (17898): Wallet sync [122]: shielded=false, unshielded=true, dust=false
[11:07:04.974] INFO (17898): Wallet sync [123]: shielded=false, unshielded=true, dust=false
[11:07:05.029] INFO (17898): Wallet sync [124]: shielded=false, unshielded=true, dust=false
[11:07:05.114] INFO (17898): Wallet sync [125]: shielded=false, unshielded=true, dust=false
[11:07:05.179] INFO (17898): Wallet sync [126]: shielded=false, unshielded=true, dust=false
[11:07:05.277] INFO (17898): Wallet sync [127]: shielded=false, unshielded=true, dust=false
[11:07:05.347] INFO (17898): Wallet sync [128]: shielded=false, unshielded=true, dust=false
[11:07:05.445] INFO (17898): Wallet sync [129]: shielded=false, unshielded=true, dust=false
[11:07:05.498] INFO (17898): Wallet sync [130]: shielded=false, unshielded=true, dust=false
[11:07:05.576] INFO (17898): Wallet sync [131]: shielded=false, unshielded=true, dust=false
[11:07:05.644] INFO (17898): Wallet sync [132]: shielded=false, unshielded=true, dust=false
[11:07:05.718] INFO (17898): Wallet sync [133]: shielded=false, unshielded=true, dust=false
[11:07:05.770] INFO (17898): Wallet sync [134]: shielded=false, unshielded=true, dust=false
[11:07:05.856] INFO (17898): Wallet sync [135]: shielded=false, unshielded=true, dust=false
[11:07:05.895] INFO (17898): Wallet sync [136]: shielded=false, unshielded=true, dust=false
[11:07:05.966] INFO (17898): Wallet sync [137]: shielded=false, unshielded=true, dust=false
[11:07:06.005] INFO (17898): Wallet sync [138]: shielded=false, unshielded=true, dust=false
[11:07:06.094] INFO (17898): Wallet sync [139]: shielded=false, unshielded=true, dust=false
[11:07:06.146] INFO (17898): Wallet sync [140]: shielded=false, unshielded=true, dust=false
[11:07:06.223] INFO (17898): Wallet sync [141]: shielded=false, unshielded=true, dust=false
[11:07:06.319] INFO (17898): Wallet sync [142]: shielded=false, unshielded=true, dust=false
[11:07:06.439] INFO (17898): Wallet sync [143]: shielded=false, unshielded=true, dust=false
[11:07:06.492] INFO (17898): Wallet sync [144]: shielded=false, unshielded=true, dust=false
[11:07:06.581] INFO (17898): Wallet sync [145]: shielded=false, unshielded=true, dust=false
[11:07:06.645] INFO (17898): Wallet sync [146]: shielded=false, unshielded=true, dust=false
[11:07:06.736] INFO (17898): Wallet sync [147]: shielded=false, unshielded=true, dust=false
[11:07:06.791] INFO (17898): Wallet sync [148]: shielded=false, unshielded=true, dust=false
[11:07:06.876] INFO (17898): Wallet sync [149]: shielded=false, unshielded=true, dust=false
[11:07:06.940] INFO (17898): Wallet sync [150]: shielded=false, unshielded=true, dust=false
[11:07:07.048] INFO (17898): Wallet sync [151]: shielded=false, unshielded=true, dust=false
[11:07:07.098] INFO (17898): Wallet sync [152]: shielded=false, unshielded=true, dust=false
[11:07:07.181] INFO (17898): Wallet sync [153]: shielded=false, unshielded=true, dust=false
[11:07:07.244] INFO (17898): Wallet sync [154]: shielded=false, unshielded=true, dust=false
[11:07:07.334] INFO (17898): Wallet sync [155]: shielded=false, unshielded=true, dust=false
[11:07:07.393] INFO (17898): Wallet sync [156]: shielded=false, unshielded=true, dust=false
[11:07:07.479] INFO (17898): Wallet sync [157]: shielded=false, unshielded=true, dust=false
[11:07:07.546] INFO (17898): Wallet sync [158]: shielded=false, unshielded=true, dust=false
[11:07:07.619] INFO (17898): Wallet sync [159]: shielded=false, unshielded=true, dust=false
[11:07:07.700] INFO (17898): Wallet sync [160]: shielded=false, unshielded=true, dust=false
[11:07:07.787] INFO (17898): Wallet sync [161]: shielded=false, unshielded=true, dust=false
[11:07:07.843] INFO (17898): Wallet sync [162]: shielded=false, unshielded=true, dust=false
[11:07:07.925] INFO (17898): Wallet sync [163]: shielded=false, unshielded=true, dust=false
[11:07:07.974] INFO (17898): Wallet sync [164]: shielded=false, unshielded=true, dust=false
[11:07:08.055] INFO (17898): Wallet sync [165]: shielded=false, unshielded=true, dust=false
[11:07:08.112] INFO (17898): Wallet sync [166]: shielded=false, unshielded=true, dust=false
[11:07:08.185] INFO (17898): Wallet sync [167]: shielded=false, unshielded=true, dust=false
[11:07:08.228] INFO (17898): Wallet sync [168]: shielded=false, unshielded=true, dust=false
[11:07:08.312] INFO (17898): Wallet sync [169]: shielded=false, unshielded=true, dust=false
[11:07:08.351] INFO (17898): Wallet sync [170]: shielded=false, unshielded=true, dust=false
[11:07:08.430] INFO (17898): Wallet sync [171]: shielded=false, unshielded=true, dust=false
[11:07:08.488] INFO (17898): Wallet sync [172]: shielded=false, unshielded=true, dust=false
[11:07:08.557] INFO (17898): Wallet sync [173]: shielded=false, unshielded=true, dust=false
[11:07:08.610] INFO (17898): Wallet sync [174]: shielded=false, unshielded=true, dust=false
[11:07:08.674] INFO (17898): Wallet sync [175]: shielded=false, unshielded=true, dust=false
[11:07:08.708] INFO (17898): Wallet sync [176]: shielded=false, unshielded=true, dust=false
[11:07:08.774] INFO (17898): Wallet sync [177]: shielded=false, unshielded=true, dust=false
[11:07:08.817] INFO (17898): Wallet sync [178]: shielded=false, unshielded=true, dust=false
[11:07:08.887] INFO (17898): Wallet sync [179]: shielded=false, unshielded=true, dust=false
[11:07:08.930] INFO (17898): Wallet sync [180]: shielded=false, unshielded=true, dust=false
[11:07:09.005] INFO (17898): Wallet sync [181]: shielded=false, unshielded=true, dust=false
[11:07:09.060] INFO (17898): Wallet sync [182]: shielded=false, unshielded=true, dust=false
[11:07:09.146] INFO (17898): Wallet sync [183]: shielded=false, unshielded=true, dust=false
[11:07:09.234] INFO (17898): Wallet sync [184]: shielded=false, unshielded=true, dust=false
[11:07:09.313] INFO (17898): Wallet sync [185]: shielded=false, unshielded=true, dust=false
[11:07:09.374] INFO (17898): Wallet sync [186]: shielded=false, unshielded=true, dust=false
[11:07:09.447] INFO (17898): Wallet sync [187]: shielded=false, unshielded=true, dust=false
[11:07:09.526] INFO (17898): Wallet sync [188]: shielded=false, unshielded=true, dust=false
[11:07:09.619] INFO (17898): Wallet sync [189]: shielded=false, unshielded=true, dust=false
[11:07:09.693] INFO (17898): Wallet sync [190]: shielded=false, unshielded=true, dust=false
[11:07:09.781] INFO (17898): Wallet sync [191]: shielded=false, unshielded=true, dust=false
[11:07:09.849] INFO (17898): Wallet sync [192]: shielded=false, unshielded=true, dust=false
[11:07:09.939] INFO (17898): Wallet sync [193]: shielded=false, unshielded=true, dust=false
[11:07:10.009] INFO (17898): Wallet sync [194]: shielded=false, unshielded=true, dust=false
[11:07:10.083] INFO (17898): Wallet sync [195]: shielded=false, unshielded=true, dust=false
[11:07:10.148] INFO (17898): Wallet sync [196]: shielded=false, unshielded=true, dust=false
[11:07:10.251] INFO (17898): Wallet sync [197]: shielded=false, unshielded=true, dust=false
[11:07:10.363] INFO (17898): Wallet sync [198]: shielded=false, unshielded=true, dust=false
[11:07:10.572] INFO (17898): Wallet sync [199]: shielded=false, unshielded=true, dust=false
[11:07:10.700] INFO (17898): Wallet sync [200]: shielded=false, unshielded=true, dust=false
[11:07:10.807] INFO (17898): Wallet sync [201]: shielded=false, unshielded=true, dust=false
[11:07:10.857] INFO (17898): Wallet sync [202]: shielded=false, unshielded=true, dust=false
[11:07:10.961] INFO (17898): Wallet sync [203]: shielded=false, unshielded=true, dust=false
[11:07:11.045] INFO (17898): Wallet sync [204]: shielded=false, unshielded=true, dust=false
[11:07:11.157] INFO (17898): Wallet sync [205]: shielded=false, unshielded=true, dust=false
[11:07:11.347] INFO (17898): Wallet sync [206]: shielded=false, unshielded=true, dust=false
[11:07:11.484] INFO (17898): Wallet sync [207]: shielded=false, unshielded=true, dust=false
[11:07:11.570] INFO (17898): Wallet sync [208]: shielded=false, unshielded=true, dust=false
[11:07:11.643] INFO (17898): Wallet sync [209]: shielded=false, unshielded=true, dust=false
[11:07:11.714] INFO (17898): Wallet sync [210]: shielded=false, unshielded=true, dust=false
[11:07:11.794] INFO (17898): Wallet sync [211]: shielded=false, unshielded=true, dust=false
[11:07:11.859] INFO (17898): Wallet sync [212]: shielded=false, unshielded=true, dust=false
[11:07:11.944] INFO (17898): Wallet sync [213]: shielded=false, unshielded=true, dust=false
[11:07:12.015] INFO (17898): Wallet sync [214]: shielded=false, unshielded=true, dust=false
[11:07:12.142] INFO (17898): Wallet sync [215]: shielded=false, unshielded=true, dust=false
[11:07:12.245] INFO (17898): Wallet sync [216]: shielded=false, unshielded=true, dust=false
[11:07:12.359] INFO (17898): Wallet sync [217]: shielded=false, unshielded=true, dust=false
[11:07:12.449] INFO (17898): Wallet sync [218]: shielded=false, unshielded=true, dust=false
[11:07:12.557] INFO (17898): Wallet sync [219]: shielded=false, unshielded=true, dust=false
[11:07:12.642] INFO (17898): Wallet sync [220]: shielded=false, unshielded=true, dust=false
[11:07:12.745] INFO (17898): Wallet sync [221]: shielded=false, unshielded=true, dust=false
[11:07:12.821] INFO (17898): Wallet sync [222]: shielded=false, unshielded=true, dust=false
[11:07:12.909] INFO (17898): Wallet sync [223]: shielded=false, unshielded=true, dust=false
[11:07:13.034] INFO (17898): Wallet sync [224]: shielded=false, unshielded=true, dust=false
[11:07:13.143] INFO (17898): Wallet sync [225]: shielded=false, unshielded=true, dust=false
[11:07:13.219] INFO (17898): Wallet sync [226]: shielded=false, unshielded=true, dust=false
[11:07:13.297] INFO (17898): Wallet sync [227]: shielded=false, unshielded=true, dust=false
[11:07:13.363] INFO (17898): Wallet sync [228]: shielded=false, unshielded=true, dust=false
[11:07:13.447] INFO (17898): Wallet sync [229]: shielded=false, unshielded=true, dust=false
[11:07:13.526] INFO (17898): Wallet sync [230]: shielded=false, unshielded=true, dust=false
[11:07:13.624] INFO (17898): Wallet sync [231]: shielded=false, unshielded=true, dust=false
[11:07:13.701] INFO (17898): Wallet sync [232]: shielded=false, unshielded=true, dust=false
[11:07:13.807] INFO (17898): Wallet sync [233]: shielded=false, unshielded=true, dust=false
[11:07:13.872] INFO (17898): Wallet sync [234]: shielded=false, unshielded=true, dust=false
[11:07:13.975] INFO (17898): Wallet sync [235]: shielded=false, unshielded=true, dust=false
[11:07:14.040] INFO (17898): Wallet sync [236]: shielded=false, unshielded=true, dust=false
[11:07:14.112] INFO (17898): Wallet sync [237]: shielded=false, unshielded=true, dust=false
[11:07:14.193] INFO (17898): Wallet sync [238]: shielded=false, unshielded=true, dust=false
[11:07:14.278] INFO (17898): Wallet sync [239]: shielded=false, unshielded=true, dust=false
[11:07:14.335] INFO (17898): Wallet sync [240]: shielded=false, unshielded=true, dust=false
[11:07:14.404] INFO (17898): Wallet sync [241]: shielded=false, unshielded=true, dust=false
[11:07:14.469] INFO (17898): Wallet sync [242]: shielded=false, unshielded=true, dust=false
[11:07:14.543] INFO (17898): Wallet sync [243]: shielded=false, unshielded=true, dust=false
[11:07:14.605] INFO (17898): Wallet sync [244]: shielded=false, unshielded=true, dust=false
[11:07:14.675] INFO (17898): Wallet sync [245]: shielded=false, unshielded=true, dust=false
[11:07:14.725] INFO (17898): Wallet sync [246]: shielded=false, unshielded=true, dust=false
[11:07:14.790] INFO (17898): Wallet sync [247]: shielded=false, unshielded=true, dust=false
[11:07:14.857] INFO (17898): Wallet sync [248]: shielded=false, unshielded=true, dust=false
[11:07:14.923] INFO (17898): Wallet sync [249]: shielded=false, unshielded=true, dust=false
[11:07:14.990] INFO (17898): Wallet sync [250]: shielded=false, unshielded=true, dust=false
[11:07:15.046] INFO (17898): Wallet sync [251]: shielded=false, unshielded=true, dust=false
[11:07:15.108] INFO (17898): Wallet sync [252]: shielded=false, unshielded=true, dust=false
[11:07:15.153] INFO (17898): Wallet sync [253]: shielded=false, unshielded=true, dust=false
[11:07:15.223] INFO (17898): Wallet sync [254]: shielded=false, unshielded=true, dust=false
[11:07:15.299] INFO (17898): Wallet sync [255]: shielded=false, unshielded=true, dust=false
[11:07:15.367] INFO (17898): Wallet sync [256]: shielded=false, unshielded=true, dust=false
[11:07:15.408] INFO (17898): Wallet sync [257]: shielded=false, unshielded=true, dust=false
[11:07:15.461] INFO (17898): Wallet sync [258]: shielded=false, unshielded=true, dust=false
[11:07:15.535] INFO (17898): Wallet sync [259]: shielded=false, unshielded=true, dust=false
[11:07:15.595] INFO (17898): Wallet sync [260]: shielded=false, unshielded=true, dust=false
[11:07:15.634] INFO (17898): Wallet sync [261]: shielded=false, unshielded=true, dust=false
[11:07:15.696] INFO (17898): Wallet sync [262]: shielded=false, unshielded=true, dust=false
[11:07:15.763] INFO (17898): Wallet sync [263]: shielded=false, unshielded=true, dust=false
[11:07:15.817] INFO (17898): Wallet sync [264]: shielded=false, unshielded=true, dust=false
[11:07:15.886] INFO (17898): Wallet sync [265]: shielded=false, unshielded=true, dust=false
[11:07:15.952] INFO (17898): Wallet sync [266]: shielded=false, unshielded=true, dust=false
[11:07:16.009] INFO (17898): Wallet sync [267]: shielded=false, unshielded=true, dust=false
[11:07:16.068] INFO (17898): Wallet sync [268]: shielded=false, unshielded=true, dust=false
[11:07:16.141] INFO (17898): Wallet sync [269]: shielded=false, unshielded=true, dust=false
[11:07:16.193] INFO (17898): Wallet sync [270]: shielded=false, unshielded=true, dust=false
[11:07:16.265] INFO (17898): Wallet sync [271]: shielded=false, unshielded=true, dust=false
[11:07:16.327] INFO (17898): Wallet sync [272]: shielded=false, unshielded=true, dust=false
[11:07:16.401] INFO (17898): Wallet sync [273]: shielded=false, unshielded=true, dust=false
[11:07:16.459] INFO (17898): Wallet sync [274]: shielded=false, unshielded=true, dust=false
[11:07:16.529] INFO (17898): Wallet sync [275]: shielded=false, unshielded=true, dust=false
[11:07:16.593] INFO (17898): Wallet sync [276]: shielded=false, unshielded=true, dust=false
[11:07:16.654] INFO (17898): Wallet sync [277]: shielded=false, unshielded=true, dust=false
[11:07:16.715] INFO (17898): Wallet sync [278]: shielded=false, unshielded=true, dust=false
[11:07:16.788] INFO (17898): Wallet sync [279]: shielded=false, unshielded=true, dust=false
[11:07:16.849] INFO (17898): Wallet sync [280]: shielded=false, unshielded=true, dust=false
[11:07:16.915] INFO (17898): Wallet sync [281]: shielded=false, unshielded=true, dust=false
[11:07:16.967] INFO (17898): Wallet sync [282]: shielded=false, unshielded=true, dust=false
[11:07:17.041] INFO (17898): Wallet sync [283]: shielded=false, unshielded=true, dust=false
[11:07:17.095] INFO (17898): Wallet sync [284]: shielded=false, unshielded=true, dust=false
[11:07:17.158] INFO (17898): Wallet sync [285]: shielded=false, unshielded=true, dust=false
[11:07:17.224] INFO (17898): Wallet sync [286]: shielded=false, unshielded=true, dust=false
[11:07:17.295] INFO (17898): Wallet sync [287]: shielded=false, unshielded=true, dust=false
[11:07:17.357] INFO (17898): Wallet sync [288]: shielded=false, unshielded=true, dust=false
[11:07:17.459] INFO (17898): Wallet sync [289]: shielded=false, unshielded=true, dust=false
[11:07:17.521] INFO (17898): Wallet sync [290]: shielded=false, unshielded=true, dust=false
[11:07:17.591] INFO (17898): Wallet sync [291]: shielded=false, unshielded=true, dust=false
[11:07:17.643] INFO (17898): Wallet sync [292]: shielded=false, unshielded=true, dust=false
[11:07:17.718] INFO (17898): Wallet sync [293]: shielded=false, unshielded=true, dust=false
[11:07:17.777] INFO (17898): Wallet sync [294]: shielded=false, unshielded=true, dust=false
[11:07:17.879] INFO (17898): Wallet sync [295]: shielded=false, unshielded=true, dust=false
[11:07:17.961] INFO (17898): Wallet sync [296]: shielded=false, unshielded=true, dust=false
[11:07:18.038] INFO (17898): Wallet sync [297]: shielded=false, unshielded=true, dust=false
[11:07:18.097] INFO (17898): Wallet sync [298]: shielded=false, unshielded=true, dust=false
[11:07:18.193] INFO (17898): Wallet sync [299]: shielded=false, unshielded=true, dust=false
[11:07:18.261] INFO (17898): Wallet sync [300]: shielded=false, unshielded=true, dust=false
[11:07:18.324] INFO (17898): Wallet sync [301]: shielded=false, unshielded=true, dust=false
[11:07:18.387] INFO (17898): Wallet sync [302]: shielded=false, unshielded=true, dust=false
[11:07:18.455] INFO (17898): Wallet sync [303]: shielded=false, unshielded=true, dust=false
[11:07:18.507] INFO (17898): Wallet sync [304]: shielded=false, unshielded=true, dust=false
[11:07:18.588] INFO (17898): Wallet sync [305]: shielded=false, unshielded=true, dust=false
[11:07:18.655] INFO (17898): Wallet sync [306]: shielded=false, unshielded=true, dust=false
[11:07:18.733] INFO (17898): Wallet sync [307]: shielded=false, unshielded=true, dust=false
[11:07:18.793] INFO (17898): Wallet sync [308]: shielded=false, unshielded=true, dust=false
[11:07:18.839] INFO (17898): Wallet sync [309]: shielded=false, unshielded=true, dust=false
[11:07:18.895] INFO (17898): Wallet sync [310]: shielded=false, unshielded=true, dust=false
[11:07:18.933] INFO (17898): Wallet sync [311]: shielded=false, unshielded=true, dust=false
[11:07:18.994] INFO (17898): Wallet sync [312]: shielded=false, unshielded=true, dust=false
[11:07:19.070] INFO (17898): Wallet sync [313]: shielded=false, unshielded=true, dust=false
[11:07:19.155] INFO (17898): Wallet sync [314]: shielded=false, unshielded=true, dust=false
[11:07:19.224] INFO (17898): Wallet sync [315]: shielded=false, unshielded=true, dust=false
[11:07:19.280] INFO (17898): Wallet sync [316]: shielded=false, unshielded=true, dust=false
[11:07:19.348] INFO (17898): Wallet sync [317]: shielded=false, unshielded=true, dust=false
[11:07:19.408] INFO (17898): Wallet sync [318]: shielded=false, unshielded=true, dust=false
[11:07:19.475] INFO (17898): Wallet sync [319]: shielded=false, unshielded=true, dust=false
[11:07:19.536] INFO (17898): Wallet sync [320]: shielded=false, unshielded=true, dust=false
[11:07:19.612] INFO (17898): Wallet sync [321]: shielded=false, unshielded=true, dust=false
[11:07:19.666] INFO (17898): Wallet sync [322]: shielded=false, unshielded=true, dust=false
[11:07:19.724] INFO (17898): Wallet sync [323]: shielded=false, unshielded=true, dust=false
[11:07:19.790] INFO (17898): Wallet sync [324]: shielded=false, unshielded=true, dust=false
[11:07:19.833] INFO (17898): Wallet sync [325]: shielded=false, unshielded=true, dust=false
[11:07:19.887] INFO (17898): Wallet sync [326]: shielded=false, unshielded=true, dust=false
[11:07:19.924] INFO (17898): Wallet sync [327]: shielded=false, unshielded=true, dust=false
[11:07:19.983] INFO (17898): Wallet sync [328]: shielded=false, unshielded=true, dust=false
[11:07:20.033] INFO (17898): Wallet sync [329]: shielded=false, unshielded=true, dust=false
[11:07:20.096] INFO (17898): Wallet sync [330]: shielded=false, unshielded=true, dust=false
[11:07:20.138] INFO (17898): Wallet sync [331]: shielded=false, unshielded=true, dust=false
[11:07:20.191] INFO (17898): Wallet sync [332]: shielded=false, unshielded=true, dust=false
[11:07:20.228] INFO (17898): Wallet sync [333]: shielded=false, unshielded=true, dust=false
[11:07:20.301] INFO (17898): Wallet sync [334]: shielded=false, unshielded=true, dust=false
[11:07:20.349] INFO (17898): Wallet sync [335]: shielded=false, unshielded=true, dust=false
[11:07:20.409] INFO (17898): Wallet sync [336]: shielded=false, unshielded=true, dust=false
[11:07:20.460] INFO (17898): Wallet sync [337]: shielded=false, unshielded=true, dust=false
[11:07:20.515] INFO (17898): Wallet sync [338]: shielded=false, unshielded=true, dust=false
[11:07:20.578] INFO (17898): Wallet sync [339]: shielded=false, unshielded=true, dust=false
[11:07:20.654] INFO (17898): Wallet sync [340]: shielded=false, unshielded=true, dust=false
[11:07:20.762] INFO (17898): Wallet sync [341]: shielded=false, unshielded=true, dust=false
[11:07:20.826] INFO (17898): Wallet sync [342]: shielded=false, unshielded=true, dust=false
[11:07:20.892] INFO (17898): Wallet sync [343]: shielded=false, unshielded=true, dust=false
[11:07:20.953] INFO (17898): Wallet sync [344]: shielded=false, unshielded=true, dust=false
[11:07:21.022] INFO (17898): Wallet sync [345]: shielded=false, unshielded=true, dust=false
[11:07:21.081] INFO (17898): Wallet sync [346]: shielded=false, unshielded=true, dust=false
[11:07:21.150] INFO (17898): Wallet sync [347]: shielded=false, unshielded=true, dust=false
[11:07:21.212] INFO (17898): Wallet sync [348]: shielded=false, unshielded=true, dust=false
[11:07:21.304] INFO (17898): Wallet sync [349]: shielded=false, unshielded=true, dust=false
[11:07:21.356] INFO (17898): Wallet sync [350]: shielded=false, unshielded=true, dust=false
[11:07:21.422] INFO (17898): Wallet sync [351]: shielded=false, unshielded=true, dust=false
[11:07:21.479] INFO (17898): Wallet sync [352]: shielded=false, unshielded=true, dust=false
[11:07:21.542] INFO (17898): Wallet sync [353]: shielded=false, unshielded=true, dust=false
[11:07:21.613] INFO (17898): Wallet sync [354]: shielded=false, unshielded=true, dust=false
[11:07:21.681] INFO (17898): Wallet sync [355]: shielded=false, unshielded=true, dust=false
[11:07:21.735] INFO (17898): Wallet sync [356]: shielded=false, unshielded=true, dust=false
[11:07:21.806] INFO (17898): Wallet sync [357]: shielded=false, unshielded=true, dust=false
[11:07:21.868] INFO (17898): Wallet sync [358]: shielded=false, unshielded=true, dust=false
[11:07:21.939] INFO (17898): Wallet sync [359]: shielded=false, unshielded=true, dust=false
[11:07:22.002] INFO (17898): Wallet sync [360]: shielded=false, unshielded=true, dust=false
[11:07:22.067] INFO (17898): Wallet sync [361]: shielded=false, unshielded=true, dust=false
[11:07:22.123] INFO (17898): Wallet sync [362]: shielded=false, unshielded=true, dust=false
[11:07:22.183] INFO (17898): Wallet sync [363]: shielded=false, unshielded=true, dust=false
[11:07:22.242] INFO (17898): Wallet sync [364]: shielded=false, unshielded=true, dust=false
[11:07:22.303] INFO (17898): Wallet sync [365]: shielded=false, unshielded=true, dust=false
[11:07:22.362] INFO (17898): Wallet sync [366]: shielded=false, unshielded=true, dust=false
[11:07:22.438] INFO (17898): Wallet sync [367]: shielded=false, unshielded=true, dust=false
[11:07:22.495] INFO (17898): Wallet sync [368]: shielded=false, unshielded=true, dust=false
[11:07:22.553] INFO (17898): Wallet sync [369]: shielded=false, unshielded=true, dust=false
[11:07:22.611] INFO (17898): Wallet sync [370]: shielded=false, unshielded=true, dust=false
[11:07:22.657] INFO (17898): Wallet sync [371]: shielded=false, unshielded=true, dust=false
[11:07:22.725] INFO (17898): Wallet sync [372]: shielded=false, unshielded=true, dust=false
[11:07:22.792] INFO (17898): Wallet sync [373]: shielded=false, unshielded=true, dust=false
[11:07:22.854] INFO (17898): Wallet sync [374]: shielded=false, unshielded=true, dust=false
[11:07:22.920] INFO (17898): Wallet sync [375]: shielded=false, unshielded=true, dust=false
[11:07:22.976] INFO (17898): Wallet sync [376]: shielded=false, unshielded=true, dust=false
[11:07:23.047] INFO (17898): Wallet sync [377]: shielded=false, unshielded=true, dust=false
[11:07:23.109] INFO (17898): Wallet sync [378]: shielded=false, unshielded=true, dust=false
[11:07:23.181] INFO (17898): Wallet sync [379]: shielded=false, unshielded=true, dust=false
[11:07:23.236] INFO (17898): Wallet sync [380]: shielded=false, unshielded=true, dust=false
[11:07:23.316] INFO (17898): Wallet sync [381]: shielded=false, unshielded=true, dust=false
[11:07:23.378] INFO (17898): Wallet sync [382]: shielded=false, unshielded=true, dust=false
[11:07:23.443] INFO (17898): Wallet sync [383]: shielded=false, unshielded=true, dust=false
[11:07:23.511] INFO (17898): Wallet sync [384]: shielded=false, unshielded=true, dust=false
[11:07:23.612] INFO (17898): Wallet sync [385]: shielded=false, unshielded=true, dust=false
[11:07:23.668] INFO (17898): Wallet sync [386]: shielded=false, unshielded=true, dust=false
[11:07:23.737] INFO (17898): Wallet sync [387]: shielded=false, unshielded=true, dust=false
[11:07:23.798] INFO (17898): Wallet sync [388]: shielded=false, unshielded=true, dust=false
[11:07:23.868] INFO (17898): Wallet sync [389]: shielded=false, unshielded=true, dust=false
[11:07:23.925] INFO (17898): Wallet sync [390]: shielded=false, unshielded=true, dust=false
[11:07:23.993] INFO (17898): Wallet sync [391]: shielded=false, unshielded=true, dust=false
[11:07:24.063] INFO (17898): Wallet sync [392]: shielded=false, unshielded=true, dust=false
[11:07:24.132] INFO (17898): Wallet sync [393]: shielded=false, unshielded=true, dust=false
[11:07:24.188] INFO (17898): Wallet sync [394]: shielded=false, unshielded=true, dust=false
[11:07:24.235] INFO (17898): Wallet sync [395]: shielded=false, unshielded=true, dust=false
[11:07:24.301] INFO (17898): Wallet sync [396]: shielded=false, unshielded=true, dust=false
[11:07:24.373] INFO (17898): Wallet sync [397]: shielded=false, unshielded=true, dust=false
[11:07:24.426] INFO (17898): Wallet sync [398]: shielded=false, unshielded=true, dust=false
[11:07:24.489] INFO (17898): Wallet sync [399]: shielded=false, unshielded=true, dust=false
[11:07:24.546] INFO (17898): Wallet sync [400]: shielded=false, unshielded=true, dust=false
[11:07:24.615] INFO (17898): Wallet sync [401]: shielded=false, unshielded=true, dust=false
[11:07:24.680] INFO (17898): Wallet sync [402]: shielded=false, unshielded=true, dust=false
[11:07:24.751] INFO (17898): Wallet sync [403]: shielded=false, unshielded=true, dust=false
[11:07:24.805] INFO (17898): Wallet sync [404]: shielded=false, unshielded=true, dust=false
[11:07:24.884] INFO (17898): Wallet sync [405]: shielded=false, unshielded=true, dust=false
[11:07:24.947] INFO (17898): Wallet sync [406]: shielded=false, unshielded=true, dust=false
[11:07:25.010] INFO (17898): Wallet sync [407]: shielded=false, unshielded=true, dust=false
[11:07:25.069] INFO (17898): Wallet sync [408]: shielded=false, unshielded=true, dust=false
[11:07:25.141] INFO (17898): Wallet sync [409]: shielded=false, unshielded=true, dust=false
[11:07:25.204] INFO (17898): Wallet sync [410]: shielded=false, unshielded=true, dust=false
[11:07:25.282] INFO (17898): Wallet sync [411]: shielded=false, unshielded=true, dust=false
[11:07:25.339] INFO (17898): Wallet sync [412]: shielded=false, unshielded=true, dust=false
[11:07:25.426] INFO (17898): Wallet sync [413]: shielded=false, unshielded=true, dust=false
[11:07:25.487] INFO (17898): Wallet sync [414]: shielded=false, unshielded=true, dust=false
[11:07:25.556] INFO (17898): Wallet sync [415]: shielded=false, unshielded=true, dust=false
[11:07:25.611] INFO (17898): Wallet sync [416]: shielded=false, unshielded=true, dust=false
[11:07:25.684] INFO (17898): Wallet sync [417]: shielded=false, unshielded=true, dust=false
[11:07:25.743] INFO (17898): Wallet sync [418]: shielded=false, unshielded=true, dust=false
[11:07:25.818] INFO (17898): Wallet sync [419]: shielded=false, unshielded=true, dust=false
[11:07:25.881] INFO (17898): Wallet sync [420]: shielded=false, unshielded=true, dust=false
[11:07:25.895] INFO (17898): Wallet sync [421]: shielded=false, unshielded=true, dust=false
[11:07:25.956] INFO (17898): Wallet sync [422]: shielded=false, unshielded=true, dust=false
[11:07:26.009] INFO (17898): Wallet sync [423]: shielded=false, unshielded=true, dust=false
[11:07:26.080] INFO (17898): Wallet sync [424]: shielded=false, unshielded=true, dust=false
[11:07:26.138] INFO (17898): Wallet sync [425]: shielded=false, unshielded=true, dust=false
[11:07:26.218] INFO (17898): Wallet sync [426]: shielded=false, unshielded=true, dust=false
[11:07:26.299] INFO (17898): Wallet sync [427]: shielded=false, unshielded=true, dust=false
[11:07:26.383] INFO (17898): Wallet sync [428]: shielded=false, unshielded=true, dust=false
[11:07:26.443] INFO (17898): Wallet sync [429]: shielded=false, unshielded=true, dust=false
[11:07:26.510] INFO (17898): Wallet sync [430]: shielded=false, unshielded=true, dust=false
[11:07:26.594] INFO (17898): Wallet sync [431]: shielded=false, unshielded=true, dust=false
[11:07:26.670] INFO (17898): Wallet sync [432]: shielded=false, unshielded=true, dust=false
[11:07:26.736] INFO (17898): Wallet sync [433]: shielded=false, unshielded=true, dust=false
[11:07:26.798] INFO (17898): Wallet sync [434]: shielded=false, unshielded=true, dust=false
[11:07:26.852] INFO (17898): Wallet sync [435]: shielded=false, unshielded=true, dust=false
[11:07:26.923] INFO (17898): Wallet sync [436]: shielded=false, unshielded=true, dust=false
[11:07:26.987] INFO (17898): Wallet sync [437]: shielded=false, unshielded=true, dust=false
[11:07:27.064] INFO (17898): Wallet sync [438]: shielded=false, unshielded=true, dust=false
[11:07:27.121] INFO (17898): Wallet sync [439]: shielded=false, unshielded=true, dust=false
[11:07:27.183] INFO (17898): Wallet sync [440]: shielded=false, unshielded=true, dust=false
[11:07:27.242] INFO (17898): Wallet sync [441]: shielded=false, unshielded=true, dust=false
[11:07:27.288] INFO (17898): Wallet sync [442]: shielded=false, unshielded=true, dust=false
[11:07:27.345] INFO (17898): Wallet sync [443]: shielded=false, unshielded=true, dust=false
[11:07:27.383] INFO (17898): Wallet sync [444]: shielded=false, unshielded=true, dust=false
[11:07:27.444] INFO (17898): Wallet sync [445]: shielded=false, unshielded=true, dust=false
[11:07:27.515] INFO (17898): Wallet sync [446]: shielded=false, unshielded=true, dust=false
[11:07:27.568] INFO (17898): Wallet sync [447]: shielded=false, unshielded=true, dust=false
[11:07:27.628] INFO (17898): Wallet sync [448]: shielded=false, unshielded=true, dust=false
[11:07:27.684] INFO (17898): Wallet sync [449]: shielded=false, unshielded=true, dust=false
[11:07:27.725] INFO (17898): Wallet sync [450]: shielded=false, unshielded=true, dust=false
[11:07:27.794] INFO (17898): Wallet sync [451]: shielded=false, unshielded=true, dust=false
[11:07:27.838] INFO (17898): Wallet sync [452]: shielded=false, unshielded=true, dust=false
[11:07:27.896] INFO (17898): Wallet sync [453]: shielded=false, unshielded=true, dust=false
[11:07:27.962] INFO (17898): Wallet sync [454]: shielded=false, unshielded=true, dust=false
[11:07:28.024] INFO (17898): Wallet sync [455]: shielded=false, unshielded=true, dust=false
[11:07:28.095] INFO (17898): Wallet sync [456]: shielded=false, unshielded=true, dust=false
[11:07:28.159] INFO (17898): Wallet sync [457]: shielded=false, unshielded=true, dust=false
[11:07:28.229] INFO (17898): Wallet sync [458]: shielded=false, unshielded=true, dust=false
[11:07:28.289] INFO (17898): Wallet sync [459]: shielded=false, unshielded=true, dust=false
[11:07:28.343] INFO (17898): Wallet sync [460]: shielded=false, unshielded=true, dust=false
[11:07:28.401] INFO (17898): Wallet sync [461]: shielded=false, unshielded=true, dust=false
[11:07:28.461] INFO (17898): Wallet sync [462]: shielded=false, unshielded=true, dust=false
[11:07:28.522] INFO (17898): Wallet sync [463]: shielded=false, unshielded=true, dust=false
[11:07:28.589] INFO (17898): Wallet sync [464]: shielded=false, unshielded=true, dust=false
[11:07:28.647] INFO (17898): Wallet sync [465]: shielded=false, unshielded=true, dust=false
[11:07:28.696] INFO (17898): Wallet sync [466]: shielded=false, unshielded=true, dust=false
[11:07:28.757] INFO (17898): Wallet sync [467]: shielded=false, unshielded=true, dust=false
[11:07:28.815] INFO (17898): Wallet sync [468]: shielded=false, unshielded=true, dust=false
[11:07:28.898] INFO (17898): Wallet sync [469]: shielded=false, unshielded=true, dust=false
[11:07:28.962] INFO (17898): Wallet sync [470]: shielded=false, unshielded=true, dust=false
[11:07:29.016] INFO (17898): Wallet sync [471]: shielded=false, unshielded=true, dust=false
[11:07:29.079] INFO (17898): Wallet sync [472]: shielded=false, unshielded=true, dust=false
[11:07:29.141] INFO (17898): Wallet sync [473]: shielded=false, unshielded=true, dust=false
[11:07:29.241] INFO (17898): Wallet sync [474]: shielded=false, unshielded=true, dust=false
[11:07:29.305] INFO (17898): Wallet sync [475]: shielded=false, unshielded=true, dust=false
[11:07:29.370] INFO (17898): Wallet sync [476]: shielded=false, unshielded=true, dust=false
[11:07:29.425] INFO (17898): Wallet sync [477]: shielded=false, unshielded=true, dust=false
[11:07:29.484] INFO (17898): Wallet sync [478]: shielded=false, unshielded=true, dust=false
[11:07:29.549] INFO (17898): Wallet sync [479]: shielded=false, unshielded=true, dust=false
[11:07:29.614] INFO (17898): Wallet sync [480]: shielded=false, unshielded=true, dust=false
[11:07:29.674] INFO (17898): Wallet sync [481]: shielded=false, unshielded=true, dust=false
[11:07:29.719] INFO (17898): Wallet sync [482]: shielded=false, unshielded=true, dust=false
[11:07:29.776] INFO (17898): Wallet sync [483]: shielded=false, unshielded=true, dust=false
[11:07:29.832] INFO (17898): Wallet sync [484]: shielded=false, unshielded=true, dust=false
[11:07:29.892] INFO (17898): Wallet sync [485]: shielded=false, unshielded=true, dust=false
[11:07:29.958] INFO (17898): Wallet sync [486]: shielded=false, unshielded=true, dust=false
[11:07:30.015] INFO (17898): Wallet sync [487]: shielded=false, unshielded=true, dust=false
[11:07:30.080] INFO (17898): Wallet sync [488]: shielded=false, unshielded=true, dust=false
[11:07:30.141] INFO (17898): Wallet sync [489]: shielded=false, unshielded=true, dust=false
[11:07:30.213] INFO (17898): Wallet sync [490]: shielded=false, unshielded=true, dust=false
[11:07:30.272] INFO (17898): Wallet sync [491]: shielded=false, unshielded=true, dust=false
[11:07:30.348] INFO (17898): Wallet sync [492]: shielded=false, unshielded=true, dust=false
[11:07:30.412] INFO (17898): Wallet sync [493]: shielded=false, unshielded=true, dust=false
[11:07:30.483] INFO (17898): Wallet sync [494]: shielded=false, unshielded=true, dust=false
[11:07:30.538] INFO (17898): Wallet sync [495]: shielded=false, unshielded=true, dust=false
[11:07:30.604] INFO (17898): Wallet sync [496]: shielded=false, unshielded=true, dust=false
[11:07:30.663] INFO (17898): Wallet sync [497]: shielded=false, unshielded=true, dust=false
[11:07:30.733] INFO (17898): Wallet sync [498]: shielded=false, unshielded=true, dust=false
[11:07:30.799] INFO (17898): Wallet sync [499]: shielded=false, unshielded=true, dust=false
[11:07:30.865] INFO (17898): Wallet sync [500]: shielded=false, unshielded=true, dust=false
[11:07:30.920] INFO (17898): Wallet sync [501]: shielded=false, unshielded=true, dust=false
[11:07:30.984] INFO (17898): Wallet sync [502]: shielded=false, unshielded=true, dust=false
[11:07:31.048] INFO (17898): Wallet sync [503]: shielded=false, unshielded=true, dust=false
[11:07:31.118] INFO (17898): Wallet sync [504]: shielded=false, unshielded=true, dust=false
[11:07:31.179] INFO (17898): Wallet sync [505]: shielded=false, unshielded=true, dust=false
[11:07:31.269] INFO (17898): Wallet sync [506]: shielded=false, unshielded=true, dust=false
[11:07:31.332] INFO (17898): Wallet sync [507]: shielded=false, unshielded=true, dust=false
[11:07:31.398] INFO (17898): Wallet sync [508]: shielded=false, unshielded=true, dust=false
[11:07:31.458] INFO (17898): Wallet sync [509]: shielded=false, unshielded=true, dust=false
[11:07:31.534] INFO (17898): Wallet sync [510]: shielded=false, unshielded=true, dust=false
[11:07:31.595] INFO (17898): Wallet sync [511]: shielded=false, unshielded=true, dust=false
[11:07:31.676] INFO (17898): Wallet sync [512]: shielded=false, unshielded=true, dust=false
[11:07:31.738] INFO (17898): Wallet sync [513]: shielded=false, unshielded=true, dust=false
[11:07:31.801] INFO (17898): Wallet sync [514]: shielded=false, unshielded=true, dust=false
[11:07:31.862] INFO (17898): Wallet sync [515]: shielded=false, unshielded=true, dust=false
[11:07:31.949] INFO (17898): Wallet sync [516]: shielded=false, unshielded=true, dust=false
[11:07:32.027] INFO (17898): Wallet sync [517]: shielded=false, unshielded=true, dust=false
[11:07:32.095] INFO (17898): Wallet sync [518]: shielded=false, unshielded=true, dust=false
[11:07:32.150] INFO (17898): Wallet sync [519]: shielded=false, unshielded=true, dust=false
[11:07:32.198] INFO (17898): Wallet sync [520]: shielded=false, unshielded=true, dust=false
[11:07:32.257] INFO (17898): Wallet sync [521]: shielded=false, unshielded=true, dust=false
[11:07:32.297] INFO (17898): Wallet sync [522]: shielded=false, unshielded=true, dust=false
[11:07:32.357] INFO (17898): Wallet sync [523]: shielded=false, unshielded=true, dust=false
[11:07:32.397] INFO (17898): Wallet sync [524]: shielded=false, unshielded=true, dust=false
[11:07:32.451] INFO (17898): Wallet sync [525]: shielded=false, unshielded=true, dust=false
[11:07:32.508] INFO (17898): Wallet sync [526]: shielded=false, unshielded=true, dust=false
[11:07:32.575] INFO (17898): Wallet sync [527]: shielded=false, unshielded=true, dust=false
[11:07:32.645] INFO (17898): Wallet sync [528]: shielded=false, unshielded=true, dust=false
[11:07:32.703] INFO (17898): Wallet sync [529]: shielded=false, unshielded=true, dust=false
[11:07:32.780] INFO (17898): Wallet sync [530]: shielded=false, unshielded=true, dust=false
[11:07:32.836] INFO (17898): Wallet sync [531]: shielded=false, unshielded=true, dust=false
[11:07:32.923] INFO (17898): Wallet sync [532]: shielded=false, unshielded=true, dust=false
[11:07:32.980] INFO (17898): Wallet sync [533]: shielded=false, unshielded=true, dust=false
[11:07:33.071] INFO (17898): Wallet sync [534]: shielded=false, unshielded=true, dust=false
[11:07:33.133] INFO (17898): Wallet sync [535]: shielded=false, unshielded=true, dust=false
[11:07:33.190] INFO (17898): Wallet sync [536]: shielded=false, unshielded=true, dust=false
[11:07:33.247] INFO (17898): Wallet sync [537]: shielded=false, unshielded=true, dust=false
[11:07:33.326] INFO (17898): Wallet sync [538]: shielded=false, unshielded=true, dust=false
[11:07:33.383] INFO (17898): Wallet sync [539]: shielded=false, unshielded=true, dust=false
[11:07:33.442] INFO (17898): Wallet sync [540]: shielded=false, unshielded=true, dust=false
[11:07:33.503] INFO (17898): Wallet sync [541]: shielded=false, unshielded=true, dust=false
[11:07:33.551] INFO (17898): Wallet sync [542]: shielded=false, unshielded=true, dust=false
[11:07:33.602] INFO (17898): Wallet sync [543]: shielded=false, unshielded=true, dust=false
[11:07:33.645] INFO (17898): Wallet sync [544]: shielded=false, unshielded=true, dust=false
[11:07:33.704] INFO (17898): Wallet sync [545]: shielded=false, unshielded=true, dust=false
[11:07:33.764] INFO (17898): Wallet sync [546]: shielded=false, unshielded=true, dust=false
[11:07:33.849] INFO (17898): Wallet sync [547]: shielded=false, unshielded=true, dust=false
[11:07:33.912] INFO (17898): Wallet sync [548]: shielded=false, unshielded=true, dust=false
[11:07:33.969] INFO (17898): Wallet sync [549]: shielded=false, unshielded=true, dust=false
[11:07:34.031] INFO (17898): Wallet sync [550]: shielded=false, unshielded=true, dust=false
[11:07:34.093] INFO (17898): Wallet sync [551]: shielded=false, unshielded=true, dust=false
[11:07:34.154] INFO (17898): Wallet sync [552]: shielded=false, unshielded=true, dust=false
[11:07:34.213] INFO (17898): Wallet sync [553]: shielded=false, unshielded=true, dust=false
[11:07:34.272] INFO (17898): Wallet sync [554]: shielded=false, unshielded=true, dust=false
[11:07:34.347] INFO (17898): Wallet sync [555]: shielded=false, unshielded=true, dust=false
[11:07:34.411] INFO (17898): Wallet sync [556]: shielded=false, unshielded=true, dust=false
[11:07:34.467] INFO (17898): Wallet sync [557]: shielded=false, unshielded=true, dust=false
[11:07:34.526] INFO (17898): Wallet sync [558]: shielded=false, unshielded=true, dust=false
[11:07:34.585] INFO (17898): Wallet sync [559]: shielded=false, unshielded=true, dust=false
[11:07:34.625] INFO (17898): Wallet sync [560]: shielded=false, unshielded=true, dust=false
[11:07:34.695] INFO (17898): Wallet sync [561]: shielded=false, unshielded=true, dust=false
[11:07:34.796] INFO (17898): Wallet sync [562]: shielded=false, unshielded=true, dust=false
[11:07:34.855] INFO (17898): Wallet sync [563]: shielded=false, unshielded=true, dust=false
[11:07:34.935] INFO (17898): Wallet sync [564]: shielded=false, unshielded=true, dust=false
[11:07:35.033] INFO (17898): Wallet sync [565]: shielded=false, unshielded=true, dust=false
[11:07:35.085] INFO (17898): Wallet sync [566]: shielded=false, unshielded=true, dust=false
[11:07:35.173] INFO (17898): Wallet sync [567]: shielded=false, unshielded=true, dust=false
[11:07:35.229] INFO (17898): Wallet sync [568]: shielded=false, unshielded=true, dust=false
[11:07:35.301] INFO (17898): Wallet sync [569]: shielded=false, unshielded=true, dust=false
[11:07:35.346] INFO (17898): Wallet sync [570]: shielded=false, unshielded=true, dust=false
[11:07:35.407] INFO (17898): Wallet sync [571]: shielded=false, unshielded=true, dust=false
[11:07:35.446] INFO (17898): Wallet sync [572]: shielded=false, unshielded=true, dust=false
[11:07:35.501] INFO (17898): Wallet sync [573]: shielded=false, unshielded=true, dust=false
[11:07:35.560] INFO (17898): Wallet sync [574]: shielded=false, unshielded=true, dust=false
[11:07:35.622] INFO (17898): Wallet sync [575]: shielded=false, unshielded=true, dust=false
[11:07:35.692] INFO (17898): Wallet sync [576]: shielded=false, unshielded=true, dust=false
[11:07:35.752] INFO (17898): Wallet sync [577]: shielded=false, unshielded=true, dust=false
[11:07:35.791] INFO (17898): Wallet sync [578]: shielded=false, unshielded=true, dust=false
[11:07:35.845] INFO (17898): Wallet sync [579]: shielded=false, unshielded=true, dust=false
[11:07:35.883] INFO (17898): Wallet sync [580]: shielded=false, unshielded=true, dust=false
[11:07:35.938] INFO (17898): Wallet sync [581]: shielded=false, unshielded=true, dust=false
[11:07:35.984] INFO (17898): Wallet sync [582]: shielded=false, unshielded=true, dust=false
[11:07:36.042] INFO (17898): Wallet sync [583]: shielded=false, unshielded=true, dust=false
[11:07:36.079] INFO (17898): Wallet sync [584]: shielded=false, unshielded=true, dust=false
[11:07:36.143] INFO (17898): Wallet sync [585]: shielded=false, unshielded=true, dust=false
[11:07:36.183] INFO (17898): Wallet sync [586]: shielded=false, unshielded=true, dust=false
[11:07:36.240] INFO (17898): Wallet sync [587]: shielded=false, unshielded=true, dust=false
[11:07:36.285] INFO (17898): Wallet sync [588]: shielded=false, unshielded=true, dust=false
[11:07:36.347] INFO (17898): Wallet sync [589]: shielded=false, unshielded=true, dust=false
[11:07:36.422] INFO (17898): Wallet sync [590]: shielded=false, unshielded=true, dust=false
[11:07:36.474] INFO (17898): Wallet sync [591]: shielded=false, unshielded=true, dust=false
[11:07:36.533] INFO (17898): Wallet sync [592]: shielded=false, unshielded=true, dust=false
[11:07:36.590] INFO (17898): Wallet sync [593]: shielded=false, unshielded=true, dust=false
[11:07:36.647] INFO (17898): Wallet sync [594]: shielded=false, unshielded=true, dust=false
[11:07:36.711] INFO (17898): Wallet sync [595]: shielded=false, unshielded=true, dust=false
[11:07:36.785] INFO (17898): Wallet sync [596]: shielded=false, unshielded=true, dust=false
[11:07:36.839] INFO (17898): Wallet sync [597]: shielded=false, unshielded=true, dust=false
[11:07:36.919] INFO (17898): Wallet sync [598]: shielded=false, unshielded=true, dust=false
[11:07:36.984] INFO (17898): Wallet sync [599]: shielded=false, unshielded=true, dust=false
[11:07:37.068] INFO (17898): Wallet sync [600]: shielded=false, unshielded=true, dust=false
[11:07:37.127] INFO (17898): Wallet sync [601]: shielded=false, unshielded=true, dust=false
[11:07:37.199] INFO (17898): Wallet sync [602]: shielded=false, unshielded=true, dust=false
[11:07:37.256] INFO (17898): Wallet sync [603]: shielded=false, unshielded=true, dust=false
[11:07:37.332] INFO (17898): Wallet sync [604]: shielded=false, unshielded=true, dust=false
[11:07:37.389] INFO (17898): Wallet sync [605]: shielded=false, unshielded=true, dust=false
[11:07:37.461] INFO (17898): Wallet sync [606]: shielded=false, unshielded=true, dust=false
[11:07:37.544] INFO (17898): Wallet sync [607]: shielded=false, unshielded=true, dust=false
[11:07:37.584] INFO (17898): Wallet sync [608]: shielded=false, unshielded=true, dust=false
[11:07:37.638] INFO (17898): Wallet sync [609]: shielded=false, unshielded=true, dust=false
[11:07:37.680] INFO (17898): Wallet sync [610]: shielded=false, unshielded=true, dust=false
[11:07:37.738] INFO (17898): Wallet sync [611]: shielded=false, unshielded=true, dust=false
[11:07:37.775] INFO (17898): Wallet sync [612]: shielded=false, unshielded=true, dust=false
[11:07:37.840] INFO (17898): Wallet sync [613]: shielded=false, unshielded=true, dust=false
[11:07:37.909] INFO (17898): Wallet sync [614]: shielded=false, unshielded=true, dust=false
[11:07:37.969] INFO (17898): Wallet sync [615]: shielded=false, unshielded=true, dust=false
[11:07:38.017] INFO (17898): Wallet sync [616]: shielded=false, unshielded=true, dust=false
[11:07:38.072] INFO (17898): Wallet sync [617]: shielded=false, unshielded=true, dust=false
[11:07:38.109] INFO (17898): Wallet sync [618]: shielded=false, unshielded=true, dust=false
[11:07:38.169] INFO (17898): Wallet sync [619]: shielded=false, unshielded=true, dust=false
[11:07:38.208] INFO (17898): Wallet sync [620]: shielded=false, unshielded=true, dust=false
[11:07:38.261] INFO (17898): Wallet sync [621]: shielded=false, unshielded=true, dust=false
[11:07:38.305] INFO (17898): Wallet sync [622]: shielded=false, unshielded=true, dust=false
[11:07:38.398] INFO (17898): Wallet sync [623]: shielded=false, unshielded=true, dust=false
[11:07:38.455] INFO (17898): Wallet sync [624]: shielded=false, unshielded=true, dust=false
[11:07:38.513] INFO (17898): Wallet sync [625]: shielded=false, unshielded=true, dust=false
[11:07:38.553] INFO (17898): Wallet sync [626]: shielded=false, unshielded=true, dust=false
[11:07:38.607] INFO (17898): Wallet sync [627]: shielded=false, unshielded=true, dust=false
[11:07:38.645] INFO (17898): Wallet sync [628]: shielded=false, unshielded=true, dust=false
[11:07:38.702] INFO (17898): Wallet sync [629]: shielded=false, unshielded=true, dust=false
[11:07:38.766] INFO (17898): Wallet sync [630]: shielded=false, unshielded=true, dust=false
[11:07:38.825] INFO (17898): Wallet sync [631]: shielded=false, unshielded=true, dust=false
[11:07:38.865] INFO (17898): Wallet sync [632]: shielded=false, unshielded=true, dust=false
[11:07:38.923] INFO (17898): Wallet sync [633]: shielded=false, unshielded=true, dust=false
[11:07:38.991] INFO (17898): Wallet sync [634]: shielded=false, unshielded=true, dust=false
[11:07:39.049] INFO (17898): Wallet sync [635]: shielded=false, unshielded=true, dust=false
[11:07:39.115] INFO (17898): Wallet sync [636]: shielded=false, unshielded=true, dust=false
[11:07:39.175] INFO (17898): Wallet sync [637]: shielded=false, unshielded=true, dust=false
[11:07:39.235] INFO (17898): Wallet sync [638]: shielded=false, unshielded=true, dust=false
[11:07:39.288] INFO (17898): Wallet sync [639]: shielded=false, unshielded=true, dust=false
[11:07:39.547] INFO (17898): Wallet sync [640]: shielded=false, unshielded=true, dust=false
[11:07:39.704] INFO (17898): Wallet sync [641]: shielded=false, unshielded=true, dust=false
[11:07:39.797] INFO (17898): Wallet sync [642]: shielded=false, unshielded=true, dust=false
[11:07:39.907] INFO (17898): Wallet sync [643]: shielded=false, unshielded=true, dust=false
[11:07:40.036] INFO (17898): Wallet sync [644]: shielded=false, unshielded=true, dust=false
[11:07:40.099] INFO (17898): Wallet sync [645]: shielded=false, unshielded=true, dust=false
[11:07:40.139] INFO (17898): Wallet sync [646]: shielded=false, unshielded=true, dust=false
[11:07:40.229] INFO (17898): Wallet sync [647]: shielded=false, unshielded=true, dust=false
[11:07:40.308] INFO (17898): Wallet sync [648]: shielded=false, unshielded=true, dust=false
[11:07:40.382] INFO (17898): Wallet sync [649]: shielded=false, unshielded=true, dust=false
[11:07:40.485] INFO (17898): Wallet sync [650]: shielded=false, unshielded=true, dust=false
[11:07:40.555] INFO (17898): Wallet sync [651]: shielded=false, unshielded=true, dust=false
[11:07:40.608] INFO (17898): Wallet sync [652]: shielded=false, unshielded=true, dust=false
[11:07:40.688] INFO (17898): Wallet sync [653]: shielded=false, unshielded=true, dust=false
[11:07:40.764] INFO (17898): Wallet sync [654]: shielded=false, unshielded=true, dust=false
[11:07:40.840] INFO (17898): Wallet sync [655]: shielded=false, unshielded=true, dust=false
[11:07:40.881] INFO (17898): Wallet sync [656]: shielded=false, unshielded=true, dust=false
[11:07:40.940] INFO (17898): Wallet sync [657]: shielded=false, unshielded=true, dust=false
[11:07:41.007] INFO (17898): Wallet sync [658]: shielded=false, unshielded=true, dust=false
[11:07:41.072] INFO (17898): Wallet sync [659]: shielded=false, unshielded=true, dust=false
[11:07:41.159] INFO (17898): Wallet sync [660]: shielded=false, unshielded=true, dust=false
[11:07:41.273] INFO (17898): Wallet sync [661]: shielded=false, unshielded=true, dust=false
[11:07:41.446] INFO (17898): Wallet sync [662]: shielded=false, unshielded=true, dust=false
[11:07:41.573] INFO (17898): Wallet sync [663]: shielded=false, unshielded=true, dust=false
[11:07:41.730] INFO (17898): Wallet sync [664]: shielded=false, unshielded=true, dust=false
[11:07:41.838] INFO (17898): Wallet sync [665]: shielded=false, unshielded=true, dust=false
[11:07:41.962] INFO (17898): Wallet sync [666]: shielded=false, unshielded=true, dust=false
[11:07:42.089] INFO (17898): Wallet sync [667]: shielded=false, unshielded=true, dust=false
[11:07:42.146] INFO (17898): Wallet sync [668]: shielded=false, unshielded=true, dust=false
[11:07:42.206] INFO (17898): Wallet sync [669]: shielded=false, unshielded=true, dust=false
[11:07:42.257] INFO (17898): Wallet sync [670]: shielded=false, unshielded=true, dust=false
[11:07:42.329] INFO (17898): Wallet sync [671]: shielded=false, unshielded=true, dust=false
[11:07:42.386] INFO (17898): Wallet sync [672]: shielded=false, unshielded=true, dust=false
[11:07:42.446] INFO (17898): Wallet sync [673]: shielded=false, unshielded=true, dust=false
[11:07:42.486] INFO (17898): Wallet sync [674]: shielded=false, unshielded=true, dust=false
[11:07:42.546] INFO (17898): Wallet sync [675]: shielded=false, unshielded=true, dust=false
[11:07:42.585] INFO (17898): Wallet sync [676]: shielded=false, unshielded=true, dust=false
[11:07:42.640] INFO (17898): Wallet sync [677]: shielded=false, unshielded=true, dust=false
[11:07:42.699] INFO (17898): Wallet sync [678]: shielded=false, unshielded=true, dust=false
[11:07:42.758] INFO (17898): Wallet sync [679]: shielded=false, unshielded=true, dust=false
[11:07:42.831] INFO (17898): Wallet sync [680]: shielded=false, unshielded=true, dust=false
[11:07:42.898] INFO (17898): Wallet sync [681]: shielded=false, unshielded=true, dust=false
[11:07:42.979] INFO (17898): Wallet sync [682]: shielded=false, unshielded=true, dust=false
[11:07:43.057] INFO (17898): Wallet sync [683]: shielded=false, unshielded=true, dust=false
[11:07:43.127] INFO (17898): Wallet sync [684]: shielded=false, unshielded=true, dust=false
[11:07:43.190] INFO (17898): Wallet sync [685]: shielded=false, unshielded=true, dust=false
[11:07:43.271] INFO (17898): Wallet sync [686]: shielded=false, unshielded=true, dust=false
[11:07:43.332] INFO (17898): Wallet sync [687]: shielded=false, unshielded=true, dust=false
[11:07:43.399] INFO (17898): Wallet sync [688]: shielded=false, unshielded=true, dust=false
[11:07:43.452] INFO (17898): Wallet sync [689]: shielded=false, unshielded=true, dust=false
[11:07:43.517] INFO (17898): Wallet sync [690]: shielded=false, unshielded=true, dust=false
[11:07:43.580] INFO (17898): Wallet sync [691]: shielded=false, unshielded=true, dust=false
[11:07:43.648] INFO (17898): Wallet sync [692]: shielded=false, unshielded=true, dust=false
[11:07:43.710] INFO (17898): Wallet sync [693]: shielded=false, unshielded=true, dust=false
[11:07:43.770] INFO (17898): Wallet sync [694]: shielded=false, unshielded=true, dust=false
[11:07:43.827] INFO (17898): Wallet sync [695]: shielded=false, unshielded=true, dust=false
[11:07:43.894] INFO (17898): Wallet sync [696]: shielded=false, unshielded=true, dust=false
[11:07:43.952] INFO (17898): Wallet sync [697]: shielded=false, unshielded=true, dust=false
[11:07:43.996] INFO (17898): Wallet sync [698]: shielded=false, unshielded=true, dust=false
[11:07:44.071] INFO (17898): Wallet sync [699]: shielded=false, unshielded=true, dust=false
[11:07:44.150] INFO (17898): Wallet sync [700]: shielded=false, unshielded=true, dust=false
[11:07:44.201] INFO (17898): Wallet sync [701]: shielded=false, unshielded=true, dust=false
[11:07:44.270] INFO (17898): Wallet sync [702]: shielded=false, unshielded=true, dust=false
[11:07:44.366] INFO (17898): Wallet sync [703]: shielded=false, unshielded=true, dust=false
[11:07:44.444] INFO (17898): Wallet sync [704]: shielded=false, unshielded=true, dust=false
[11:07:44.524] INFO (17898): Wallet sync [705]: shielded=false, unshielded=true, dust=false
[11:07:44.593] INFO (17898): Wallet sync [706]: shielded=false, unshielded=true, dust=false
[11:07:44.652] INFO (17898): Wallet sync [707]: shielded=false, unshielded=true, dust=false
[11:07:44.726] INFO (17898): Wallet sync [708]: shielded=false, unshielded=true, dust=false
[11:07:44.818] INFO (17898): Wallet sync [709]: shielded=false, unshielded=true, dust=false
[11:07:44.889] INFO (17898): Wallet sync [710]: shielded=false, unshielded=true, dust=false
[11:07:44.994] INFO (17898): Wallet sync [711]: shielded=false, unshielded=true, dust=false
[11:07:45.098] INFO (17898): Wallet sync [712]: shielded=false, unshielded=true, dust=false
[11:07:45.162] INFO (17898): Wallet sync [713]: shielded=false, unshielded=true, dust=false
[11:07:45.225] INFO (17898): Wallet sync [714]: shielded=false, unshielded=true, dust=false
[11:07:45.294] INFO (17898): Wallet sync [715]: shielded=false, unshielded=true, dust=false
[11:07:45.383] INFO (17898): Wallet sync [716]: shielded=false, unshielded=true, dust=false
[11:07:45.443] INFO (17898): Wallet sync [717]: shielded=false, unshielded=true, dust=false
[11:07:45.507] INFO (17898): Wallet sync [718]: shielded=false, unshielded=true, dust=false
[11:07:45.585] INFO (17898): Wallet sync [719]: shielded=false, unshielded=true, dust=false
[11:07:45.652] INFO (17898): Wallet sync [720]: shielded=false, unshielded=true, dust=false
[11:07:45.728] INFO (17898): Wallet sync [721]: shielded=false, unshielded=true, dust=false
[11:07:45.807] INFO (17898): Wallet sync [722]: shielded=false, unshielded=true, dust=false
[11:07:45.870] INFO (17898): Wallet sync [723]: shielded=false, unshielded=true, dust=false
[11:07:45.915] INFO (17898): Wallet sync [724]: shielded=false, unshielded=true, dust=false
[11:07:45.967] INFO (17898): Wallet sync [725]: shielded=false, unshielded=true, dust=false
[11:07:46.023] INFO (17898): Wallet sync [726]: shielded=false, unshielded=true, dust=false
[11:07:46.083] INFO (17898): Wallet sync [727]: shielded=false, unshielded=true, dust=false
[11:07:46.163] INFO (17898): Wallet sync [728]: shielded=false, unshielded=true, dust=false
[11:07:46.242] INFO (17898): Wallet sync [729]: shielded=false, unshielded=true, dust=false
[11:07:46.342] INFO (17898): Wallet sync [730]: shielded=false, unshielded=true, dust=false
[11:07:46.414] INFO (17898): Wallet sync [731]: shielded=false, unshielded=true, dust=false
[11:07:46.465] INFO (17898): Wallet sync [732]: shielded=false, unshielded=true, dust=false
[11:07:46.530] INFO (17898): Wallet sync [733]: shielded=false, unshielded=true, dust=false
[11:07:46.572] INFO (17898): Wallet sync [734]: shielded=false, unshielded=true, dust=false
[11:07:46.630] INFO (17898): Wallet sync [735]: shielded=false, unshielded=true, dust=false
[11:07:46.672] INFO (17898): Wallet sync [736]: shielded=false, unshielded=true, dust=false
[11:07:46.724] INFO (17898): Wallet sync [737]: shielded=false, unshielded=true, dust=false
[11:07:46.766] INFO (17898): Wallet sync [738]: shielded=false, unshielded=true, dust=false
[11:07:46.836] INFO (17898): Wallet sync [739]: shielded=false, unshielded=true, dust=false
[11:07:46.896] INFO (17898): Wallet sync [740]: shielded=false, unshielded=true, dust=false
[11:07:46.954] INFO (17898): Wallet sync [741]: shielded=false, unshielded=true, dust=false
[11:07:47.024] INFO (17898): Wallet sync [742]: shielded=false, unshielded=true, dust=false
[11:07:47.080] INFO (17898): Wallet sync [743]: shielded=false, unshielded=true, dust=false
[11:07:47.144] INFO (17898): Wallet sync [744]: shielded=false, unshielded=true, dust=false
[11:07:47.204] INFO (17898): Wallet sync [745]: shielded=false, unshielded=true, dust=false
[11:07:47.272] INFO (17898): Wallet sync [746]: shielded=false, unshielded=true, dust=false
[11:07:47.339] INFO (17898): Wallet sync [747]: shielded=false, unshielded=true, dust=false
[11:07:47.405] INFO (17898): Wallet sync [748]: shielded=false, unshielded=true, dust=false
[11:07:47.458] INFO (17898): Wallet sync [749]: shielded=false, unshielded=true, dust=false
[11:07:47.541] INFO (17898): Wallet sync [750]: shielded=false, unshielded=true, dust=false
[11:07:47.609] INFO (17898): Wallet sync [751]: shielded=false, unshielded=true, dust=false
[11:07:47.675] INFO (17898): Wallet sync [752]: shielded=false, unshielded=true, dust=false
[11:07:47.732] INFO (17898): Wallet sync [753]: shielded=false, unshielded=true, dust=false
[11:07:47.798] INFO (17898): Wallet sync [754]: shielded=false, unshielded=true, dust=false
[11:07:47.857] INFO (17898): Wallet sync [755]: shielded=false, unshielded=true, dust=false
[11:07:47.931] INFO (17898): Wallet sync [756]: shielded=false, unshielded=true, dust=false
[11:07:48.009] INFO (17898): Wallet sync [757]: shielded=false, unshielded=true, dust=false
[11:07:48.096] INFO (17898): Wallet sync [758]: shielded=false, unshielded=true, dust=false
[11:07:48.153] INFO (17898): Wallet sync [759]: shielded=false, unshielded=true, dust=false
[11:07:48.224] INFO (17898): Wallet sync [760]: shielded=false, unshielded=true, dust=false
[11:07:48.286] INFO (17898): Wallet sync [761]: shielded=false, unshielded=true, dust=false
[11:07:48.380] INFO (17898): Wallet sync [762]: shielded=false, unshielded=true, dust=false
[11:07:48.456] INFO (17898): Wallet sync [763]: shielded=false, unshielded=true, dust=false
[11:07:48.542] INFO (17898): Wallet sync [764]: shielded=false, unshielded=true, dust=false
[11:07:48.596] INFO (17898): Wallet sync [765]: shielded=false, unshielded=true, dust=false
[11:07:48.697] INFO (17898): Wallet sync [766]: shielded=false, unshielded=true, dust=false
[11:07:48.762] INFO (17898): Wallet sync [767]: shielded=false, unshielded=true, dust=false
[11:07:48.835] INFO (17898): Wallet sync [768]: shielded=false, unshielded=true, dust=false
[11:07:48.897] INFO (17898): Wallet sync [769]: shielded=false, unshielded=true, dust=false
[11:07:48.941] INFO (17898): Wallet sync [770]: shielded=false, unshielded=true, dust=false
[11:07:49.001] INFO (17898): Wallet sync [771]: shielded=false, unshielded=true, dust=false
[11:07:49.062] INFO (17898): Wallet sync [772]: shielded=false, unshielded=true, dust=false
[11:07:49.121] INFO (17898): Wallet sync [773]: shielded=false, unshielded=true, dust=false
[11:07:49.190] INFO (17898): Wallet sync [774]: shielded=false, unshielded=true, dust=false
[11:07:49.246] INFO (17898): Wallet sync [775]: shielded=false, unshielded=true, dust=false
[11:07:49.326] INFO (17898): Wallet sync [776]: shielded=false, unshielded=true, dust=false
[11:07:49.401] INFO (17898): Wallet sync [777]: shielded=false, unshielded=true, dust=false
[11:07:49.463] INFO (17898): Wallet sync [778]: shielded=false, unshielded=true, dust=false
[11:07:49.523] INFO (17898): Wallet sync [779]: shielded=false, unshielded=true, dust=false
[11:07:49.597] INFO (17898): Wallet sync [780]: shielded=false, unshielded=true, dust=false
[11:07:49.656] INFO (17898): Wallet sync [781]: shielded=false, unshielded=true, dust=false
[11:07:49.725] INFO (17898): Wallet sync [782]: shielded=false, unshielded=true, dust=false
[11:07:49.778] INFO (17898): Wallet sync [783]: shielded=false, unshielded=true, dust=false
[11:07:49.841] INFO (17898): Wallet sync [784]: shielded=false, unshielded=true, dust=false
[11:07:49.902] INFO (17898): Wallet sync [785]: shielded=false, unshielded=true, dust=false
[11:07:49.969] INFO (17898): Wallet sync [786]: shielded=false, unshielded=true, dust=false
[11:07:50.028] INFO (17898): Wallet sync [787]: shielded=false, unshielded=true, dust=false
[11:07:50.095] INFO (17898): Wallet sync [788]: shielded=false, unshielded=true, dust=false
[11:07:50.148] INFO (17898): Wallet sync [789]: shielded=false, unshielded=true, dust=false
[11:07:50.217] INFO (17898): Wallet sync [790]: shielded=false, unshielded=true, dust=false
[11:07:50.283] INFO (17898): Wallet sync [791]: shielded=false, unshielded=true, dust=false
[11:07:50.359] INFO (17898): Wallet sync [792]: shielded=false, unshielded=true, dust=false
[11:07:50.416] INFO (17898): Wallet sync [793]: shielded=false, unshielded=true, dust=false
[11:07:50.486] INFO (17898): Wallet sync [794]: shielded=false, unshielded=true, dust=false
[11:07:50.547] INFO (17898): Wallet sync [795]: shielded=false, unshielded=true, dust=false
[11:07:50.616] INFO (17898): Wallet sync [796]: shielded=false, unshielded=true, dust=false
[11:07:50.675] INFO (17898): Wallet sync [797]: shielded=false, unshielded=true, dust=false
[11:07:50.742] INFO (17898): Wallet sync [798]: shielded=false, unshielded=true, dust=false
[11:07:50.797] INFO (17898): Wallet sync [799]: shielded=false, unshielded=true, dust=false
[11:07:50.856] INFO (17898): Wallet sync [800]: shielded=false, unshielded=true, dust=false
[11:07:50.912] INFO (17898): Wallet sync [801]: shielded=false, unshielded=true, dust=false
[11:07:50.974] INFO (17898): Wallet sync [802]: shielded=false, unshielded=true, dust=false
[11:07:51.032] INFO (17898): Wallet sync [803]: shielded=false, unshielded=true, dust=false
[11:07:51.093] INFO (17898): Wallet sync [804]: shielded=false, unshielded=true, dust=false
[11:07:51.179] INFO (17898): Wallet sync [805]: shielded=false, unshielded=true, dust=false
[11:07:51.258] INFO (17898): Wallet sync [806]: shielded=false, unshielded=true, dust=false
[11:07:51.317] INFO (17898): Wallet sync [807]: shielded=false, unshielded=true, dust=false
[11:07:51.383] INFO (17898): Wallet sync [808]: shielded=false, unshielded=true, dust=false
[11:07:51.443] INFO (17898): Wallet sync [809]: shielded=false, unshielded=true, dust=false
[11:07:51.511] INFO (17898): Wallet sync [810]: shielded=false, unshielded=true, dust=false
[11:07:51.568] INFO (17898): Wallet sync [811]: shielded=false, unshielded=true, dust=false
[11:07:51.634] INFO (17898): Wallet sync [812]: shielded=false, unshielded=true, dust=false
[11:07:51.689] INFO (17898): Wallet sync [813]: shielded=false, unshielded=true, dust=false
[11:07:51.759] INFO (17898): Wallet sync [814]: shielded=false, unshielded=true, dust=false
[11:07:51.830] INFO (17898): Wallet sync [815]: shielded=false, unshielded=true, dust=false
[11:07:51.901] INFO (17898): Wallet sync [816]: shielded=false, unshielded=true, dust=false
[11:07:51.962] INFO (17898): Wallet sync [817]: shielded=false, unshielded=true, dust=false
[11:07:52.023] INFO (17898): Wallet sync [818]: shielded=false, unshielded=true, dust=false
[11:07:52.078] INFO (17898): Wallet sync [819]: shielded=false, unshielded=true, dust=false
[11:07:52.143] INFO (17898): Wallet sync [820]: shielded=false, unshielded=true, dust=false
[11:07:52.204] INFO (17898): Wallet sync [821]: shielded=false, unshielded=true, dust=false
[11:07:52.279] INFO (17898): Wallet sync [822]: shielded=false, unshielded=true, dust=false
[11:07:52.335] INFO (17898): Wallet sync [823]: shielded=false, unshielded=true, dust=false
[11:07:52.395] INFO (17898): Wallet sync [824]: shielded=false, unshielded=true, dust=false
[11:07:52.453] INFO (17898): Wallet sync [825]: shielded=false, unshielded=true, dust=false
[11:07:52.521] INFO (17898): Wallet sync [826]: shielded=false, unshielded=true, dust=false
[11:07:52.580] INFO (17898): Wallet sync [827]: shielded=false, unshielded=true, dust=false
[11:07:52.647] INFO (17898): Wallet sync [828]: shielded=false, unshielded=true, dust=false
[11:07:52.709] INFO (17898): Wallet sync [829]: shielded=false, unshielded=true, dust=false
[11:07:52.771] INFO (17898): Wallet sync [830]: shielded=false, unshielded=true, dust=false
[11:07:52.825] INFO (17898): Wallet sync [831]: shielded=false, unshielded=true, dust=false
[11:07:52.886] INFO (17898): Wallet sync [832]: shielded=false, unshielded=true, dust=false
[11:07:52.951] INFO (17898): Wallet sync [833]: shielded=false, unshielded=true, dust=false
[11:07:53.025] INFO (17898): Wallet sync [834]: shielded=false, unshielded=true, dust=false
[11:07:53.082] INFO (17898): Wallet sync [835]: shielded=false, unshielded=true, dust=false
[11:07:53.155] INFO (17898): Wallet sync [836]: shielded=false, unshielded=true, dust=false
[11:07:53.229] INFO (17898): Wallet sync [837]: shielded=false, unshielded=true, dust=false
[11:07:53.283] INFO (17898): Wallet sync [838]: shielded=false, unshielded=true, dust=false
[11:07:53.323] INFO (17898): Wallet sync [839]: shielded=false, unshielded=true, dust=false
[11:07:53.384] INFO (17898): Wallet sync [840]: shielded=false, unshielded=true, dust=false
[11:07:53.423] INFO (17898): Wallet sync [841]: shielded=false, unshielded=true, dust=false
[11:07:53.484] INFO (17898): Wallet sync [842]: shielded=false, unshielded=true, dust=false
[11:07:53.534] INFO (17898): Wallet sync [843]: shielded=false, unshielded=true, dust=false
[11:07:53.603] INFO (17898): Wallet sync [844]: shielded=false, unshielded=true, dust=false
[11:07:53.642] INFO (17898): Wallet sync [845]: shielded=false, unshielded=true, dust=false
[11:07:53.706] INFO (17898): Wallet sync [846]: shielded=false, unshielded=true, dust=false
[11:07:53.759] INFO (17898): Wallet sync [847]: shielded=false, unshielded=true, dust=false
[11:07:53.842] INFO (17898): Wallet sync [848]: shielded=false, unshielded=true, dust=false
[11:07:53.919] INFO (17898): Wallet sync [849]: shielded=false, unshielded=true, dust=false
[11:07:53.980] INFO (17898): Wallet sync [850]: shielded=false, unshielded=true, dust=false
[11:07:54.029] INFO (17898): Wallet sync [851]: shielded=false, unshielded=true, dust=false
[11:07:54.094] INFO (17898): Wallet sync [852]: shielded=false, unshielded=true, dust=false
[11:07:54.155] INFO (17898): Wallet sync [853]: shielded=false, unshielded=true, dust=false
[11:07:54.210] INFO (17898): Wallet sync [854]: shielded=false, unshielded=true, dust=false
[11:07:54.249] INFO (17898): Wallet sync [855]: shielded=false, unshielded=true, dust=false
[11:07:54.316] INFO (17898): Wallet sync [856]: shielded=false, unshielded=true, dust=false
[11:07:54.366] INFO (17898): Wallet sync [857]: shielded=false, unshielded=true, dust=false
[11:07:54.426] INFO (17898): Wallet sync [858]: shielded=false, unshielded=true, dust=false
[11:07:54.470] INFO (17898): Wallet sync [859]: shielded=false, unshielded=true, dust=false
[11:07:54.533] INFO (17898): Wallet sync [860]: shielded=false, unshielded=true, dust=false
[11:07:54.590] INFO (17898): Wallet sync [861]: shielded=false, unshielded=true, dust=false
[11:07:54.650] INFO (17898): Wallet sync [862]: shielded=false, unshielded=true, dust=false
[11:07:54.698] INFO (17898): Wallet sync [863]: shielded=false, unshielded=true, dust=false
[11:07:54.762] INFO (17898): Wallet sync [864]: shielded=false, unshielded=true, dust=false
[11:07:54.813] INFO (17898): Wallet sync [865]: shielded=false, unshielded=true, dust=false
[11:07:54.871] INFO (17898): Wallet sync [866]: shielded=false, unshielded=true, dust=false
[11:07:54.917] INFO (17898): Wallet sync [867]: shielded=false, unshielded=true, dust=false
[11:07:54.977] INFO (17898): Wallet sync [868]: shielded=false, unshielded=true, dust=false
[11:07:55.021] INFO (17898): Wallet sync [869]: shielded=false, unshielded=true, dust=false
[11:07:55.087] INFO (17898): Wallet sync [870]: shielded=false, unshielded=true, dust=false
[11:07:55.141] INFO (17898): Wallet sync [871]: shielded=false, unshielded=true, dust=false
[11:07:55.205] INFO (17898): Wallet sync [872]: shielded=false, unshielded=true, dust=false
[11:07:55.254] INFO (17898): Wallet sync [873]: shielded=false, unshielded=true, dust=false
[11:07:55.320] INFO (17898): Wallet sync [874]: shielded=false, unshielded=true, dust=false
[11:07:55.368] INFO (17898): Wallet sync [875]: shielded=false, unshielded=true, dust=false
[11:07:55.418] INFO (17898): Wallet sync [876]: shielded=false, unshielded=true, dust=false
[11:07:55.465] INFO (17898): Wallet sync [877]: shielded=false, unshielded=true, dust=false
[11:07:55.528] INFO (17898): Wallet sync [878]: shielded=false, unshielded=true, dust=false
[11:07:55.595] INFO (17898): Wallet sync [879]: shielded=false, unshielded=true, dust=false
[11:07:55.656] INFO (17898): Wallet sync [880]: shielded=false, unshielded=true, dust=false
[11:07:55.709] INFO (17898): Wallet sync [881]: shielded=false, unshielded=true, dust=false
[11:07:55.773] INFO (17898): Wallet sync [882]: shielded=false, unshielded=true, dust=false
[11:07:55.823] INFO (17898): Wallet sync [883]: shielded=false, unshielded=true, dust=false
[11:07:55.833] INFO (17898): Wallet sync [884]: shielded=false, unshielded=true, dust=false
[11:07:55.894] INFO (17898): Wallet sync [885]: shielded=false, unshielded=true, dust=false
[11:07:55.956] INFO (17898): Wallet sync [886]: shielded=false, unshielded=true, dust=false
[11:07:56.026] INFO (17898): Wallet sync [887]: shielded=false, unshielded=true, dust=false
[11:07:56.085] INFO (17898): Wallet sync [888]: shielded=false, unshielded=true, dust=false
[11:07:56.149] INFO (17898): Wallet sync [889]: shielded=false, unshielded=true, dust=false
[11:07:56.214] INFO (17898): Wallet sync [890]: shielded=false, unshielded=true, dust=false
[11:07:56.275] INFO (17898): Wallet sync [891]: shielded=false, unshielded=true, dust=false
[11:07:56.328] INFO (17898): Wallet sync [892]: shielded=false, unshielded=true, dust=false
[11:07:56.398] INFO (17898): Wallet sync [893]: shielded=false, unshielded=true, dust=false
[11:07:56.450] INFO (17898): Wallet sync [894]: shielded=false, unshielded=true, dust=false
[11:07:56.511] INFO (17898): Wallet sync [895]: shielded=false, unshielded=true, dust=false
[11:07:56.585] INFO (17898): Wallet sync [896]: shielded=false, unshielded=true, dust=false
[11:07:56.651] INFO (17898): Wallet sync [897]: shielded=false, unshielded=true, dust=false
[11:07:56.710] INFO (17898): Wallet sync [898]: shielded=false, unshielded=true, dust=false
[11:07:56.767] INFO (17898): Wallet sync [899]: shielded=false, unshielded=true, dust=false
[11:07:56.825] INFO (17898): Wallet sync [900]: shielded=false, unshielded=true, dust=false
[11:07:56.892] INFO (17898): Wallet sync [901]: shielded=false, unshielded=true, dust=false
[11:07:56.955] INFO (17898): Wallet sync [902]: shielded=false, unshielded=true, dust=false
[11:07:57.014] INFO (17898): Wallet sync [903]: shielded=false, unshielded=true, dust=false
[11:07:57.057] INFO (17898): Wallet sync [904]: shielded=false, unshielded=true, dust=false
[11:07:57.120] INFO (17898): Wallet sync [905]: shielded=false, unshielded=true, dust=false
[11:07:57.180] INFO (17898): Wallet sync [906]: shielded=false, unshielded=true, dust=false
[11:07:57.238] INFO (17898): Wallet sync [907]: shielded=false, unshielded=true, dust=false
[11:07:57.292] INFO (17898): Wallet sync [908]: shielded=false, unshielded=true, dust=false
[11:07:57.390] INFO (17898): Wallet sync [909]: shielded=false, unshielded=true, dust=false
[11:07:57.457] INFO (17898): Wallet sync [910]: shielded=false, unshielded=true, dust=false
[11:07:57.523] INFO (17898): Wallet sync [911]: shielded=false, unshielded=true, dust=false
[11:07:57.585] INFO (17898): Wallet sync [912]: shielded=false, unshielded=true, dust=false
[11:07:57.646] INFO (17898): Wallet sync [913]: shielded=false, unshielded=true, dust=false
[11:07:57.701] INFO (17898): Wallet sync [914]: shielded=false, unshielded=true, dust=false
[11:07:57.765] INFO (17898): Wallet sync [915]: shielded=false, unshielded=true, dust=false
[11:07:57.824] INFO (17898): Wallet sync [916]: shielded=false, unshielded=true, dust=false
[11:07:57.889] INFO (17898): Wallet sync [917]: shielded=false, unshielded=true, dust=false
[11:07:57.948] INFO (17898): Wallet sync [918]: shielded=false, unshielded=true, dust=false
[11:07:58.015] INFO (17898): Wallet sync [919]: shielded=false, unshielded=true, dust=false
[11:07:58.082] INFO (17898): Wallet sync [920]: shielded=false, unshielded=true, dust=false
[11:07:58.148] INFO (17898): Wallet sync [921]: shielded=false, unshielded=true, dust=false
[11:07:58.206] INFO (17898): Wallet sync [922]: shielded=false, unshielded=true, dust=false
[11:07:58.261] INFO (17898): Wallet sync [923]: shielded=false, unshielded=true, dust=false
[11:07:58.324] INFO (17898): Wallet sync [924]: shielded=false, unshielded=true, dust=false
[11:07:58.393] INFO (17898): Wallet sync [925]: shielded=false, unshielded=true, dust=false
[11:07:58.440] INFO (17898): Wallet sync [926]: shielded=false, unshielded=true, dust=false
[11:07:58.476] INFO (17898): Wallet sync [927]: shielded=false, unshielded=true, dust=false
[11:07:58.535] INFO (17898): Wallet sync [928]: shielded=false, unshielded=true, dust=false
[11:07:58.576] INFO (17898): Wallet sync [929]: shielded=false, unshielded=true, dust=false
[11:07:58.656] INFO (17898): Wallet sync [930]: shielded=false, unshielded=true, dust=false
[11:07:58.717] INFO (17898): Wallet sync [931]: shielded=false, unshielded=true, dust=false
[11:07:58.776] INFO (17898): Wallet sync [932]: shielded=false, unshielded=true, dust=false
[11:07:58.844] INFO (17898): Wallet sync [933]: shielded=false, unshielded=true, dust=false
[11:07:58.904] INFO (17898): Wallet sync [934]: shielded=false, unshielded=true, dust=false
[11:07:58.963] INFO (17898): Wallet sync [935]: shielded=false, unshielded=true, dust=false
[11:07:59.017] INFO (17898): Wallet sync [936]: shielded=false, unshielded=true, dust=false
[11:07:59.088] INFO (17898): Wallet sync [937]: shielded=false, unshielded=true, dust=false
[11:07:59.149] INFO (17898): Wallet sync [938]: shielded=false, unshielded=true, dust=false
[11:07:59.220] INFO (17898): Wallet sync [939]: shielded=false, unshielded=true, dust=false
[11:07:59.293] INFO (17898): Wallet sync [940]: shielded=false, unshielded=true, dust=false
[11:07:59.373] INFO (17898): Wallet sync [941]: shielded=false, unshielded=true, dust=false
[11:07:59.424] INFO (17898): Wallet sync [942]: shielded=false, unshielded=true, dust=false
[11:07:59.483] INFO (17898): Wallet sync [943]: shielded=false, unshielded=true, dust=false
[11:07:59.542] INFO (17898): Wallet sync [944]: shielded=false, unshielded=true, dust=false
[11:07:59.614] INFO (17898): Wallet sync [945]: shielded=false, unshielded=true, dust=false
[11:07:59.667] INFO (17898): Wallet sync [946]: shielded=false, unshielded=true, dust=false
[11:07:59.733] INFO (17898): Wallet sync [947]: shielded=false, unshielded=true, dust=false
[11:07:59.800] INFO (17898): Wallet sync [948]: shielded=false, unshielded=true, dust=false
[11:07:59.860] INFO (17898): Wallet sync [949]: shielded=false, unshielded=true, dust=false
[11:07:59.919] INFO (17898): Wallet sync [950]: shielded=false, unshielded=true, dust=false
[11:07:59.987] INFO (17898): Wallet sync [951]: shielded=false, unshielded=true, dust=false
[11:08:00.052] INFO (17898): Wallet sync [952]: shielded=false, unshielded=true, dust=false
[11:08:00.117] INFO (17898): Wallet sync [953]: shielded=false, unshielded=true, dust=false
[11:08:00.177] INFO (17898): Wallet sync [954]: shielded=false, unshielded=true, dust=false
[11:08:00.236] INFO (17898): Wallet sync [955]: shielded=false, unshielded=true, dust=false
[11:08:00.307] INFO (17898): Wallet sync [956]: shielded=false, unshielded=true, dust=false
[11:08:00.382] INFO (17898): Wallet sync [957]: shielded=false, unshielded=true, dust=false
[11:08:00.440] INFO (17898): Wallet sync [958]: shielded=false, unshielded=true, dust=false
[11:08:00.498] INFO (17898): Wallet sync [959]: shielded=false, unshielded=true, dust=false
[11:08:00.556] INFO (17898): Wallet sync [960]: shielded=false, unshielded=true, dust=false
[11:08:00.611] INFO (17898): Wallet sync [961]: shielded=false, unshielded=true, dust=false
[11:08:00.674] INFO (17898): Wallet sync [962]: shielded=false, unshielded=true, dust=false
[11:08:00.743] INFO (17898): Wallet sync [963]: shielded=false, unshielded=true, dust=false
[11:08:00.794] INFO (17898): Wallet sync [964]: shielded=false, unshielded=true, dust=false
[11:08:00.855] INFO (17898): Wallet sync [965]: shielded=false, unshielded=true, dust=false
[11:08:00.914] INFO (17898): Wallet sync [966]: shielded=false, unshielded=true, dust=false
[11:08:00.977] INFO (17898): Wallet sync [967]: shielded=false, unshielded=true, dust=false
[11:08:01.049] INFO (17898): Wallet sync [968]: shielded=false, unshielded=true, dust=false
[11:08:01.108] INFO (17898): Wallet sync [969]: shielded=false, unshielded=true, dust=false
[11:08:01.161] INFO (17898): Wallet sync [970]: shielded=false, unshielded=true, dust=false
[11:08:01.239] INFO (17898): Wallet sync [971]: shielded=false, unshielded=true, dust=false
[11:08:01.301] INFO (17898): Wallet sync [972]: shielded=false, unshielded=true, dust=false
[11:08:01.363] INFO (17898): Wallet sync [973]: shielded=false, unshielded=true, dust=false
[11:08:01.422] INFO (17898): Wallet sync [974]: shielded=false, unshielded=true, dust=false
[11:08:01.492] INFO (17898): Wallet sync [975]: shielded=false, unshielded=true, dust=false
[11:08:01.542] INFO (17898): Wallet sync [976]: shielded=false, unshielded=true, dust=false
[11:08:01.601] INFO (17898): Wallet sync [977]: shielded=false, unshielded=true, dust=false
[11:08:01.669] INFO (17898): Wallet sync [978]: shielded=false, unshielded=true, dust=false
[11:08:01.737] INFO (17898): Wallet sync [979]: shielded=false, unshielded=true, dust=false
[11:08:01.797] INFO (17898): Wallet sync [980]: shielded=false, unshielded=true, dust=false
[11:08:01.880] INFO (17898): Wallet sync [981]: shielded=false, unshielded=true, dust=false
[11:08:01.963] INFO (17898): Wallet sync [982]: shielded=false, unshielded=true, dust=false
[11:08:02.036] INFO (17898): Wallet sync [983]: shielded=false, unshielded=true, dust=false
[11:08:02.109] INFO (17898): Wallet sync [984]: shielded=false, unshielded=true, dust=false
[11:08:02.168] INFO (17898): Wallet sync [985]: shielded=false, unshielded=true, dust=false
[11:08:02.241] INFO (17898): Wallet sync [986]: shielded=false, unshielded=true, dust=false
[11:08:02.326] INFO (17898): Wallet sync [987]: shielded=false, unshielded=true, dust=false
[11:08:02.379] INFO (17898): Wallet sync [988]: shielded=false, unshielded=true, dust=false
[11:08:02.443] INFO (17898): Wallet sync [989]: shielded=false, unshielded=true, dust=false
[11:08:02.502] INFO (17898): Wallet sync [990]: shielded=false, unshielded=true, dust=false
[11:08:02.570] INFO (17898): Wallet sync [991]: shielded=false, unshielded=true, dust=false
[11:08:02.631] INFO (17898): Wallet sync [992]: shielded=false, unshielded=true, dust=false
[11:08:02.698] INFO (17898): Wallet sync [993]: shielded=false, unshielded=true, dust=false
[11:08:02.754] INFO (17898): Wallet sync [994]: shielded=false, unshielded=true, dust=false
[11:08:02.824] INFO (17898): Wallet sync [995]: shielded=false, unshielded=true, dust=false
[11:08:02.888] INFO (17898): Wallet sync [996]: shielded=false, unshielded=true, dust=false
[11:08:02.948] INFO (17898): Wallet sync [997]: shielded=false, unshielded=true, dust=false
[11:08:03.009] INFO (17898): Wallet sync [998]: shielded=false, unshielded=true, dust=false
[11:08:03.087] INFO (17898): Wallet sync [999]: shielded=false, unshielded=true, dust=false
[11:08:03.142] INFO (17898): Wallet sync [1000]: shielded=false, unshielded=true, dust=false
[11:08:03.201] INFO (17898): Wallet sync [1001]: shielded=false, unshielded=true, dust=false
[11:08:03.262] INFO (17898): Wallet sync [1002]: shielded=false, unshielded=true, dust=false
[11:08:03.336] INFO (17898): Wallet sync [1003]: shielded=false, unshielded=true, dust=false
[11:08:03.396] INFO (17898): Wallet sync [1004]: shielded=false, unshielded=true, dust=false
[11:08:03.455] INFO (17898): Wallet sync [1005]: shielded=false, unshielded=true, dust=false
[11:08:03.524] INFO (17898): Wallet sync [1006]: shielded=false, unshielded=true, dust=false
[11:08:03.584] INFO (17898): Wallet sync [1007]: shielded=false, unshielded=true, dust=false
[11:08:03.647] INFO (17898): Wallet sync [1008]: shielded=false, unshielded=true, dust=false
[11:08:03.711] INFO (17898): Wallet sync [1009]: shielded=false, unshielded=true, dust=false
[11:08:03.772] INFO (17898): Wallet sync [1010]: shielded=false, unshielded=true, dust=false
[11:08:03.835] INFO (17898): Wallet sync [1011]: shielded=false, unshielded=true, dust=false
[11:08:03.889] INFO (17898): Wallet sync [1012]: shielded=false, unshielded=true, dust=false
[11:08:03.951] INFO (17898): Wallet sync [1013]: shielded=false, unshielded=true, dust=false
[11:08:04.011] INFO (17898): Wallet sync [1014]: shielded=false, unshielded=true, dust=false
[11:08:04.080] INFO (17898): Wallet sync [1015]: shielded=false, unshielded=true, dust=false
[11:08:04.143] INFO (17898): Wallet sync [1016]: shielded=false, unshielded=true, dust=false
[11:08:04.206] INFO (17898): Wallet sync [1017]: shielded=false, unshielded=true, dust=false
[11:08:04.260] INFO (17898): Wallet sync [1018]: shielded=false, unshielded=true, dust=false
[11:08:04.326] INFO (17898): Wallet sync [1019]: shielded=false, unshielded=true, dust=false
[11:08:04.389] INFO (17898): Wallet sync [1020]: shielded=false, unshielded=true, dust=false
[11:08:04.452] INFO (17898): Wallet sync [1021]: shielded=false, unshielded=true, dust=false
[11:08:04.510] INFO (17898): Wallet sync [1022]: shielded=false, unshielded=true, dust=false
[11:08:04.602] INFO (17898): Wallet sync [1023]: shielded=false, unshielded=true, dust=false
[11:08:04.656] INFO (17898): Wallet sync [1024]: shielded=false, unshielded=true, dust=false
[11:08:04.723] INFO (17898): Wallet sync [1025]: shielded=false, unshielded=true, dust=false
[11:08:04.791] INFO (17898): Wallet sync [1026]: shielded=false, unshielded=true, dust=false
[11:08:04.857] INFO (17898): Wallet sync [1027]: shielded=false, unshielded=true, dust=false
[11:08:04.920] INFO (17898): Wallet sync [1028]: shielded=false, unshielded=true, dust=false
[11:08:04.987] INFO (17898): Wallet sync [1029]: shielded=false, unshielded=true, dust=false
[11:08:05.046] INFO (17898): Wallet sync [1030]: shielded=false, unshielded=true, dust=false
[11:08:05.108] INFO (17898): Wallet sync [1031]: shielded=false, unshielded=true, dust=false
[11:08:05.167] INFO (17898): Wallet sync [1032]: shielded=false, unshielded=true, dust=false
[11:08:05.238] INFO (17898): Wallet sync [1033]: shielded=false, unshielded=true, dust=false
[11:08:05.303] INFO (17898): Wallet sync [1034]: shielded=false, unshielded=true, dust=false
[11:08:05.407] INFO (17898): Wallet sync [1035]: shielded=false, unshielded=true, dust=false
[11:08:05.465] INFO (17898): Wallet sync [1036]: shielded=false, unshielded=true, dust=false
[11:08:05.540] INFO (17898): Wallet sync [1037]: shielded=false, unshielded=true, dust=false
[11:08:05.615] INFO (17898): Wallet sync [1038]: shielded=false, unshielded=true, dust=false
[11:08:05.714] INFO (17898): Wallet sync [1039]: shielded=false, unshielded=true, dust=false
[11:08:05.816] INFO (17898): Wallet sync [1040]: shielded=false, unshielded=true, dust=false
[11:08:05.880] INFO (17898): Wallet sync [1041]: shielded=false, unshielded=true, dust=false
[11:08:05.938] INFO (17898): Wallet sync [1042]: shielded=false, unshielded=true, dust=false
[11:08:06.012] INFO (17898): Wallet sync [1043]: shielded=false, unshielded=true, dust=false
[11:08:06.083] INFO (17898): Wallet sync [1044]: shielded=false, unshielded=true, dust=false
[11:08:06.143] INFO (17898): Wallet sync [1045]: shielded=false, unshielded=true, dust=false
[11:08:06.204] INFO (17898): Wallet sync [1046]: shielded=false, unshielded=true, dust=false
[11:08:06.281] INFO (17898): Wallet sync [1047]: shielded=false, unshielded=true, dust=false
[11:08:06.337] INFO (17898): Wallet sync [1048]: shielded=false, unshielded=true, dust=false
[11:08:06.377] INFO (17898): Wallet sync [1049]: shielded=false, unshielded=true, dust=false
[11:08:06.433] INFO (17898): Wallet sync [1050]: shielded=false, unshielded=true, dust=false
[11:08:06.487] INFO (17898): Wallet sync [1051]: shielded=false, unshielded=true, dust=false
[11:08:06.546] INFO (17898): Wallet sync [1052]: shielded=false, unshielded=true, dust=false
[11:08:06.610] INFO (17898): Wallet sync [1053]: shielded=false, unshielded=true, dust=false
[11:08:06.673] INFO (17898): Wallet sync [1054]: shielded=false, unshielded=true, dust=false
[11:08:06.735] INFO (17898): Wallet sync [1055]: shielded=false, unshielded=true, dust=false
[11:08:06.790] INFO (17898): Wallet sync [1056]: shielded=false, unshielded=true, dust=false
[11:08:06.852] INFO (17898): Wallet sync [1057]: shielded=false, unshielded=true, dust=false
[11:08:06.911] INFO (17898): Wallet sync [1058]: shielded=false, unshielded=true, dust=false
[11:08:06.978] INFO (17898): Wallet sync [1059]: shielded=false, unshielded=true, dust=false
[11:08:07.035] INFO (17898): Wallet sync [1060]: shielded=false, unshielded=true, dust=false
[11:08:07.074] INFO (17898): Wallet sync [1061]: shielded=false, unshielded=true, dust=false
[11:08:07.129] INFO (17898): Wallet sync [1062]: shielded=false, unshielded=true, dust=false
[11:08:07.164] INFO (17898): Wallet sync [1063]: shielded=false, unshielded=true, dust=false
[11:08:07.256] INFO (17898): Wallet sync [1064]: shielded=false, unshielded=true, dust=false
[11:08:07.338] INFO (17898): Wallet sync [1065]: shielded=false, unshielded=true, dust=false
[11:08:07.400] INFO (17898): Wallet sync [1066]: shielded=false, unshielded=true, dust=false
[11:08:07.461] INFO (17898): Wallet sync [1067]: shielded=false, unshielded=true, dust=false
[11:08:07.519] INFO (17898): Wallet sync [1068]: shielded=false, unshielded=true, dust=false
[11:08:07.572] INFO (17898): Wallet sync [1069]: shielded=false, unshielded=true, dust=false
[11:08:07.632] INFO (17898): Wallet sync [1070]: shielded=false, unshielded=true, dust=false
[11:08:07.694] INFO (17898): Wallet sync [1071]: shielded=false, unshielded=true, dust=false
[11:08:07.753] INFO (17898): Wallet sync [1072]: shielded=false, unshielded=true, dust=false
[11:08:07.825] INFO (17898): Wallet sync [1073]: shielded=false, unshielded=true, dust=false
[11:08:07.887] INFO (17898): Wallet sync [1074]: shielded=false, unshielded=true, dust=false
[11:08:07.945] INFO (17898): Wallet sync [1075]: shielded=false, unshielded=true, dust=false
[11:08:08.004] INFO (17898): Wallet sync [1076]: shielded=false, unshielded=true, dust=false
[11:08:08.079] INFO (17898): Wallet sync [1077]: shielded=false, unshielded=true, dust=false
[11:08:08.148] INFO (17898): Wallet sync [1078]: shielded=false, unshielded=true, dust=false
[11:08:08.209] INFO (17898): Wallet sync [1079]: shielded=false, unshielded=true, dust=false
[11:08:08.266] INFO (17898): Wallet sync [1080]: shielded=false, unshielded=true, dust=false
[11:08:08.338] INFO (17898): Wallet sync [1081]: shielded=false, unshielded=true, dust=false
[11:08:08.415] INFO (17898): Wallet sync [1082]: shielded=false, unshielded=true, dust=false
[11:08:08.477] INFO (17898): Wallet sync [1083]: shielded=false, unshielded=true, dust=false
[11:08:08.535] INFO (17898): Wallet sync [1084]: shielded=false, unshielded=true, dust=false
[11:08:08.606] INFO (17898): Wallet sync [1085]: shielded=false, unshielded=true, dust=false
[11:08:08.662] INFO (17898): Wallet sync [1086]: shielded=false, unshielded=true, dust=false
[11:08:08.729] INFO (17898): Wallet sync [1087]: shielded=false, unshielded=true, dust=false
[11:08:08.792] INFO (17898): Wallet sync [1088]: shielded=false, unshielded=true, dust=false
[11:08:08.859] INFO (17898): Wallet sync [1089]: shielded=false, unshielded=true, dust=false
[11:08:08.917] INFO (17898): Wallet sync [1090]: shielded=false, unshielded=true, dust=false
[11:08:08.978] INFO (17898): Wallet sync [1091]: shielded=false, unshielded=true, dust=false
[11:08:09.039] INFO (17898): Wallet sync [1092]: shielded=false, unshielded=true, dust=false
[11:08:09.102] INFO (17898): Wallet sync [1093]: shielded=false, unshielded=true, dust=false
[11:08:09.162] INFO (17898): Wallet sync [1094]: shielded=false, unshielded=true, dust=false
[11:08:09.221] INFO (17898): Wallet sync [1095]: shielded=false, unshielded=true, dust=false
[11:08:09.277] INFO (17898): Wallet sync [1096]: shielded=false, unshielded=true, dust=false
[11:08:09.352] INFO (17898): Wallet sync [1097]: shielded=false, unshielded=true, dust=false
[11:08:09.410] INFO (17898): Wallet sync [1098]: shielded=false, unshielded=true, dust=false
[11:08:09.478] INFO (17898): Wallet sync [1099]: shielded=false, unshielded=true, dust=false
[11:08:09.537] INFO (17898): Wallet sync [1100]: shielded=false, unshielded=true, dust=false
[11:08:09.610] INFO (17898): Wallet sync [1101]: shielded=false, unshielded=true, dust=false
[11:08:09.685] INFO (17898): Wallet sync [1102]: shielded=false, unshielded=true, dust=false
[11:08:09.750] INFO (17898): Wallet sync [1103]: shielded=false, unshielded=true, dust=false
[11:08:09.805] INFO (17898): Wallet sync [1104]: shielded=false, unshielded=true, dust=false
[11:08:09.925] INFO (17898): Wallet sync [1105]: shielded=false, unshielded=true, dust=false
[11:08:09.993] INFO (17898): Wallet sync [1106]: shielded=false, unshielded=true, dust=false
[11:08:10.058] INFO (17898): Wallet sync [1107]: shielded=false, unshielded=true, dust=false
[11:08:10.107] INFO (17898): Wallet sync [1108]: shielded=false, unshielded=true, dust=false
[11:08:10.174] INFO (17898): Wallet sync [1109]: shielded=false, unshielded=true, dust=false
[11:08:10.228] INFO (17898): Wallet sync [1110]: shielded=false, unshielded=true, dust=false
[11:08:10.291] INFO (17898): Wallet sync [1111]: shielded=false, unshielded=true, dust=false
[11:08:10.344] INFO (17898): Wallet sync [1112]: shielded=false, unshielded=true, dust=false
[11:08:10.408] INFO (17898): Wallet sync [1113]: shielded=false, unshielded=true, dust=false
[11:08:10.456] INFO (17898): Wallet sync [1114]: shielded=false, unshielded=true, dust=false
[11:08:10.526] INFO (17898): Wallet sync [1115]: shielded=false, unshielded=true, dust=false
[11:08:10.581] INFO (17898): Wallet sync [1116]: shielded=false, unshielded=true, dust=false
[11:08:10.661] INFO (17898): Wallet sync [1117]: shielded=false, unshielded=true, dust=false
[11:08:10.718] INFO (17898): Wallet sync [1118]: shielded=false, unshielded=true, dust=false
[11:08:10.776] INFO (17898): Wallet sync [1119]: shielded=false, unshielded=true, dust=false
[11:08:10.831] INFO (17898): Wallet sync [1120]: shielded=false, unshielded=true, dust=false
[11:08:10.897] INFO (17898): Wallet sync [1121]: shielded=false, unshielded=true, dust=false
[11:08:10.947] INFO (17898): Wallet sync [1122]: shielded=false, unshielded=true, dust=false
[11:08:11.018] INFO (17898): Wallet sync [1123]: shielded=false, unshielded=true, dust=false
[11:08:11.080] INFO (17898): Wallet sync [1124]: shielded=false, unshielded=true, dust=false
[11:08:11.144] INFO (17898): Wallet sync [1125]: shielded=false, unshielded=true, dust=false
[11:08:11.192] INFO (17898): Wallet sync [1126]: shielded=false, unshielded=true, dust=false
[11:08:11.257] INFO (17898): Wallet sync [1127]: shielded=false, unshielded=true, dust=false
[11:08:11.307] INFO (17898): Wallet sync [1128]: shielded=false, unshielded=true, dust=false
[11:08:11.369] INFO (17898): Wallet sync [1129]: shielded=false, unshielded=true, dust=false
[11:08:11.421] INFO (17898): Wallet sync [1130]: shielded=false, unshielded=true, dust=false
[11:08:11.487] INFO (17898): Wallet sync [1131]: shielded=false, unshielded=true, dust=false
[11:08:11.534] INFO (17898): Wallet sync [1132]: shielded=false, unshielded=true, dust=false
[11:08:11.599] INFO (17898): Wallet sync [1133]: shielded=false, unshielded=true, dust=false
[11:08:11.665] INFO (17898): Wallet sync [1134]: shielded=false, unshielded=true, dust=false
[11:08:11.723] INFO (17898): Wallet sync [1135]: shielded=false, unshielded=true, dust=false
[11:08:11.777] INFO (17898): Wallet sync [1136]: shielded=false, unshielded=true, dust=false
[11:08:11.836] INFO (17898): Wallet sync [1137]: shielded=false, unshielded=true, dust=false
[11:08:11.892] INFO (17898): Wallet sync [1138]: shielded=false, unshielded=true, dust=false
[11:08:11.951] INFO (17898): Wallet sync [1139]: shielded=false, unshielded=true, dust=false
[11:08:12.010] INFO (17898): Wallet sync [1140]: shielded=false, unshielded=true, dust=false
[11:08:12.066] INFO (17898): Wallet sync [1141]: shielded=false, unshielded=true, dust=false
[11:08:12.122] INFO (17898): Wallet sync [1142]: shielded=false, unshielded=true, dust=false
[11:08:12.180] INFO (17898): Wallet sync [1143]: shielded=false, unshielded=true, dust=false
[11:08:12.228] INFO (17898): Wallet sync [1144]: shielded=false, unshielded=true, dust=false
[11:08:12.297] INFO (17898): Wallet sync [1145]: shielded=false, unshielded=true, dust=false
[11:08:12.346] INFO (17898): Wallet sync [1146]: shielded=false, unshielded=true, dust=false
[11:08:12.404] INFO (17898): Wallet sync [1147]: shielded=false, unshielded=true, dust=false
[11:08:12.459] INFO (17898): Wallet sync [1148]: shielded=false, unshielded=true, dust=false
[11:08:12.519] INFO (17898): Wallet sync [1149]: shielded=false, unshielded=true, dust=false
[11:08:12.572] INFO (17898): Wallet sync [1150]: shielded=false, unshielded=true, dust=false
[11:08:12.635] INFO (17898): Wallet sync [1151]: shielded=false, unshielded=true, dust=false
[11:08:12.676] INFO (17898): Wallet sync [1152]: shielded=false, unshielded=true, dust=false
[11:08:12.728] INFO (17898): Wallet sync [1153]: shielded=false, unshielded=true, dust=false
[11:08:12.766] INFO (17898): Wallet sync [1154]: shielded=false, unshielded=true, dust=false
[11:08:12.820] INFO (17898): Wallet sync [1155]: shielded=false, unshielded=true, dust=false
[11:08:12.862] INFO (17898): Wallet sync [1156]: shielded=false, unshielded=true, dust=false
[11:08:12.921] INFO (17898): Wallet sync [1157]: shielded=false, unshielded=true, dust=false
[11:08:12.967] INFO (17898): Wallet sync [1158]: shielded=false, unshielded=true, dust=false
[11:08:13.021] INFO (17898): Wallet sync [1159]: shielded=false, unshielded=true, dust=false
[11:08:13.067] INFO (17898): Wallet sync [1160]: shielded=false, unshielded=true, dust=false
[11:08:13.143] INFO (17898): Wallet sync [1161]: shielded=false, unshielded=true, dust=false
[11:08:13.184] INFO (17898): Wallet sync [1162]: shielded=false, unshielded=true, dust=false
[11:08:13.260] INFO (17898): Wallet sync [1163]: shielded=false, unshielded=true, dust=false
[11:08:13.307] INFO (17898): Wallet sync [1164]: shielded=false, unshielded=true, dust=false
[11:08:13.373] INFO (17898): Wallet sync [1165]: shielded=false, unshielded=true, dust=false
[11:08:13.426] INFO (17898): Wallet sync [1166]: shielded=false, unshielded=true, dust=false
[11:08:13.490] INFO (17898): Wallet sync [1167]: shielded=false, unshielded=true, dust=false
[11:08:13.552] INFO (17898): Wallet sync [1168]: shielded=false, unshielded=true, dust=false
[11:08:13.605] INFO (17898): Wallet sync [1169]: shielded=false, unshielded=true, dust=false
[11:08:13.645] INFO (17898): Wallet sync [1170]: shielded=false, unshielded=true, dust=false
[11:08:13.709] INFO (17898): Wallet sync [1171]: shielded=false, unshielded=true, dust=false
[11:08:13.757] INFO (17898): Wallet sync [1172]: shielded=false, unshielded=true, dust=false
[11:08:13.821] INFO (17898): Wallet sync [1173]: shielded=false, unshielded=true, dust=false
[11:08:13.869] INFO (17898): Wallet sync [1174]: shielded=false, unshielded=true, dust=false
[11:08:13.930] INFO (17898): Wallet sync [1175]: shielded=false, unshielded=true, dust=false
[11:08:13.981] INFO (17898): Wallet sync [1176]: shielded=false, unshielded=true, dust=false
[11:08:14.035] INFO (17898): Wallet sync [1177]: shielded=false, unshielded=true, dust=false
[11:08:14.076] INFO (17898): Wallet sync [1178]: shielded=false, unshielded=true, dust=false
[11:08:14.147] INFO (17898): Wallet sync [1179]: shielded=false, unshielded=true, dust=false
[11:08:14.187] INFO (17898): Wallet sync [1180]: shielded=false, unshielded=true, dust=false
[11:08:14.261] INFO (17898): Wallet sync [1181]: shielded=false, unshielded=true, dust=false
[11:08:14.341] INFO (17898): Wallet sync [1182]: shielded=false, unshielded=true, dust=false
[11:08:14.461] INFO (17898): Wallet sync [1183]: shielded=false, unshielded=true, dust=false
[11:08:14.523] INFO (17898): Wallet sync [1184]: shielded=false, unshielded=true, dust=false
[11:08:14.621] INFO (17898): Wallet sync [1185]: shielded=false, unshielded=true, dust=false
[11:08:14.700] INFO (17898): Wallet sync [1186]: shielded=false, unshielded=true, dust=false
[11:08:14.780] INFO (17898): Wallet sync [1187]: shielded=false, unshielded=true, dust=false
[11:08:14.826] INFO (17898): Wallet sync [1188]: shielded=false, unshielded=true, dust=false
[11:08:14.890] INFO (17898): Wallet sync [1189]: shielded=false, unshielded=true, dust=false
[11:08:14.936] INFO (17898): Wallet sync [1190]: shielded=false, unshielded=true, dust=false
[11:08:15.053] INFO (17898): Wallet sync [1191]: shielded=false, unshielded=true, dust=false
[11:08:15.109] INFO (17898): Wallet sync [1192]: shielded=false, unshielded=true, dust=false
[11:08:15.229] INFO (17898): Wallet sync [1193]: shielded=false, unshielded=true, dust=false
[11:08:15.330] INFO (17898): Wallet sync [1194]: shielded=false, unshielded=true, dust=false
[11:08:15.393] INFO (17898): Wallet sync [1195]: shielded=false, unshielded=true, dust=false
[11:08:15.441] INFO (17898): Wallet sync [1196]: shielded=false, unshielded=true, dust=false
[11:08:15.515] INFO (17898): Wallet sync [1197]: shielded=false, unshielded=true, dust=false
[11:08:15.565] INFO (17898): Wallet sync [1198]: shielded=false, unshielded=true, dust=false
[11:08:15.623] INFO (17898): Wallet sync [1199]: shielded=false, unshielded=true, dust=false
[11:08:15.678] INFO (17898): Wallet sync [1200]: shielded=false, unshielded=true, dust=false
[11:08:15.737] INFO (17898): Wallet sync [1201]: shielded=false, unshielded=true, dust=false
[11:08:15.793] INFO (17898): Wallet sync [1202]: shielded=false, unshielded=true, dust=false
[11:08:15.854] INFO (17898): Wallet sync [1203]: shielded=false, unshielded=true, dust=false
[11:08:15.908] INFO (17898): Wallet sync [1204]: shielded=false, unshielded=true, dust=false
[11:08:15.977] INFO (17898): Wallet sync [1205]: shielded=false, unshielded=true, dust=false
[11:08:16.033] INFO (17898): Wallet sync [1206]: shielded=false, unshielded=true, dust=false
[11:08:16.092] INFO (17898): Wallet sync [1207]: shielded=false, unshielded=true, dust=false
[11:08:16.158] INFO (17898): Wallet sync [1208]: shielded=false, unshielded=true, dust=false
[11:08:16.217] INFO (17898): Wallet sync [1209]: shielded=false, unshielded=true, dust=false
[11:08:16.262] INFO (17898): Wallet sync [1210]: shielded=false, unshielded=true, dust=false
[11:08:16.330] INFO (17898): Wallet sync [1211]: shielded=false, unshielded=true, dust=false
[11:08:16.382] INFO (17898): Wallet sync [1212]: shielded=false, unshielded=true, dust=false
[11:08:16.436] INFO (17898): Wallet sync [1213]: shielded=false, unshielded=true, dust=false
[11:08:16.472] INFO (17898): Wallet sync [1214]: shielded=false, unshielded=true, dust=false
[11:08:16.542] INFO (17898): Wallet sync [1215]: shielded=false, unshielded=true, dust=false
[11:08:16.592] INFO (17898): Wallet sync [1216]: shielded=false, unshielded=true, dust=false
[11:08:16.649] INFO (17898): Wallet sync [1217]: shielded=false, unshielded=true, dust=false
[11:08:16.703] INFO (17898): Wallet sync [1218]: shielded=false, unshielded=true, dust=false
[11:08:16.761] INFO (17898): Wallet sync [1219]: shielded=false, unshielded=true, dust=false
[11:08:16.802] INFO (17898): Wallet sync [1220]: shielded=false, unshielded=true, dust=false
[11:08:16.863] INFO (17898): Wallet sync [1221]: shielded=false, unshielded=true, dust=false
[11:08:16.918] INFO (17898): Wallet sync [1222]: shielded=false, unshielded=true, dust=false
[11:08:16.983] INFO (17898): Wallet sync [1223]: shielded=false, unshielded=true, dust=false
[11:08:17.049] INFO (17898): Wallet sync [1224]: shielded=false, unshielded=true, dust=false
[11:08:17.112] INFO (17898): Wallet sync [1225]: shielded=false, unshielded=true, dust=false
[11:08:17.173] INFO (17898): Wallet sync [1226]: shielded=false, unshielded=true, dust=false
[11:08:17.237] INFO (17898): Wallet sync [1227]: shielded=false, unshielded=true, dust=false
[11:08:17.299] INFO (17898): Wallet sync [1228]: shielded=false, unshielded=true, dust=false
[11:08:17.359] INFO (17898): Wallet sync [1229]: shielded=false, unshielded=true, dust=false
[11:08:17.428] INFO (17898): Wallet sync [1230]: shielded=false, unshielded=true, dust=false
[11:08:17.503] INFO (17898): Wallet sync [1231]: shielded=false, unshielded=true, dust=false
[11:08:17.560] INFO (17898): Wallet sync [1232]: shielded=false, unshielded=true, dust=false
[11:08:17.631] INFO (17898): Wallet sync [1233]: shielded=false, unshielded=true, dust=false
[11:08:17.679] INFO (17898): Wallet sync [1234]: shielded=false, unshielded=true, dust=false
[11:08:17.741] INFO (17898): Wallet sync [1235]: shielded=false, unshielded=true, dust=false
[11:08:17.797] INFO (17898): Wallet sync [1236]: shielded=false, unshielded=true, dust=false
[11:08:17.867] INFO (17898): Wallet sync [1237]: shielded=false, unshielded=true, dust=false
[11:08:17.969] INFO (17898): Wallet sync [1238]: shielded=false, unshielded=true, dust=false
[11:08:18.033] INFO (17898): Wallet sync [1239]: shielded=false, unshielded=true, dust=false
[11:08:18.087] INFO (17898): Wallet sync [1240]: shielded=false, unshielded=true, dust=false
[11:08:18.153] INFO (17898): Wallet sync [1241]: shielded=false, unshielded=true, dust=false
[11:08:18.210] INFO (17898): Wallet sync [1242]: shielded=false, unshielded=true, dust=false
[11:08:18.272] INFO (17898): Wallet sync [1243]: shielded=false, unshielded=true, dust=false
[11:08:18.334] INFO (17898): Wallet sync [1244]: shielded=false, unshielded=true, dust=false
[11:08:18.404] INFO (17898): Wallet sync [1245]: shielded=false, unshielded=true, dust=false
[11:08:18.456] INFO (17898): Wallet sync [1246]: shielded=false, unshielded=true, dust=false
[11:08:18.532] INFO (17898): Wallet sync [1247]: shielded=false, unshielded=true, dust=false
[11:08:18.623] INFO (17898): Wallet sync [1248]: shielded=false, unshielded=true, dust=false
[11:08:18.688] INFO (17898): Wallet sync [1249]: shielded=false, unshielded=true, dust=false
[11:08:18.739] INFO (17898): Wallet sync [1250]: shielded=false, unshielded=true, dust=false
[11:08:18.807] INFO (17898): Wallet sync [1251]: shielded=false, unshielded=true, dust=false
[11:08:18.868] INFO (17898): Wallet sync [1252]: shielded=false, unshielded=true, dust=false
[11:08:18.926] INFO (17898): Wallet sync [1253]: shielded=false, unshielded=true, dust=false
[11:08:18.996] INFO (17898): Wallet sync [1254]: shielded=false, unshielded=true, dust=false
[11:08:19.061] INFO (17898): Wallet sync [1255]: shielded=false, unshielded=true, dust=false
[11:08:19.120] INFO (17898): Wallet sync [1256]: shielded=false, unshielded=true, dust=false
[11:08:19.178] INFO (17898): Wallet sync [1257]: shielded=false, unshielded=true, dust=false
[11:08:19.236] INFO (17898): Wallet sync [1258]: shielded=false, unshielded=true, dust=false
[11:08:19.300] INFO (17898): Wallet sync [1259]: shielded=false, unshielded=true, dust=false
[11:08:19.347] INFO (17898): Wallet sync [1260]: shielded=false, unshielded=true, dust=false
[11:08:19.408] INFO (17898): Wallet sync [1261]: shielded=false, unshielded=true, dust=false
[11:08:19.466] INFO (17898): Wallet sync [1262]: shielded=false, unshielded=true, dust=false
[11:08:19.541] INFO (17898): Wallet sync [1263]: shielded=false, unshielded=true, dust=false
[11:08:19.598] INFO (17898): Wallet sync [1264]: shielded=false, unshielded=true, dust=false
[11:08:19.655] INFO (17898): Wallet sync [1265]: shielded=false, unshielded=true, dust=false
[11:08:19.709] INFO (17898): Wallet sync [1266]: shielded=false, unshielded=true, dust=false
[11:08:19.777] INFO (17898): Wallet sync [1267]: shielded=false, unshielded=true, dust=false
[11:08:19.839] INFO (17898): Wallet sync [1268]: shielded=false, unshielded=true, dust=false
[11:08:19.907] INFO (17898): Wallet sync [1269]: shielded=false, unshielded=true, dust=false
[11:08:19.954] INFO (17898): Wallet sync [1270]: shielded=false, unshielded=true, dust=false
[11:08:20.007] INFO (17898): Wallet sync [1271]: shielded=false, unshielded=true, dust=false
[11:08:20.054] INFO (17898): Wallet sync [1272]: shielded=false, unshielded=true, dust=false
[11:08:20.114] INFO (17898): Wallet sync [1273]: shielded=false, unshielded=true, dust=false
[11:08:20.167] INFO (17898): Wallet sync [1274]: shielded=false, unshielded=true, dust=false
[11:08:20.231] INFO (17898): Wallet sync [1275]: shielded=false, unshielded=true, dust=false
[11:08:20.280] INFO (17898): Wallet sync [1276]: shielded=false, unshielded=true, dust=false
[11:08:20.386] INFO (17898): Wallet sync [1277]: shielded=false, unshielded=true, dust=false
[11:08:20.464] INFO (17898): Wallet sync [1278]: shielded=false, unshielded=true, dust=false
[11:08:20.551] INFO (17898): Wallet sync [1279]: shielded=false, unshielded=true, dust=false
[11:08:20.633] INFO (17898): Wallet sync [1280]: shielded=false, unshielded=true, dust=false
[11:08:20.711] INFO (17898): Wallet sync [1281]: shielded=false, unshielded=true, dust=false
[11:08:20.771] INFO (17898): Wallet sync [1282]: shielded=false, unshielded=true, dust=false
[11:08:20.831] INFO (17898): Wallet sync [1283]: shielded=false, unshielded=true, dust=false
[11:08:20.903] INFO (17898): Wallet sync [1284]: shielded=false, unshielded=true, dust=false
[11:08:20.979] INFO (17898): Wallet sync [1285]: shielded=false, unshielded=true, dust=false
[11:08:21.031] INFO (17898): Wallet sync [1286]: shielded=false, unshielded=true, dust=false
[11:08:21.109] INFO (17898): Wallet sync [1287]: shielded=false, unshielded=true, dust=false
[11:08:21.188] INFO (17898): Wallet sync [1288]: shielded=false, unshielded=true, dust=false
[11:08:21.254] INFO (17898): Wallet sync [1289]: shielded=false, unshielded=true, dust=false
[11:08:21.293] INFO (17898): Wallet sync [1290]: shielded=false, unshielded=true, dust=false
[11:08:21.361] INFO (17898): Wallet sync [1291]: shielded=false, unshielded=true, dust=false
[11:08:21.414] INFO (17898): Wallet sync [1292]: shielded=false, unshielded=true, dust=false
[11:08:21.473] INFO (17898): Wallet sync [1293]: shielded=false, unshielded=true, dust=false
[11:08:21.526] INFO (17898): Wallet sync [1294]: shielded=false, unshielded=true, dust=false
[11:08:21.587] INFO (17898): Wallet sync [1295]: shielded=false, unshielded=true, dust=false
[11:08:21.625] INFO (17898): Wallet sync [1296]: shielded=false, unshielded=true, dust=false
[11:08:21.711] INFO (17898): Wallet sync [1297]: shielded=false, unshielded=true, dust=false
[11:08:21.762] INFO (17898): Wallet sync [1298]: shielded=false, unshielded=true, dust=false
[11:08:21.815] INFO (17898): Wallet sync [1299]: shielded=false, unshielded=true, dust=false
[11:08:21.868] INFO (17898): Wallet sync [1300]: shielded=false, unshielded=true, dust=false
[11:08:21.923] INFO (17898): Wallet sync [1301]: shielded=false, unshielded=true, dust=false
[11:08:21.969] INFO (17898): Wallet sync [1302]: shielded=false, unshielded=true, dust=false
[11:08:22.029] INFO (17898): Wallet sync [1303]: shielded=false, unshielded=true, dust=false
[11:08:22.067] INFO (17898): Wallet sync [1304]: shielded=false, unshielded=true, dust=false
[11:08:22.128] INFO (17898): Wallet sync [1305]: shielded=false, unshielded=true, dust=false
[11:08:22.162] INFO (17898): Wallet sync [1306]: shielded=false, unshielded=true, dust=false
[11:08:22.244] INFO (17898): Wallet sync [1307]: shielded=false, unshielded=true, dust=false
[11:08:22.288] INFO (17898): Wallet sync [1308]: shielded=false, unshielded=true, dust=false
[11:08:22.357] INFO (17898): Wallet sync [1309]: shielded=false, unshielded=true, dust=false
[11:08:22.429] INFO (17898): Wallet sync [1310]: shielded=false, unshielded=true, dust=false
[11:08:22.502] INFO (17898): Wallet sync [1311]: shielded=false, unshielded=true, dust=false
[11:08:22.575] INFO (17898): Wallet sync [1312]: shielded=false, unshielded=true, dust=false
[11:08:22.641] INFO (17898): Wallet sync [1313]: shielded=false, unshielded=true, dust=false
[11:08:22.706] INFO (17898): Wallet sync [1314]: shielded=false, unshielded=true, dust=false
[11:08:22.781] INFO (17898): Wallet sync [1315]: shielded=false, unshielded=true, dust=false
[11:08:22.835] INFO (17898): Wallet sync [1316]: shielded=false, unshielded=true, dust=false
[11:08:22.905] INFO (17898): Wallet sync [1317]: shielded=false, unshielded=true, dust=false
[11:08:22.970] INFO (17898): Wallet sync [1318]: shielded=false, unshielded=true, dust=false
[11:08:23.038] INFO (17898): Wallet sync [1319]: shielded=false, unshielded=true, dust=false
[11:08:23.097] INFO (17898): Wallet sync [1320]: shielded=false, unshielded=true, dust=false
[11:08:23.185] INFO (17898): Wallet sync [1321]: shielded=false, unshielded=true, dust=false
[11:08:23.269] INFO (17898): Wallet sync [1322]: shielded=false, unshielded=true, dust=false
[11:08:23.339] INFO (17898): Wallet sync [1323]: shielded=false, unshielded=true, dust=false
[11:08:23.395] INFO (17898): Wallet sync [1324]: shielded=false, unshielded=true, dust=false
[11:08:23.472] INFO (17898): Wallet sync [1325]: shielded=false, unshielded=true, dust=false
[11:08:23.532] INFO (17898): Wallet sync [1326]: shielded=false, unshielded=true, dust=false
[11:08:23.592] INFO (17898): Wallet sync [1327]: shielded=false, unshielded=true, dust=false
[11:08:23.661] INFO (17898): Wallet sync [1328]: shielded=false, unshielded=true, dust=false
[11:08:23.729] INFO (17898): Wallet sync [1329]: shielded=false, unshielded=true, dust=false
[11:08:23.781] INFO (17898): Wallet sync [1330]: shielded=false, unshielded=true, dust=false
[11:08:23.845] INFO (17898): Wallet sync [1331]: shielded=false, unshielded=true, dust=false
[11:08:23.908] INFO (17898): Wallet sync [1332]: shielded=false, unshielded=true, dust=false
[11:08:23.987] INFO (17898): Wallet sync [1333]: shielded=false, unshielded=true, dust=false
[11:08:24.055] INFO (17898): Wallet sync [1334]: shielded=false, unshielded=true, dust=false
[11:08:24.128] INFO (17898): Wallet sync [1335]: shielded=false, unshielded=true, dust=false
[11:08:24.182] INFO (17898): Wallet sync [1336]: shielded=false, unshielded=true, dust=false
[11:08:24.244] INFO (17898): Wallet sync [1337]: shielded=false, unshielded=true, dust=false
[11:08:24.311] INFO (17898): Wallet sync [1338]: shielded=false, unshielded=true, dust=false
[11:08:24.390] INFO (17898): Wallet sync [1339]: shielded=false, unshielded=true, dust=false
[11:08:24.450] INFO (17898): Wallet sync [1340]: shielded=false, unshielded=true, dust=false
[11:08:24.525] INFO (17898): Wallet sync [1341]: shielded=false, unshielded=true, dust=false
[11:08:24.580] INFO (17898): Wallet sync [1342]: shielded=false, unshielded=true, dust=false
[11:08:24.671] INFO (17898): Wallet sync [1343]: shielded=false, unshielded=true, dust=false
[11:08:24.731] INFO (17898): Wallet sync [1344]: shielded=false, unshielded=true, dust=false
[11:08:24.793] INFO (17898): Wallet sync [1345]: shielded=false, unshielded=true, dust=false
[11:08:24.858] INFO (17898): Wallet sync [1346]: shielded=false, unshielded=true, dust=false
[11:08:24.922] INFO (17898): Wallet sync [1347]: shielded=false, unshielded=true, dust=false
[11:08:24.976] INFO (17898): Wallet sync [1348]: shielded=false, unshielded=true, dust=false
[11:08:25.040] INFO (17898): Wallet sync [1349]: shielded=false, unshielded=true, dust=false
[11:08:25.071] INFO (17898): Wallet sync [1350]: shielded=false, unshielded=true, dust=false
[11:08:25.133] INFO (17898): Wallet sync [1351]: shielded=false, unshielded=true, dust=false
[11:08:25.178] INFO (17898): Wallet sync [1352]: shielded=false, unshielded=true, dust=false
[11:08:25.249] INFO (17898): Wallet sync [1353]: shielded=false, unshielded=true, dust=false
[11:08:25.289] INFO (17898): Wallet sync [1354]: shielded=false, unshielded=true, dust=false
[11:08:25.357] INFO (17898): Wallet sync [1355]: shielded=false, unshielded=true, dust=false
[11:08:25.401] INFO (17898): Wallet sync [1356]: shielded=false, unshielded=true, dust=false
[11:08:25.462] INFO (17898): Wallet sync [1357]: shielded=false, unshielded=true, dust=false
[11:08:25.507] INFO (17898): Wallet sync [1358]: shielded=false, unshielded=true, dust=false
[11:08:25.583] INFO (17898): Wallet sync [1359]: shielded=false, unshielded=true, dust=false
[11:08:25.623] INFO (17898): Wallet sync [1360]: shielded=false, unshielded=true, dust=false
[11:08:25.687] INFO (17898): Wallet sync [1361]: shielded=false, unshielded=true, dust=false
[11:08:25.720] INFO (17898): Wallet sync [1362]: shielded=false, unshielded=true, dust=false
[11:08:25.794] INFO (17898): Wallet sync [1363]: shielded=false, unshielded=true, dust=false
[11:08:25.880] INFO (17898): Wallet sync [1364]: shielded=false, unshielded=true, dust=false
[11:08:25.893] INFO (17898): Wallet sync [1365]: shielded=false, unshielded=true, dust=false
[11:08:25.946] INFO (17898): Wallet sync [1366]: shielded=false, unshielded=true, dust=false
[11:08:25.982] INFO (17898): Wallet sync [1367]: shielded=false, unshielded=true, dust=false
[11:08:26.045] INFO (17898): Wallet sync [1368]: shielded=false, unshielded=true, dust=false
[11:08:26.095] INFO (17898): Wallet sync [1369]: shielded=false, unshielded=true, dust=false
[11:08:26.157] INFO (17898): Wallet sync [1370]: shielded=false, unshielded=true, dust=false
[11:08:26.202] INFO (17898): Wallet sync [1371]: shielded=false, unshielded=true, dust=false
[11:08:26.270] INFO (17898): Wallet sync [1372]: shielded=false, unshielded=true, dust=false
[11:08:26.315] INFO (17898): Wallet sync [1373]: shielded=false, unshielded=true, dust=false
[11:08:26.393] INFO (17898): Wallet sync [1374]: shielded=false, unshielded=true, dust=false
[11:08:26.446] INFO (17898): Wallet sync [1375]: shielded=false, unshielded=true, dust=false
[11:08:26.511] INFO (17898): Wallet sync [1376]: shielded=false, unshielded=true, dust=false
[11:08:26.553] INFO (17898): Wallet sync [1377]: shielded=false, unshielded=true, dust=false
[11:08:26.626] INFO (17898): Wallet sync [1378]: shielded=false, unshielded=true, dust=false
[11:08:26.682] INFO (17898): Wallet sync [1379]: shielded=false, unshielded=true, dust=false
[11:08:26.741] INFO (17898): Wallet sync [1380]: shielded=false, unshielded=true, dust=false
[11:08:26.794] INFO (17898): Wallet sync [1381]: shielded=false, unshielded=true, dust=false
[11:08:26.862] INFO (17898): Wallet sync [1382]: shielded=false, unshielded=true, dust=false
[11:08:26.908] INFO (17898): Wallet sync [1383]: shielded=false, unshielded=true, dust=false
[11:08:26.965] INFO (17898): Wallet sync [1384]: shielded=false, unshielded=true, dust=false
[11:08:27.006] INFO (17898): Wallet sync [1385]: shielded=false, unshielded=true, dust=false
[11:08:27.071] INFO (17898): Wallet sync [1386]: shielded=false, unshielded=true, dust=false
[11:08:27.102] INFO (17898): Wallet sync [1387]: shielded=false, unshielded=true, dust=false
[11:08:27.167] INFO (17898): Wallet sync [1388]: shielded=false, unshielded=true, dust=false
[11:08:27.227] INFO (17898): Wallet sync [1389]: shielded=false, unshielded=true, dust=false
[11:08:27.300] INFO (17898): Wallet sync [1390]: shielded=false, unshielded=true, dust=false
[11:08:27.339] INFO (17898): Wallet sync [1391]: shielded=false, unshielded=true, dust=false
[11:08:27.403] INFO (17898): Wallet sync [1392]: shielded=false, unshielded=true, dust=false
[11:08:27.446] INFO (17898): Wallet sync [1393]: shielded=false, unshielded=true, dust=false
[11:08:27.505] INFO (17898): Wallet sync [1394]: shielded=false, unshielded=true, dust=false
[11:08:27.548] INFO (17898): Wallet sync [1395]: shielded=false, unshielded=true, dust=false
[11:08:27.605] INFO (17898): Wallet sync [1396]: shielded=false, unshielded=true, dust=false
[11:08:27.642] INFO (17898): Wallet sync [1397]: shielded=false, unshielded=true, dust=false
[11:08:27.709] INFO (17898): Wallet sync [1398]: shielded=false, unshielded=true, dust=false
[11:08:27.759] INFO (17898): Wallet sync [1399]: shielded=false, unshielded=true, dust=false
[11:08:27.817] INFO (17898): Wallet sync [1400]: shielded=false, unshielded=true, dust=false
[11:08:27.861] INFO (17898): Wallet sync [1401]: shielded=false, unshielded=true, dust=false
[11:08:27.936] INFO (17898): Wallet sync [1402]: shielded=false, unshielded=true, dust=false
[11:08:27.984] INFO (17898): Wallet sync [1403]: shielded=false, unshielded=true, dust=false
[11:08:28.050] INFO (17898): Wallet sync [1404]: shielded=false, unshielded=true, dust=false
[11:08:28.105] INFO (17898): Wallet sync [1405]: shielded=false, unshielded=true, dust=false
[11:08:28.167] INFO (17898): Wallet sync [1406]: shielded=false, unshielded=true, dust=false
[11:08:28.231] INFO (17898): Wallet sync [1407]: shielded=false, unshielded=true, dust=false
[11:08:28.308] INFO (17898): Wallet sync [1408]: shielded=false, unshielded=true, dust=false
[11:08:28.352] INFO (17898): Wallet sync [1409]: shielded=false, unshielded=true, dust=false
[11:08:28.421] INFO (17898): Wallet sync [1410]: shielded=false, unshielded=true, dust=false
[11:08:28.486] INFO (17898): Wallet sync [1411]: shielded=false, unshielded=true, dust=false
[11:08:28.570] INFO (17898): Wallet sync [1412]: shielded=false, unshielded=true, dust=false
[11:08:28.612] INFO (17898): Wallet sync [1413]: shielded=false, unshielded=true, dust=false
[11:08:28.679] INFO (17898): Wallet sync [1414]: shielded=false, unshielded=true, dust=false
[11:08:28.734] INFO (17898): Wallet sync [1415]: shielded=false, unshielded=true, dust=false
[11:08:28.801] INFO (17898): Wallet sync [1416]: shielded=false, unshielded=true, dust=false
[11:08:28.875] INFO (17898): Wallet sync [1417]: shielded=false, unshielded=true, dust=false
[11:08:28.940] INFO (17898): Wallet sync [1418]: shielded=false, unshielded=true, dust=false
[11:08:28.979] INFO (17898): Wallet sync [1419]: shielded=false, unshielded=true, dust=false
[11:08:29.040] INFO (17898): Wallet sync [1420]: shielded=false, unshielded=true, dust=false
[11:08:29.092] INFO (17898): Wallet sync [1421]: shielded=false, unshielded=true, dust=false
[11:08:29.154] INFO (17898): Wallet sync [1422]: shielded=false, unshielded=true, dust=false
[11:08:29.195] INFO (17898): Wallet sync [1423]: shielded=false, unshielded=true, dust=false
[11:08:29.261] INFO (17898): Wallet sync [1424]: shielded=false, unshielded=true, dust=false
[11:08:29.312] INFO (17898): Wallet sync [1425]: shielded=false, unshielded=true, dust=false
[11:08:29.374] INFO (17898): Wallet sync [1426]: shielded=false, unshielded=true, dust=false
[11:08:29.425] INFO (17898): Wallet sync [1427]: shielded=false, unshielded=true, dust=false
[11:08:29.481] INFO (17898): Wallet sync [1428]: shielded=false, unshielded=true, dust=false
[11:08:29.530] INFO (17898): Wallet sync [1429]: shielded=false, unshielded=true, dust=false
[11:08:29.603] INFO (17898): Wallet sync [1430]: shielded=false, unshielded=true, dust=false
[11:08:29.641] INFO (17898): Wallet sync [1431]: shielded=false, unshielded=true, dust=false
[11:08:29.697] INFO (17898): Wallet sync [1432]: shielded=false, unshielded=true, dust=false
[11:08:29.744] INFO (17898): Wallet sync [1433]: shielded=false, unshielded=true, dust=false
[11:08:29.809] INFO (17898): Wallet sync [1434]: shielded=false, unshielded=true, dust=false
[11:08:29.851] INFO (17898): Wallet sync [1435]: shielded=false, unshielded=true, dust=false
[11:08:29.907] INFO (17898): Wallet sync [1436]: shielded=false, unshielded=true, dust=false
[11:08:29.965] INFO (17898): Wallet sync [1437]: shielded=false, unshielded=true, dust=false
[11:08:30.030] INFO (17898): Wallet sync [1438]: shielded=false, unshielded=true, dust=false
[11:08:30.078] INFO (17898): Wallet sync [1439]: shielded=false, unshielded=true, dust=false
[11:08:30.128] INFO (17898): Wallet sync [1440]: shielded=false, unshielded=true, dust=false
[11:08:30.170] INFO (17898): Wallet sync [1441]: shielded=false, unshielded=true, dust=false
[11:08:30.237] INFO (17898): Wallet sync [1442]: shielded=false, unshielded=true, dust=false
[11:08:30.279] INFO (17898): Wallet sync [1443]: shielded=false, unshielded=true, dust=false
[11:08:30.347] INFO (17898): Wallet sync [1444]: shielded=false, unshielded=true, dust=false
[11:08:30.395] INFO (17898): Wallet sync [1445]: shielded=false, unshielded=true, dust=false
[11:08:30.461] INFO (17898): Wallet sync [1446]: shielded=false, unshielded=true, dust=false
[11:08:30.502] INFO (17898): Wallet sync [1447]: shielded=false, unshielded=true, dust=false
[11:08:30.582] INFO (17898): Wallet sync [1448]: shielded=false, unshielded=true, dust=false
[11:08:30.637] INFO (17898): Wallet sync [1449]: shielded=false, unshielded=true, dust=false
[11:08:30.699] INFO (17898): Wallet sync [1450]: shielded=false, unshielded=true, dust=false
[11:08:30.758] INFO (17898): Wallet sync [1451]: shielded=false, unshielded=true, dust=false
[11:08:30.829] INFO (17898): Wallet sync [1452]: shielded=false, unshielded=true, dust=false
[11:08:30.873] INFO (17898): Wallet sync [1453]: shielded=false, unshielded=true, dust=false
[11:08:30.944] INFO (17898): Wallet sync [1454]: shielded=false, unshielded=true, dust=false
[11:08:31.010] INFO (17898): Wallet sync [1455]: shielded=false, unshielded=true, dust=false
[11:08:31.083] INFO (17898): Wallet sync [1456]: shielded=false, unshielded=true, dust=false
[11:08:31.156] INFO (17898): Wallet sync [1457]: shielded=false, unshielded=true, dust=false
[11:08:31.222] INFO (17898): Wallet sync [1458]: shielded=false, unshielded=true, dust=false
[11:08:31.252] INFO (17898): Wallet sync [1459]: shielded=false, unshielded=true, dust=false
[11:08:31.309] INFO (17898): Wallet sync [1460]: shielded=false, unshielded=true, dust=false
[11:08:31.362] INFO (17898): Wallet sync [1461]: shielded=false, unshielded=true, dust=false
[11:08:31.439] INFO (17898): Wallet sync [1462]: shielded=false, unshielded=true, dust=false
[11:08:31.481] INFO (17898): Wallet sync [1463]: shielded=false, unshielded=true, dust=false
[11:08:31.547] INFO (17898): Wallet sync [1464]: shielded=false, unshielded=true, dust=false
[11:08:31.602] INFO (17898): Wallet sync [1465]: shielded=false, unshielded=true, dust=false
[11:08:31.674] INFO (17898): Wallet sync [1466]: shielded=false, unshielded=true, dust=false
[11:08:31.727] INFO (17898): Wallet sync [1467]: shielded=false, unshielded=true, dust=false
[11:08:31.789] INFO (17898): Wallet sync [1468]: shielded=false, unshielded=true, dust=false
[11:08:31.840] INFO (17898): Wallet sync [1469]: shielded=false, unshielded=true, dust=false
[11:08:31.906] INFO (17898): Wallet sync [1470]: shielded=false, unshielded=true, dust=false
[11:08:31.953] INFO (17898): Wallet sync [1471]: shielded=false, unshielded=true, dust=false
[11:08:32.008] INFO (17898): Wallet sync [1472]: shielded=false, unshielded=true, dust=false
[11:08:32.065] INFO (17898): Wallet sync [1473]: shielded=false, unshielded=true, dust=false
[11:08:32.127] INFO (17898): Wallet sync [1474]: shielded=false, unshielded=true, dust=false
[11:08:32.175] INFO (17898): Wallet sync [1475]: shielded=false, unshielded=true, dust=false
[11:08:32.270] INFO (17898): Wallet sync [1476]: shielded=false, unshielded=true, dust=false
[11:08:32.328] INFO (17898): Wallet sync [1477]: shielded=false, unshielded=true, dust=false
[11:08:32.395] INFO (17898): Wallet sync [1478]: shielded=false, unshielded=true, dust=false
[11:08:32.441] INFO (17898): Wallet sync [1479]: shielded=false, unshielded=true, dust=false
[11:08:32.515] INFO (17898): Wallet sync [1480]: shielded=false, unshielded=true, dust=false
[11:08:32.567] INFO (17898): Wallet sync [1481]: shielded=false, unshielded=true, dust=false
[11:08:32.696] INFO (17898): Wallet sync [1482]: shielded=false, unshielded=true, dust=false
[11:08:32.748] INFO (17898): Wallet sync [1483]: shielded=false, unshielded=true, dust=false
[11:08:32.845] INFO (17898): Wallet sync [1484]: shielded=false, unshielded=true, dust=false
[11:08:32.890] INFO (17898): Wallet sync [1485]: shielded=false, unshielded=true, dust=false
[11:08:32.944] INFO (17898): Wallet sync [1486]: shielded=false, unshielded=true, dust=false
[11:08:32.994] INFO (17898): Wallet sync [1487]: shielded=false, unshielded=true, dust=false
[11:08:33.057] INFO (17898): Wallet sync [1488]: shielded=false, unshielded=true, dust=false
[11:08:33.097] INFO (17898): Wallet sync [1489]: shielded=false, unshielded=true, dust=false
[11:08:33.150] INFO (17898): Wallet sync [1490]: shielded=false, unshielded=true, dust=false
[11:08:33.200] INFO (17898): Wallet sync [1491]: shielded=false, unshielded=true, dust=false
[11:08:33.274] INFO (17898): Wallet sync [1492]: shielded=false, unshielded=true, dust=false
[11:08:33.327] INFO (17898): Wallet sync [1493]: shielded=false, unshielded=true, dust=false
[11:08:33.388] INFO (17898): Wallet sync [1494]: shielded=false, unshielded=true, dust=false
[11:08:33.438] INFO (17898): Wallet sync [1495]: shielded=false, unshielded=true, dust=false
[11:08:33.516] INFO (17898): Wallet sync [1496]: shielded=false, unshielded=true, dust=false
[11:08:33.553] INFO (17898): Wallet sync [1497]: shielded=false, unshielded=true, dust=false
[11:08:33.630] INFO (17898): Wallet sync [1498]: shielded=false, unshielded=true, dust=false
[11:08:33.709] INFO (17898): Wallet sync [1499]: shielded=false, unshielded=true, dust=false
[11:08:33.800] INFO (17898): Wallet sync [1500]: shielded=false, unshielded=true, dust=false
[11:08:33.853] INFO (17898): Wallet sync [1501]: shielded=false, unshielded=true, dust=false
[11:08:33.917] INFO (17898): Wallet sync [1502]: shielded=false, unshielded=true, dust=false
[11:08:33.977] INFO (17898): Wallet sync [1503]: shielded=false, unshielded=true, dust=false
[11:08:34.045] INFO (17898): Wallet sync [1504]: shielded=false, unshielded=true, dust=false
[11:08:34.088] INFO (17898): Wallet sync [1505]: shielded=false, unshielded=true, dust=false
[11:08:34.144] INFO (17898): Wallet sync [1506]: shielded=false, unshielded=true, dust=false
[11:08:34.189] INFO (17898): Wallet sync [1507]: shielded=false, unshielded=true, dust=false
[11:08:34.250] INFO (17898): Wallet sync [1508]: shielded=false, unshielded=true, dust=false
[11:08:34.300] INFO (17898): Wallet sync [1509]: shielded=false, unshielded=true, dust=false
[11:08:34.367] INFO (17898): Wallet sync [1510]: shielded=false, unshielded=true, dust=false
[11:08:34.420] INFO (17898): Wallet sync [1511]: shielded=false, unshielded=true, dust=false
[11:08:34.485] INFO (17898): Wallet sync [1512]: shielded=false, unshielded=true, dust=false
[11:08:34.531] INFO (17898): Wallet sync [1513]: shielded=false, unshielded=true, dust=false
[11:08:34.612] INFO (17898): Wallet sync [1514]: shielded=false, unshielded=true, dust=false
[11:08:34.669] INFO (17898): Wallet sync [1515]: shielded=false, unshielded=true, dust=false
[11:08:34.736] INFO (17898): Wallet sync [1516]: shielded=false, unshielded=true, dust=false
[11:08:34.798] INFO (17898): Wallet sync [1517]: shielded=false, unshielded=true, dust=false
[11:08:34.862] INFO (17898): Wallet sync [1518]: shielded=false, unshielded=true, dust=false
[11:08:34.913] INFO (17898): Wallet sync [1519]: shielded=false, unshielded=true, dust=false
[11:08:35.009] INFO (17898): Wallet sync [1520]: shielded=false, unshielded=true, dust=false
[11:08:35.165] INFO (17898): Wallet sync [1521]: shielded=false, unshielded=true, dust=false
[11:08:35.245] INFO (17898): Wallet sync [1522]: shielded=false, unshielded=true, dust=false
[11:08:35.334] INFO (17898): Wallet sync [1523]: shielded=false, unshielded=true, dust=false
[11:08:35.452] INFO (17898): Wallet sync [1524]: shielded=false, unshielded=true, dust=false
[11:08:35.530] INFO (17898): Wallet sync [1525]: shielded=false, unshielded=true, dust=false
[11:08:35.592] INFO (17898): Wallet sync [1526]: shielded=false, unshielded=true, dust=false
[11:08:35.654] INFO (17898): Wallet sync [1527]: shielded=false, unshielded=true, dust=false
[11:08:35.720] INFO (17898): Wallet sync [1528]: shielded=false, unshielded=true, dust=false
[11:08:35.763] INFO (17898): Wallet sync [1529]: shielded=false, unshielded=true, dust=false
[11:08:35.838] INFO (17898): Wallet sync [1530]: shielded=false, unshielded=true, dust=false
[11:08:35.879] INFO (17898): Wallet sync [1531]: shielded=false, unshielded=true, dust=false
[11:08:35.948] INFO (17898): Wallet sync [1532]: shielded=false, unshielded=true, dust=false
[11:08:36.002] INFO (17898): Wallet sync [1533]: shielded=false, unshielded=true, dust=false
[11:08:36.073] INFO (17898): Wallet sync [1534]: shielded=false, unshielded=true, dust=false
[11:08:36.131] INFO (17898): Wallet sync [1535]: shielded=false, unshielded=true, dust=false
[11:08:36.197] INFO (17898): Wallet sync [1536]: shielded=false, unshielded=true, dust=false
[11:08:36.260] INFO (17898): Wallet sync [1537]: shielded=false, unshielded=true, dust=false
[11:08:36.354] INFO (17898): Wallet sync [1538]: shielded=false, unshielded=true, dust=false
[11:08:36.403] INFO (17898): Wallet sync [1539]: shielded=false, unshielded=true, dust=false
[11:08:36.466] INFO (17898): Wallet sync [1540]: shielded=false, unshielded=true, dust=false
[11:08:36.516] INFO (17898): Wallet sync [1541]: shielded=false, unshielded=true, dust=false
[11:08:36.589] INFO (17898): Wallet sync [1542]: shielded=false, unshielded=true, dust=false
[11:08:36.637] INFO (17898): Wallet sync [1543]: shielded=false, unshielded=true, dust=false
[11:08:36.703] INFO (17898): Wallet sync [1544]: shielded=false, unshielded=true, dust=false
[11:08:36.738] INFO (17898): Wallet sync [1545]: shielded=false, unshielded=true, dust=false
[11:08:36.805] INFO (17898): Wallet sync [1546]: shielded=false, unshielded=true, dust=false
[11:08:36.855] INFO (17898): Wallet sync [1547]: shielded=false, unshielded=true, dust=false
[11:08:36.913] INFO (17898): Wallet sync [1548]: shielded=false, unshielded=true, dust=false
[11:08:36.953] INFO (17898): Wallet sync [1549]: shielded=false, unshielded=true, dust=false
[11:08:37.021] INFO (17898): Wallet sync [1550]: shielded=false, unshielded=true, dust=false
[11:08:37.062] INFO (17898): Wallet sync [1551]: shielded=false, unshielded=true, dust=false
[11:08:37.125] INFO (17898): Wallet sync [1552]: shielded=false, unshielded=true, dust=false
[11:08:37.174] INFO (17898): Wallet sync [1553]: shielded=false, unshielded=true, dust=false
[11:08:37.257] INFO (17898): Wallet sync [1554]: shielded=false, unshielded=true, dust=false
[11:08:37.308] INFO (17898): Wallet sync [1555]: shielded=false, unshielded=true, dust=false
[11:08:37.377] INFO (17898): Wallet sync [1556]: shielded=false, unshielded=true, dust=false
[11:08:37.431] INFO (17898): Wallet sync [1557]: shielded=false, unshielded=true, dust=false
[11:08:37.490] INFO (17898): Wallet sync [1558]: shielded=false, unshielded=true, dust=false
[11:08:37.529] INFO (17898): Wallet sync [1559]: shielded=false, unshielded=true, dust=false
[11:08:37.587] INFO (17898): Wallet sync [1560]: shielded=false, unshielded=true, dust=false
[11:08:37.624] INFO (17898): Wallet sync [1561]: shielded=false, unshielded=true, dust=false
[11:08:37.702] INFO (17898): Wallet sync [1562]: shielded=false, unshielded=true, dust=false
[11:08:37.746] INFO (17898): Wallet sync [1563]: shielded=false, unshielded=true, dust=false
[11:08:37.808] INFO (17898): Wallet sync [1564]: shielded=false, unshielded=true, dust=false
[11:08:37.848] INFO (17898): Wallet sync [1565]: shielded=false, unshielded=true, dust=false
[11:08:37.909] INFO (17898): Wallet sync [1566]: shielded=false, unshielded=true, dust=false
[11:08:37.952] INFO (17898): Wallet sync [1567]: shielded=false, unshielded=true, dust=false
[11:08:38.014] INFO (17898): Wallet sync [1568]: shielded=false, unshielded=true, dust=false
[11:08:38.061] INFO (17898): Wallet sync [1569]: shielded=false, unshielded=true, dust=false
[11:08:38.127] INFO (17898): Wallet sync [1570]: shielded=false, unshielded=true, dust=false
[11:08:38.174] INFO (17898): Wallet sync [1571]: shielded=false, unshielded=true, dust=false
[11:08:38.256] INFO (17898): Wallet sync [1572]: shielded=false, unshielded=true, dust=false
[11:08:38.296] INFO (17898): Wallet sync [1573]: shielded=false, unshielded=true, dust=false
[11:08:38.365] INFO (17898): Wallet sync [1574]: shielded=false, unshielded=true, dust=false
[11:08:38.412] INFO (17898): Wallet sync [1575]: shielded=false, unshielded=true, dust=false
[11:08:38.468] INFO (17898): Wallet sync [1576]: shielded=false, unshielded=true, dust=false
[11:08:38.518] INFO (17898): Wallet sync [1577]: shielded=false, unshielded=true, dust=false
[11:08:38.575] INFO (17898): Wallet sync [1578]: shielded=false, unshielded=true, dust=false
[11:08:38.647] INFO (17898): Wallet sync [1579]: shielded=false, unshielded=true, dust=false
[11:08:38.709] INFO (17898): Wallet sync [1580]: shielded=false, unshielded=true, dust=false
[11:08:38.753] INFO (17898): Wallet sync [1581]: shielded=false, unshielded=true, dust=false
[11:08:38.827] INFO (17898): Wallet sync [1582]: shielded=false, unshielded=true, dust=false
[11:08:38.881] INFO (17898): Wallet sync [1583]: shielded=false, unshielded=true, dust=false
[11:08:38.964] INFO (17898): Wallet sync [1584]: shielded=false, unshielded=true, dust=false
[11:08:39.020] INFO (17898): Wallet sync [1585]: shielded=false, unshielded=true, dust=false
[11:08:39.072] INFO (17898): Wallet sync [1586]: shielded=false, unshielded=true, dust=false
[11:08:39.125] INFO (17898): Wallet sync [1587]: shielded=false, unshielded=true, dust=false
[11:08:39.225] INFO (17898): Wallet sync [1588]: shielded=false, unshielded=true, dust=false
[11:08:39.268] INFO (17898): Wallet sync [1589]: shielded=false, unshielded=true, dust=false
[11:08:39.427] INFO (17898): Wallet sync [1590]: shielded=false, unshielded=true, dust=false
[11:08:39.588] INFO (17898): Wallet sync [1591]: shielded=false, unshielded=true, dust=false
[11:08:39.682] INFO (17898): Wallet sync [1592]: shielded=false, unshielded=true, dust=false
[11:08:39.770] INFO (17898): Wallet sync [1593]: shielded=false, unshielded=true, dust=false
[11:08:39.890] INFO (17898): Wallet sync [1594]: shielded=false, unshielded=true, dust=false
[11:08:39.957] INFO (17898): Wallet sync [1595]: shielded=false, unshielded=true, dust=false
[11:08:40.045] INFO (17898): Wallet sync [1596]: shielded=false, unshielded=true, dust=false
[11:08:40.100] INFO (17898): Wallet sync [1597]: shielded=false, unshielded=true, dust=false
[11:08:40.169] INFO (17898): Wallet sync [1598]: shielded=false, unshielded=true, dust=false
[11:08:40.213] INFO (17898): Wallet sync [1599]: shielded=false, unshielded=true, dust=false
[11:08:40.286] INFO (17898): Wallet sync [1600]: shielded=false, unshielded=true, dust=false
[11:08:40.341] INFO (17898): Wallet sync [1601]: shielded=false, unshielded=true, dust=false
[11:08:40.418] INFO (17898): Wallet sync [1602]: shielded=false, unshielded=true, dust=false
[11:08:40.480] INFO (17898): Wallet sync [1603]: shielded=false, unshielded=true, dust=false
[11:08:40.562] INFO (17898): Wallet sync [1604]: shielded=false, unshielded=true, dust=false
[11:08:40.619] INFO (17898): Wallet sync [1605]: shielded=false, unshielded=true, dust=false
[11:08:40.680] INFO (17898): Wallet sync [1606]: shielded=false, unshielded=true, dust=false
[11:08:40.724] INFO (17898): Wallet sync [1607]: shielded=false, unshielded=true, dust=false
[11:08:40.792] INFO (17898): Wallet sync [1608]: shielded=false, unshielded=true, dust=false
[11:08:40.852] INFO (17898): Wallet sync [1609]: shielded=false, unshielded=true, dust=false
[11:08:40.949] INFO (17898): Wallet sync [1610]: shielded=false, unshielded=true, dust=false
[11:08:40.997] INFO (17898): Wallet sync [1611]: shielded=false, unshielded=true, dust=false
[11:08:41.077] INFO (17898): Wallet sync [1612]: shielded=false, unshielded=true, dust=false
[11:08:41.169] INFO (17898): Wallet sync [1613]: shielded=false, unshielded=true, dust=false
[11:08:41.291] INFO (17898): Wallet sync [1614]: shielded=false, unshielded=true, dust=false
[11:08:41.369] INFO (17898): Wallet sync [1615]: shielded=false, unshielded=true, dust=false
[11:08:41.452] INFO (17898): Wallet sync [1616]: shielded=false, unshielded=true, dust=false
[11:08:41.491] INFO (17898): Wallet sync [1617]: shielded=false, unshielded=true, dust=false
[11:08:41.587] INFO (17898): Wallet sync [1618]: shielded=false, unshielded=true, dust=false
[11:08:41.644] INFO (17898): Wallet sync [1619]: shielded=false, unshielded=true, dust=false
[11:08:41.701] INFO (17898): Wallet sync [1620]: shielded=false, unshielded=true, dust=false
[11:08:41.742] INFO (17898): Wallet sync [1621]: shielded=false, unshielded=true, dust=false
[11:08:41.815] INFO (17898): Wallet sync [1622]: shielded=false, unshielded=true, dust=false
[11:08:41.850] INFO (17898): Wallet sync [1623]: shielded=false, unshielded=true, dust=false
[11:08:41.912] INFO (17898): Wallet sync [1624]: shielded=false, unshielded=true, dust=false
[11:08:41.974] INFO (17898): Wallet sync [1625]: shielded=false, unshielded=true, dust=false
[11:08:42.033] INFO (17898): Wallet sync [1626]: shielded=false, unshielded=true, dust=false
[11:08:42.074] INFO (17898): Wallet sync [1627]: shielded=false, unshielded=true, dust=false
[11:08:42.142] INFO (17898): Wallet sync [1628]: shielded=false, unshielded=true, dust=false
[11:08:42.192] INFO (17898): Wallet sync [1629]: shielded=false, unshielded=true, dust=false
[11:08:42.256] INFO (17898): Wallet sync [1630]: shielded=false, unshielded=true, dust=false
[11:08:42.307] INFO (17898): Wallet sync [1631]: shielded=false, unshielded=true, dust=false
[11:08:42.369] INFO (17898): Wallet sync [1632]: shielded=false, unshielded=true, dust=false
[11:08:42.412] INFO (17898): Wallet sync [1633]: shielded=false, unshielded=true, dust=false
[11:08:42.471] INFO (17898): Wallet sync [1634]: shielded=false, unshielded=true, dust=false
[11:08:42.511] INFO (17898): Wallet sync [1635]: shielded=false, unshielded=true, dust=false
[11:08:42.565] INFO (17898): Wallet sync [1636]: shielded=false, unshielded=true, dust=false
[11:08:42.610] INFO (17898): Wallet sync [1637]: shielded=false, unshielded=true, dust=false
[11:08:42.673] INFO (17898): Wallet sync [1638]: shielded=false, unshielded=true, dust=false
[11:08:42.725] INFO (17898): Wallet sync [1639]: shielded=false, unshielded=true, dust=false
[11:08:42.795] INFO (17898): Wallet sync [1640]: shielded=false, unshielded=true, dust=false
[11:08:42.838] INFO (17898): Wallet sync [1641]: shielded=false, unshielded=true, dust=false
[11:08:42.893] INFO (17898): Wallet sync [1642]: shielded=false, unshielded=true, dust=false
[11:08:42.932] INFO (17898): Wallet sync [1643]: shielded=false, unshielded=true, dust=false
[11:08:42.998] INFO (17898): Wallet sync [1644]: shielded=false, unshielded=true, dust=false
[11:08:43.054] INFO (17898): Wallet sync [1645]: shielded=false, unshielded=true, dust=false
[11:08:43.115] INFO (17898): Wallet sync [1646]: shielded=false, unshielded=true, dust=false
[11:08:43.168] INFO (17898): Wallet sync [1647]: shielded=false, unshielded=true, dust=false
[11:08:43.237] INFO (17898): Wallet sync [1648]: shielded=false, unshielded=true, dust=false
[11:08:43.294] INFO (17898): Wallet sync [1649]: shielded=false, unshielded=true, dust=false
[11:08:43.347] INFO (17898): Wallet sync [1650]: shielded=false, unshielded=true, dust=false
[11:08:43.393] INFO (17898): Wallet sync [1651]: shielded=false, unshielded=true, dust=false
[11:08:43.456] INFO (17898): Wallet sync [1652]: shielded=false, unshielded=true, dust=false
[11:08:43.491] INFO (17898): Wallet sync [1653]: shielded=false, unshielded=true, dust=false
[11:08:43.556] INFO (17898): Wallet sync [1654]: shielded=false, unshielded=true, dust=false
[11:08:43.595] INFO (17898): Wallet sync [1655]: shielded=false, unshielded=true, dust=false
[11:08:43.670] INFO (17898): Wallet sync [1656]: shielded=false, unshielded=true, dust=false
[11:08:43.727] INFO (17898): Wallet sync [1657]: shielded=false, unshielded=true, dust=false
[11:08:43.803] INFO (17898): Wallet sync [1658]: shielded=false, unshielded=true, dust=false
[11:08:43.843] INFO (17898): Wallet sync [1659]: shielded=false, unshielded=true, dust=false
[11:08:43.912] INFO (17898): Wallet sync [1660]: shielded=false, unshielded=true, dust=false
[11:08:43.980] INFO (17898): Wallet sync [1661]: shielded=false, unshielded=true, dust=false
[11:08:44.048] INFO (17898): Wallet sync [1662]: shielded=false, unshielded=true, dust=false
[11:08:44.086] INFO (17898): Wallet sync [1663]: shielded=false, unshielded=true, dust=false
[11:08:44.178] INFO (17898): Wallet sync [1664]: shielded=false, unshielded=true, dust=false
[11:08:44.227] INFO (17898): Wallet sync [1665]: shielded=false, unshielded=true, dust=false
[11:08:44.287] INFO (17898): Wallet sync [1666]: shielded=false, unshielded=true, dust=false
[11:08:44.326] INFO (17898): Wallet sync [1667]: shielded=false, unshielded=true, dust=false
[11:08:44.415] INFO (17898): Wallet sync [1668]: shielded=false, unshielded=true, dust=false
[11:08:44.454] INFO (17898): Wallet sync [1669]: shielded=false, unshielded=true, dust=false
[11:08:44.502] INFO (17898): Wallet sync [1670]: shielded=false, unshielded=true, dust=false
[11:08:44.563] INFO (17898): Wallet sync [1671]: shielded=false, unshielded=true, dust=false
[11:08:44.629] INFO (17898): Wallet sync [1672]: shielded=false, unshielded=true, dust=false
[11:08:44.674] INFO (17898): Wallet sync [1673]: shielded=false, unshielded=true, dust=false
[11:08:44.739] INFO (17898): Wallet sync [1674]: shielded=false, unshielded=true, dust=false
[11:08:44.775] INFO (17898): Wallet sync [1675]: shielded=false, unshielded=true, dust=false
[11:08:44.842] INFO (17898): Wallet sync [1676]: shielded=false, unshielded=true, dust=false
[11:08:44.880] INFO (17898): Wallet sync [1677]: shielded=false, unshielded=true, dust=false
[11:08:44.937] INFO (17898): Wallet sync [1678]: shielded=false, unshielded=true, dust=false
[11:08:44.995] INFO (17898): Wallet sync [1679]: shielded=false, unshielded=true, dust=false
[11:08:45.048] INFO (17898): Wallet sync [1680]: shielded=false, unshielded=true, dust=false
[11:08:45.081] INFO (17898): Wallet sync [1681]: shielded=false, unshielded=true, dust=false
[11:08:45.161] INFO (17898): Wallet sync [1682]: shielded=false, unshielded=true, dust=false
[11:08:45.219] INFO (17898): Wallet sync [1683]: shielded=false, unshielded=true, dust=false
[11:08:45.289] INFO (17898): Wallet sync [1684]: shielded=false, unshielded=true, dust=false
[11:08:45.333] INFO (17898): Wallet sync [1685]: shielded=false, unshielded=true, dust=false
[11:08:45.396] INFO (17898): Wallet sync [1686]: shielded=false, unshielded=true, dust=false
[11:08:45.440] INFO (17898): Wallet sync [1687]: shielded=false, unshielded=true, dust=false
[11:08:45.496] INFO (17898): Wallet sync [1688]: shielded=false, unshielded=true, dust=false
[11:08:45.541] INFO (17898): Wallet sync [1689]: shielded=false, unshielded=true, dust=false
[11:08:45.605] INFO (17898): Wallet sync [1690]: shielded=false, unshielded=true, dust=false
[11:08:45.638] INFO (17898): Wallet sync [1691]: shielded=false, unshielded=true, dust=false
[11:08:45.682] INFO (17898): Wallet sync [1692]: shielded=false, unshielded=true, dust=false
[11:08:45.728] INFO (17898): Wallet sync [1693]: shielded=false, unshielded=true, dust=false
[11:08:45.781] INFO (17898): Wallet sync [1694]: shielded=false, unshielded=true, dust=false
[11:08:45.807] INFO (17898): Wallet sync [1695]: shielded=false, unshielded=true, dust=false
[11:08:45.866] INFO (17898): Wallet sync [1696]: shielded=false, unshielded=true, dust=false
[11:08:45.910] INFO (17898): Wallet sync [1697]: shielded=false, unshielded=true, dust=false
[11:08:45.989] INFO (17898): Wallet sync [1698]: shielded=false, unshielded=true, dust=false
[11:08:46.075] INFO (17898): Wallet sync [1699]: shielded=false, unshielded=true, dust=false
[11:08:46.143] INFO (17898): Wallet sync [1700]: shielded=false, unshielded=true, dust=false
[11:08:46.215] INFO (17898): Wallet sync [1701]: shielded=false, unshielded=true, dust=false
[11:08:46.276] INFO (17898): Wallet sync [1702]: shielded=false, unshielded=true, dust=false
[11:08:46.330] INFO (17898): Wallet sync [1703]: shielded=false, unshielded=true, dust=false
[11:08:46.394] INFO (17898): Wallet sync [1704]: shielded=false, unshielded=true, dust=false
[11:08:46.440] INFO (17898): Wallet sync [1705]: shielded=false, unshielded=true, dust=false
[11:08:46.480] INFO (17898): Wallet sync [1706]: shielded=false, unshielded=true, dust=false
[11:08:46.516] INFO (17898): Wallet sync [1707]: shielded=false, unshielded=true, dust=false
[11:08:46.572] INFO (17898): Wallet sync [1708]: shielded=false, unshielded=true, dust=false
[11:08:46.611] INFO (17898): Wallet sync [1709]: shielded=false, unshielded=true, dust=false
[11:08:46.673] INFO (17898): Wallet sync [1710]: shielded=false, unshielded=true, dust=false
[11:08:46.731] INFO (17898): Wallet sync [1711]: shielded=false, unshielded=true, dust=false
[11:08:46.775] INFO (17898): Wallet sync [1712]: shielded=false, unshielded=true, dust=false
[11:08:46.810] INFO (17898): Wallet sync [1713]: shielded=false, unshielded=true, dust=false
[11:08:46.870] INFO (17898): Wallet sync [1714]: shielded=false, unshielded=true, dust=false
[11:08:46.913] INFO (17898): Wallet sync [1715]: shielded=false, unshielded=true, dust=false
[11:08:46.978] INFO (17898): Wallet sync [1716]: shielded=false, unshielded=true, dust=false
[11:08:47.036] INFO (17898): Wallet sync [1717]: shielded=false, unshielded=true, dust=false
[11:08:47.090] INFO (17898): Wallet sync [1718]: shielded=false, unshielded=true, dust=false
[11:08:47.145] INFO (17898): Wallet sync [1719]: shielded=false, unshielded=true, dust=false
[11:08:47.206] INFO (17898): Wallet sync [1720]: shielded=false, unshielded=true, dust=false
[11:08:47.244] INFO (17898): Wallet sync [1721]: shielded=false, unshielded=true, dust=false
[11:08:47.324] INFO (17898): Wallet sync [1722]: shielded=false, unshielded=true, dust=false
[11:08:47.367] INFO (17898): Wallet sync [1723]: shielded=false, unshielded=true, dust=false
[11:08:47.420] INFO (17898): Wallet sync [1724]: shielded=false, unshielded=true, dust=false
[11:08:47.467] INFO (17898): Wallet sync [1725]: shielded=false, unshielded=true, dust=false
[11:08:47.522] INFO (17898): Wallet sync [1726]: shielded=false, unshielded=true, dust=false
[11:08:47.561] INFO (17898): Wallet sync [1727]: shielded=false, unshielded=true, dust=false
[11:08:47.619] INFO (17898): Wallet sync [1728]: shielded=false, unshielded=true, dust=false
[11:08:47.663] INFO (17898): Wallet sync [1729]: shielded=false, unshielded=true, dust=false
[11:08:47.726] INFO (17898): Wallet sync [1730]: shielded=false, unshielded=true, dust=false
[11:08:47.763] INFO (17898): Wallet sync [1731]: shielded=false, unshielded=true, dust=false
[11:08:47.817] INFO (17898): Wallet sync [1732]: shielded=false, unshielded=true, dust=false
[11:08:47.871] INFO (17898): Wallet sync [1733]: shielded=false, unshielded=true, dust=false
[11:08:47.925] INFO (17898): Wallet sync [1734]: shielded=false, unshielded=true, dust=false
[11:08:47.974] INFO (17898): Wallet sync [1735]: shielded=false, unshielded=true, dust=false
[11:08:48.031] INFO (17898): Wallet sync [1736]: shielded=false, unshielded=true, dust=false
[11:08:48.067] INFO (17898): Wallet sync [1737]: shielded=false, unshielded=true, dust=false
[11:08:48.121] INFO (17898): Wallet sync [1738]: shielded=false, unshielded=true, dust=false
[11:08:48.148] INFO (17898): Wallet sync [1739]: shielded=false, unshielded=true, dust=false
[11:08:48.225] INFO (17898): Wallet sync [1740]: shielded=false, unshielded=true, dust=false
[11:08:48.267] INFO (17898): Wallet sync [1741]: shielded=false, unshielded=true, dust=false
[11:08:48.323] INFO (17898): Wallet sync [1742]: shielded=false, unshielded=true, dust=false
[11:08:48.385] INFO (17898): Wallet sync [1743]: shielded=false, unshielded=true, dust=false
[11:08:48.443] INFO (17898): Wallet sync [1744]: shielded=false, unshielded=true, dust=false
[11:08:48.507] INFO (17898): Wallet sync [1745]: shielded=false, unshielded=true, dust=false
[11:08:48.573] INFO (17898): Wallet sync [1746]: shielded=false, unshielded=true, dust=false
[11:08:48.617] INFO (17898): Wallet sync [1747]: shielded=false, unshielded=true, dust=false
[11:08:48.678] INFO (17898): Wallet sync [1748]: shielded=false, unshielded=true, dust=false
[11:08:48.715] INFO (17898): Wallet sync [1749]: shielded=false, unshielded=true, dust=false
[11:08:48.784] INFO (17898): Wallet sync [1750]: shielded=false, unshielded=true, dust=false
[11:08:48.836] INFO (17898): Wallet sync [1751]: shielded=false, unshielded=true, dust=false
[11:08:48.904] INFO (17898): Wallet sync [1752]: shielded=false, unshielded=true, dust=false
[11:08:48.964] INFO (17898): Wallet sync [1753]: shielded=false, unshielded=true, dust=false
[11:08:49.027] INFO (17898): Wallet sync [1754]: shielded=false, unshielded=true, dust=false
[11:08:49.071] INFO (17898): Wallet sync [1755]: shielded=false, unshielded=true, dust=false
[11:08:49.131] INFO (17898): Wallet sync [1756]: shielded=false, unshielded=true, dust=false
[11:08:49.170] INFO (17898): Wallet sync [1757]: shielded=false, unshielded=true, dust=false
[11:08:49.238] INFO (17898): Wallet sync [1758]: shielded=false, unshielded=true, dust=false
[11:08:49.305] INFO (17898): Wallet sync [1759]: shielded=false, unshielded=true, dust=false
[11:08:49.381] INFO (17898): Wallet sync [1760]: shielded=false, unshielded=true, dust=false
[11:08:49.420] INFO (17898): Wallet sync [1761]: shielded=false, unshielded=true, dust=false
[11:08:49.489] INFO (17898): Wallet sync [1762]: shielded=false, unshielded=true, dust=false
[11:08:49.528] INFO (17898): Wallet sync [1763]: shielded=false, unshielded=true, dust=false
[11:08:49.588] INFO (17898): Wallet sync [1764]: shielded=false, unshielded=true, dust=false
[11:08:49.625] INFO (17898): Wallet sync [1765]: shielded=false, unshielded=true, dust=false
[11:08:49.686] INFO (17898): Wallet sync [1766]: shielded=false, unshielded=true, dust=false
[11:08:49.728] INFO (17898): Wallet sync [1767]: shielded=false, unshielded=true, dust=false
[11:08:49.786] INFO (17898): Wallet sync [1768]: shielded=false, unshielded=true, dust=false
[11:08:49.819] INFO (17898): Wallet sync [1769]: shielded=false, unshielded=true, dust=false
[11:08:49.879] INFO (17898): Wallet sync [1770]: shielded=false, unshielded=true, dust=false
[11:08:49.912] INFO (17898): Wallet sync [1771]: shielded=false, unshielded=true, dust=false
[11:08:49.946] INFO (17898): Wallet sync [1772]: shielded=false, unshielded=true, dust=false
[11:08:49.989] INFO (17898): Wallet sync [1773]: shielded=false, unshielded=true, dust=false
[11:08:50.034] INFO (17898): Wallet sync [1774]: shielded=false, unshielded=true, dust=false
[11:08:50.059] INFO (17898): Wallet sync [1775]: shielded=false, unshielded=true, dust=false
[11:08:50.090] INFO (17898): Wallet sync [1776]: shielded=false, unshielded=true, dust=false
[11:08:50.131] INFO (17898): Wallet sync [1777]: shielded=false, unshielded=true, dust=false
[11:08:50.196] INFO (17898): Wallet sync [1778]: shielded=false, unshielded=true, dust=false
[11:08:50.242] INFO (17898): Wallet sync [1779]: shielded=false, unshielded=true, dust=false
[11:08:50.292] INFO (17898): Wallet sync [1780]: shielded=false, unshielded=true, dust=false
[11:08:50.327] INFO (17898): Wallet sync [1781]: shielded=false, unshielded=true, dust=false
[11:08:50.389] INFO (17898): Wallet sync [1782]: shielded=false, unshielded=true, dust=false
[11:08:50.426] INFO (17898): Wallet sync [1783]: shielded=false, unshielded=true, dust=false
[11:08:50.490] INFO (17898): Wallet sync [1784]: shielded=false, unshielded=true, dust=false
[11:08:50.526] INFO (17898): Wallet sync [1785]: shielded=false, unshielded=true, dust=false
[11:08:50.586] INFO (17898): Wallet sync [1786]: shielded=false, unshielded=true, dust=false
[11:08:50.631] INFO (17898): Wallet sync [1787]: shielded=false, unshielded=true, dust=false
[11:08:50.695] INFO (17898): Wallet sync [1788]: shielded=false, unshielded=true, dust=false
[11:08:50.732] INFO (17898): Wallet sync [1789]: shielded=false, unshielded=true, dust=false
[11:08:50.791] INFO (17898): Wallet sync [1790]: shielded=false, unshielded=true, dust=false
[11:08:50.848] INFO (17898): Wallet sync [1791]: shielded=false, unshielded=true, dust=false
[11:08:50.916] INFO (17898): Wallet sync [1792]: shielded=false, unshielded=true, dust=false
[11:08:50.956] INFO (17898): Wallet sync [1793]: shielded=false, unshielded=true, dust=false
[11:08:51.041] INFO (17898): Wallet sync [1794]: shielded=false, unshielded=true, dust=false
[11:08:51.101] INFO (17898): Wallet sync [1795]: shielded=false, unshielded=true, dust=false
[11:08:51.181] INFO (17898): Wallet sync [1796]: shielded=false, unshielded=true, dust=false
[11:08:51.234] INFO (17898): Wallet sync [1797]: shielded=false, unshielded=true, dust=false
[11:08:51.294] INFO (17898): Wallet sync [1798]: shielded=false, unshielded=true, dust=false
[11:08:51.375] INFO (17898): Wallet sync [1799]: shielded=false, unshielded=true, dust=false
[11:08:51.471] INFO (17898): Wallet sync [1800]: shielded=false, unshielded=true, dust=false
[11:08:51.512] INFO (17898): Wallet sync [1801]: shielded=false, unshielded=true, dust=false
[11:08:51.570] INFO (17898): Wallet sync [1802]: shielded=false, unshielded=true, dust=false
[11:08:51.621] INFO (17898): Wallet sync [1803]: shielded=false, unshielded=true, dust=false
[11:08:51.680] INFO (17898): Wallet sync [1804]: shielded=false, unshielded=true, dust=false
[11:08:51.733] INFO (17898): Wallet sync [1805]: shielded=false, unshielded=true, dust=false
[11:08:51.784] INFO (17898): Wallet sync [1806]: shielded=false, unshielded=true, dust=false
[11:08:51.825] INFO (17898): Wallet sync [1807]: shielded=false, unshielded=true, dust=false
[11:08:51.916] INFO (17898): Wallet sync [1808]: shielded=false, unshielded=true, dust=false
[11:08:51.972] INFO (17898): Wallet sync [1809]: shielded=false, unshielded=true, dust=false
[11:08:52.037] INFO (17898): Wallet sync [1810]: shielded=false, unshielded=true, dust=false
[11:08:52.086] INFO (17898): Wallet sync [1811]: shielded=false, unshielded=true, dust=false
[11:08:52.136] INFO (17898): Wallet sync [1812]: shielded=false, unshielded=true, dust=false
[11:08:52.185] INFO (17898): Wallet sync [1813]: shielded=false, unshielded=true, dust=false
[11:08:52.248] INFO (17898): Wallet sync [1814]: shielded=false, unshielded=true, dust=false
[11:08:52.280] INFO (17898): Wallet sync [1815]: shielded=false, unshielded=true, dust=false
[11:08:52.338] INFO (17898): Wallet sync [1816]: shielded=false, unshielded=true, dust=false
[11:08:52.396] INFO (17898): Wallet sync [1817]: shielded=false, unshielded=true, dust=false
[11:08:52.450] INFO (17898): Wallet sync [1818]: shielded=false, unshielded=true, dust=false
[11:08:52.493] INFO (17898): Wallet sync [1819]: shielded=false, unshielded=true, dust=false
[11:08:52.555] INFO (17898): Wallet sync [1820]: shielded=false, unshielded=true, dust=false
[11:08:52.600] INFO (17898): Wallet sync [1821]: shielded=false, unshielded=true, dust=false
[11:08:52.652] INFO (17898): Wallet sync [1822]: shielded=false, unshielded=true, dust=false
[11:08:52.694] INFO (17898): Wallet sync [1823]: shielded=false, unshielded=true, dust=false
[11:08:52.762] INFO (17898): Wallet sync [1824]: shielded=false, unshielded=true, dust=false
[11:08:52.801] INFO (17898): Wallet sync [1825]: shielded=false, unshielded=true, dust=false
[11:08:52.856] INFO (17898): Wallet sync [1826]: shielded=false, unshielded=true, dust=false
[11:08:52.885] INFO (17898): Wallet sync [1827]: shielded=false, unshielded=true, dust=false
[11:08:52.945] INFO (17898): Wallet sync [1828]: shielded=false, unshielded=true, dust=false
[11:08:52.992] INFO (17898): Wallet sync [1829]: shielded=false, unshielded=true, dust=false
[11:08:53.043] INFO (17898): Wallet sync [1830]: shielded=false, unshielded=true, dust=false
[11:08:53.081] INFO (17898): Wallet sync [1831]: shielded=false, unshielded=true, dust=false
[11:08:53.139] INFO (17898): Wallet sync [1832]: shielded=false, unshielded=true, dust=false
[11:08:53.197] INFO (17898): Wallet sync [1833]: shielded=false, unshielded=true, dust=false
[11:08:53.253] INFO (17898): Wallet sync [1834]: shielded=false, unshielded=true, dust=false
[11:08:53.289] INFO (17898): Wallet sync [1835]: shielded=false, unshielded=true, dust=false
[11:08:53.355] INFO (17898): Wallet sync [1836]: shielded=false, unshielded=true, dust=false
[11:08:53.392] INFO (17898): Wallet sync [1837]: shielded=false, unshielded=true, dust=false
[11:08:53.456] INFO (17898): Wallet sync [1838]: shielded=false, unshielded=true, dust=false
[11:08:53.497] INFO (17898): Wallet sync [1839]: shielded=false, unshielded=true, dust=false
[11:08:53.550] INFO (17898): Wallet sync [1840]: shielded=false, unshielded=true, dust=false
[11:08:53.600] INFO (17898): Wallet sync [1841]: shielded=false, unshielded=true, dust=false
[11:08:53.671] INFO (17898): Wallet sync [1842]: shielded=false, unshielded=true, dust=false
[11:08:53.699] INFO (17898): Wallet sync [1843]: shielded=false, unshielded=true, dust=false
[11:08:53.761] INFO (17898): Wallet sync [1844]: shielded=false, unshielded=true, dust=false
[11:08:53.811] INFO (17898): Wallet sync [1845]: shielded=false, unshielded=true, dust=false
[11:08:53.874] INFO (17898): Wallet sync [1846]: shielded=false, unshielded=true, dust=false
[11:08:53.915] INFO (17898): Wallet sync [1847]: shielded=false, unshielded=true, dust=false
[11:08:53.982] INFO (17898): Wallet sync [1848]: shielded=false, unshielded=true, dust=false
[11:08:54.043] INFO (17898): Wallet sync [1849]: shielded=false, unshielded=true, dust=false
[11:08:54.100] INFO (17898): Wallet sync [1850]: shielded=false, unshielded=true, dust=false
[11:08:54.147] INFO (17898): Wallet sync [1851]: shielded=false, unshielded=true, dust=false
[11:08:54.205] INFO (17898): Wallet sync [1852]: shielded=false, unshielded=true, dust=false
[11:08:54.252] INFO (17898): Wallet sync [1853]: shielded=false, unshielded=true, dust=false
[11:08:54.324] INFO (17898): Wallet sync [1854]: shielded=false, unshielded=true, dust=false
[11:08:54.394] INFO (17898): Wallet sync [1855]: shielded=false, unshielded=true, dust=false
[11:08:54.461] INFO (17898): Wallet sync [1856]: shielded=false, unshielded=true, dust=false
[11:08:54.516] INFO (17898): Wallet sync [1857]: shielded=false, unshielded=true, dust=false
[11:08:54.640] INFO (17898): Wallet sync [1858]: shielded=false, unshielded=true, dust=false
[11:08:54.701] INFO (17898): Wallet sync [1859]: shielded=false, unshielded=true, dust=false
[11:08:54.767] INFO (17898): Wallet sync [1860]: shielded=false, unshielded=true, dust=false
[11:08:54.822] INFO (17898): Wallet sync [1861]: shielded=false, unshielded=true, dust=false
[11:08:54.907] INFO (17898): Wallet sync [1862]: shielded=false, unshielded=true, dust=false
[11:08:54.956] INFO (17898): Wallet sync [1863]: shielded=false, unshielded=true, dust=false
[11:08:55.011] INFO (17898): Wallet sync [1864]: shielded=false, unshielded=true, dust=false
[11:08:55.071] INFO (17898): Wallet sync [1865]: shielded=false, unshielded=true, dust=false
[11:08:55.132] INFO (17898): Wallet sync [1866]: shielded=false, unshielded=true, dust=false
[11:08:55.171] INFO (17898): Wallet sync [1867]: shielded=false, unshielded=true, dust=false
[11:08:55.249] INFO (17898): Wallet sync [1868]: shielded=false, unshielded=true, dust=false
[11:08:55.297] INFO (17898): Wallet sync [1869]: shielded=false, unshielded=true, dust=false
[11:08:55.400] INFO (17898): Wallet sync [1870]: shielded=false, unshielded=true, dust=false
[11:08:55.463] INFO (17898): Wallet sync [1871]: shielded=false, unshielded=true, dust=false
[11:08:55.548] INFO (17898): Wallet sync [1872]: shielded=false, unshielded=true, dust=false
[11:08:55.614] INFO (17898): Wallet sync [1873]: shielded=false, unshielded=true, dust=false
[11:08:55.682] INFO (17898): Wallet sync [1874]: shielded=false, unshielded=true, dust=false
[11:08:55.752] INFO (17898): Wallet sync [1875]: shielded=false, unshielded=true, dust=false
[11:08:55.764] INFO (17898): Wallet sync [1876]: shielded=false, unshielded=true, dust=false
[11:08:55.852] INFO (17898): Wallet sync [1877]: shielded=false, unshielded=true, dust=false
[11:08:55.935] INFO (17898): Wallet sync [1878]: shielded=false, unshielded=true, dust=false
[11:08:56.036] INFO (17898): Wallet sync [1879]: shielded=false, unshielded=true, dust=false
[11:08:56.112] INFO (17898): Wallet sync [1880]: shielded=false, unshielded=true, dust=false
[11:08:56.190] INFO (17898): Wallet sync [1881]: shielded=false, unshielded=true, dust=false
[11:08:56.248] INFO (17898): Wallet sync [1882]: shielded=false, unshielded=true, dust=false
[11:08:56.318] INFO (17898): Wallet sync [1883]: shielded=false, unshielded=true, dust=false
[11:08:56.378] INFO (17898): Wallet sync [1884]: shielded=false, unshielded=true, dust=false
[11:08:56.442] INFO (17898): Wallet sync [1885]: shielded=false, unshielded=true, dust=false
[11:08:56.491] INFO (17898): Wallet sync [1886]: shielded=false, unshielded=true, dust=false
[11:08:56.549] INFO (17898): Wallet sync [1887]: shielded=false, unshielded=true, dust=false
[11:08:56.639] INFO (17898): Wallet sync [1888]: shielded=false, unshielded=true, dust=false
[11:08:56.703] INFO (17898): Wallet sync [1889]: shielded=false, unshielded=true, dust=false
[11:08:56.750] INFO (17898): Wallet sync [1890]: shielded=false, unshielded=true, dust=false
[11:08:56.817] INFO (17898): Wallet sync [1891]: shielded=false, unshielded=true, dust=false
[11:08:56.878] INFO (17898): Wallet sync [1892]: shielded=false, unshielded=true, dust=false
[11:08:56.962] INFO (17898): Wallet sync [1893]: shielded=false, unshielded=true, dust=false
[11:08:57.045] INFO (17898): Wallet sync [1894]: shielded=false, unshielded=true, dust=false
[11:08:57.114] INFO (17898): Wallet sync [1895]: shielded=false, unshielded=true, dust=false
[11:08:57.150] INFO (17898): Wallet sync [1896]: shielded=false, unshielded=true, dust=false
[11:08:57.219] INFO (17898): Wallet sync [1897]: shielded=false, unshielded=true, dust=false
[11:08:57.252] INFO (17898): Wallet sync [1898]: shielded=false, unshielded=true, dust=false
[11:08:57.311] INFO (17898): Wallet sync [1899]: shielded=false, unshielded=true, dust=false
[11:08:57.379] INFO (17898): Wallet sync [1900]: shielded=false, unshielded=true, dust=false
[11:08:57.444] INFO (17898): Wallet sync [1901]: shielded=false, unshielded=true, dust=false
[11:08:57.506] INFO (17898): Wallet sync [1902]: shielded=false, unshielded=true, dust=false
[11:08:57.571] INFO (17898): Wallet sync [1903]: shielded=false, unshielded=true, dust=false
[11:08:57.623] INFO (17898): Wallet sync [1904]: shielded=false, unshielded=true, dust=false
[11:08:57.691] INFO (17898): Wallet sync [1905]: shielded=false, unshielded=true, dust=false
[11:08:57.738] INFO (17898): Wallet sync [1906]: shielded=false, unshielded=true, dust=false
[11:08:57.791] INFO (17898): Wallet sync [1907]: shielded=false, unshielded=true, dust=false
[11:08:57.828] INFO (17898): Wallet sync [1908]: shielded=false, unshielded=true, dust=false
[11:08:57.894] INFO (17898): Wallet sync [1909]: shielded=false, unshielded=true, dust=false
[11:08:57.933] INFO (17898): Wallet sync [1910]: shielded=false, unshielded=true, dust=false
[11:08:58.001] INFO (17898): Wallet sync [1911]: shielded=false, unshielded=true, dust=false
[11:08:58.039] INFO (17898): Wallet sync [1912]: shielded=false, unshielded=true, dust=false
[11:08:58.107] INFO (17898): Wallet sync [1913]: shielded=false, unshielded=true, dust=false
[11:08:58.151] INFO (17898): Wallet sync [1914]: shielded=false, unshielded=true, dust=false
[11:08:58.222] INFO (17898): Wallet sync [1915]: shielded=false, unshielded=true, dust=false
[11:08:58.278] INFO (17898): Wallet sync [1916]: shielded=false, unshielded=true, dust=false
[11:08:58.343] INFO (17898): Wallet sync [1917]: shielded=false, unshielded=true, dust=false
[11:08:58.397] INFO (17898): Wallet sync [1918]: shielded=false, unshielded=true, dust=false
[11:08:58.461] INFO (17898): Wallet sync [1919]: shielded=false, unshielded=true, dust=false
[11:08:58.507] INFO (17898): Wallet sync [1920]: shielded=false, unshielded=true, dust=false
[11:08:58.574] INFO (17898): Wallet sync [1921]: shielded=false, unshielded=true, dust=false
[11:08:58.658] INFO (17898): Wallet sync [1922]: shielded=false, unshielded=true, dust=false
[11:08:58.721] INFO (17898): Wallet sync [1923]: shielded=false, unshielded=true, dust=false
[11:08:58.768] INFO (17898): Wallet sync [1924]: shielded=false, unshielded=true, dust=false
[11:08:58.837] INFO (17898): Wallet sync [1925]: shielded=false, unshielded=true, dust=false
[11:08:58.878] INFO (17898): Wallet sync [1926]: shielded=false, unshielded=true, dust=false
[11:08:58.945] INFO (17898): Wallet sync [1927]: shielded=false, unshielded=true, dust=false
[11:08:58.986] INFO (17898): Wallet sync [1928]: shielded=false, unshielded=true, dust=false
[11:08:59.045] INFO (17898): Wallet sync [1929]: shielded=false, unshielded=true, dust=false
[11:08:59.090] INFO (17898): Wallet sync [1930]: shielded=false, unshielded=true, dust=false
[11:08:59.151] INFO (17898): Wallet sync [1931]: shielded=false, unshielded=true, dust=false
[11:08:59.204] INFO (17898): Wallet sync [1932]: shielded=false, unshielded=true, dust=false
[11:08:59.271] INFO (17898): Wallet sync [1933]: shielded=false, unshielded=true, dust=false
[11:08:59.323] INFO (17898): Wallet sync [1934]: shielded=false, unshielded=true, dust=false
[11:08:59.401] INFO (17898): Wallet sync [1935]: shielded=false, unshielded=true, dust=false
[11:08:59.453] INFO (17898): Wallet sync [1936]: shielded=false, unshielded=true, dust=false
[11:08:59.515] INFO (17898): Wallet sync [1937]: shielded=false, unshielded=true, dust=false
[11:08:59.584] INFO (17898): Wallet sync [1938]: shielded=false, unshielded=true, dust=false
[11:08:59.655] INFO (17898): Wallet sync [1939]: shielded=false, unshielded=true, dust=false
[11:08:59.709] INFO (17898): Wallet sync [1940]: shielded=false, unshielded=true, dust=false
[11:08:59.767] INFO (17898): Wallet sync [1941]: shielded=false, unshielded=true, dust=false
[11:08:59.813] INFO (17898): Wallet sync [1942]: shielded=false, unshielded=true, dust=false
[11:08:59.871] INFO (17898): Wallet sync [1943]: shielded=false, unshielded=true, dust=false
[11:08:59.924] INFO (17898): Wallet sync [1944]: shielded=false, unshielded=true, dust=false
[11:08:59.996] INFO (17898): Wallet sync [1945]: shielded=false, unshielded=true, dust=false
[11:09:00.054] INFO (17898): Wallet sync [1946]: shielded=false, unshielded=true, dust=false
[11:09:00.110] INFO (17898): Wallet sync [1947]: shielded=false, unshielded=true, dust=false
[11:09:00.175] INFO (17898): Wallet sync [1948]: shielded=false, unshielded=true, dust=false
[11:09:00.242] INFO (17898): Wallet sync [1949]: shielded=false, unshielded=true, dust=false
[11:09:00.290] INFO (17898): Wallet sync [1950]: shielded=false, unshielded=true, dust=false
[11:09:00.363] INFO (17898): Wallet sync [1951]: shielded=false, unshielded=true, dust=false
[11:09:00.412] INFO (17898): Wallet sync [1952]: shielded=false, unshielded=true, dust=false
[11:09:00.483] INFO (17898): Wallet sync [1953]: shielded=false, unshielded=true, dust=false
[11:09:00.538] INFO (17898): Wallet sync [1954]: shielded=false, unshielded=true, dust=false
[11:09:00.609] INFO (17898): Wallet sync [1955]: shielded=false, unshielded=true, dust=false
[11:09:00.671] INFO (17898): Wallet sync [1956]: shielded=false, unshielded=true, dust=false
[11:09:00.740] INFO (17898): Wallet sync [1957]: shielded=false, unshielded=true, dust=false
[11:09:00.795] INFO (17898): Wallet sync [1958]: shielded=false, unshielded=true, dust=false
[11:09:00.865] INFO (17898): Wallet sync [1959]: shielded=false, unshielded=true, dust=false
[11:09:00.915] INFO (17898): Wallet sync [1960]: shielded=false, unshielded=true, dust=false
[11:09:00.978] INFO (17898): Wallet sync [1961]: shielded=false, unshielded=true, dust=false
[11:09:01.026] INFO (17898): Wallet sync [1962]: shielded=false, unshielded=true, dust=false
[11:09:01.085] INFO (17898): Wallet sync [1963]: shielded=false, unshielded=true, dust=false
[11:09:01.134] INFO (17898): Wallet sync [1964]: shielded=false, unshielded=true, dust=false
[11:09:01.198] INFO (17898): Wallet sync [1965]: shielded=false, unshielded=true, dust=false
[11:09:01.239] INFO (17898): Wallet sync [1966]: shielded=false, unshielded=true, dust=false
[11:09:01.299] INFO (17898): Wallet sync [1967]: shielded=false, unshielded=true, dust=false
[11:09:01.353] INFO (17898): Wallet sync [1968]: shielded=false, unshielded=true, dust=false
[11:09:01.415] INFO (17898): Wallet sync [1969]: shielded=false, unshielded=true, dust=false
[11:09:01.475] INFO (17898): Wallet sync [1970]: shielded=false, unshielded=true, dust=false
[11:09:01.537] INFO (17898): Wallet sync [1971]: shielded=false, unshielded=true, dust=false
[11:09:01.578] INFO (17898): Wallet sync [1972]: shielded=false, unshielded=true, dust=false
[11:09:01.653] INFO (17898): Wallet sync [1973]: shielded=false, unshielded=true, dust=false
[11:09:01.701] INFO (17898): Wallet sync [1974]: shielded=false, unshielded=true, dust=false
[11:09:01.783] INFO (17898): Wallet sync [1975]: shielded=false, unshielded=true, dust=false
[11:09:01.818] INFO (17898): Wallet sync [1976]: shielded=false, unshielded=true, dust=false
[11:09:01.887] INFO (17898): Wallet sync [1977]: shielded=false, unshielded=true, dust=false
[11:09:01.933] INFO (17898): Wallet sync [1978]: shielded=false, unshielded=true, dust=false
[11:09:01.992] INFO (17898): Wallet sync [1979]: shielded=false, unshielded=true, dust=false
[11:09:02.036] INFO (17898): Wallet sync [1980]: shielded=false, unshielded=true, dust=false
[11:09:02.117] INFO (17898): Wallet sync [1981]: shielded=false, unshielded=true, dust=false
[11:09:02.174] INFO (17898): Wallet sync [1982]: shielded=false, unshielded=true, dust=false
[11:09:02.245] INFO (17898): Wallet sync [1983]: shielded=false, unshielded=true, dust=false
[11:09:02.293] INFO (17898): Wallet sync [1984]: shielded=false, unshielded=true, dust=false
[11:09:02.364] INFO (17898): Wallet sync [1985]: shielded=false, unshielded=true, dust=false
[11:09:02.414] INFO (17898): Wallet sync [1986]: shielded=false, unshielded=true, dust=false
[11:09:02.487] INFO (17898): Wallet sync [1987]: shielded=false, unshielded=true, dust=false
[11:09:02.531] INFO (17898): Wallet sync [1988]: shielded=false, unshielded=true, dust=false
[11:09:02.598] INFO (17898): Wallet sync [1989]: shielded=false, unshielded=true, dust=false
[11:09:02.648] INFO (17898): Wallet sync [1990]: shielded=false, unshielded=true, dust=false
[11:09:02.706] INFO (17898): Wallet sync [1991]: shielded=false, unshielded=true, dust=false
[11:09:02.757] INFO (17898): Wallet sync [1992]: shielded=false, unshielded=true, dust=false
[11:09:02.824] INFO (17898): Wallet sync [1993]: shielded=false, unshielded=true, dust=false
[11:09:02.872] INFO (17898): Wallet sync [1994]: shielded=false, unshielded=true, dust=false
[11:09:02.941] INFO (17898): Wallet sync [1995]: shielded=false, unshielded=true, dust=false
[11:09:03.008] INFO (17898): Wallet sync [1996]: shielded=false, unshielded=true, dust=false
[11:09:03.070] INFO (17898): Wallet sync [1997]: shielded=false, unshielded=true, dust=false
[11:09:03.128] INFO (17898): Wallet sync [1998]: shielded=false, unshielded=true, dust=false
[11:09:03.192] INFO (17898): Wallet sync [1999]: shielded=false, unshielded=true, dust=false
[11:09:03.238] INFO (17898): Wallet sync [2000]: shielded=false, unshielded=true, dust=false
[11:09:03.299] INFO (17898): Wallet sync [2001]: shielded=false, unshielded=true, dust=false
[11:09:03.363] INFO (17898): Wallet sync [2002]: shielded=false, unshielded=true, dust=false
[11:09:03.433] INFO (17898): Wallet sync [2003]: shielded=false, unshielded=true, dust=false
[11:09:03.481] INFO (17898): Wallet sync [2004]: shielded=false, unshielded=true, dust=false
[11:09:03.556] INFO (17898): Wallet sync [2005]: shielded=false, unshielded=true, dust=false
[11:09:03.596] INFO (17898): Wallet sync [2006]: shielded=false, unshielded=true, dust=false
[11:09:03.655] INFO (17898): Wallet sync [2007]: shielded=false, unshielded=true, dust=false
[11:09:03.710] INFO (17898): Wallet sync [2008]: shielded=false, unshielded=true, dust=false
[11:09:03.773] INFO (17898): Wallet sync [2009]: shielded=false, unshielded=true, dust=false
[11:09:03.818] INFO (17898): Wallet sync [2010]: shielded=false, unshielded=true, dust=false
[11:09:03.894] INFO (17898): Wallet sync [2011]: shielded=false, unshielded=true, dust=false
[11:09:03.926] INFO (17898): Wallet sync [2012]: shielded=false, unshielded=true, dust=false
[11:09:03.989] INFO (17898): Wallet sync [2013]: shielded=false, unshielded=true, dust=false
[11:09:04.040] INFO (17898): Wallet sync [2014]: shielded=false, unshielded=true, dust=false
[11:09:04.134] INFO (17898): Wallet sync [2015]: shielded=false, unshielded=true, dust=false
[11:09:04.171] INFO (17898): Wallet sync [2016]: shielded=false, unshielded=true, dust=false
[11:09:04.235] INFO (17898): Wallet sync [2017]: shielded=false, unshielded=true, dust=false
[11:09:04.311] INFO (17898): Wallet sync [2018]: shielded=false, unshielded=true, dust=false
[11:09:04.374] INFO (17898): Wallet sync [2019]: shielded=false, unshielded=true, dust=false
[11:09:04.413] INFO (17898): Wallet sync [2020]: shielded=false, unshielded=true, dust=false
[11:09:04.475] INFO (17898): Wallet sync [2021]: shielded=false, unshielded=true, dust=false
[11:09:04.526] INFO (17898): Wallet sync [2022]: shielded=false, unshielded=true, dust=false
[11:09:04.588] INFO (17898): Wallet sync [2023]: shielded=false, unshielded=true, dust=false
[11:09:04.634] INFO (17898): Wallet sync [2024]: shielded=false, unshielded=true, dust=false
[11:09:04.732] INFO (17898): Wallet sync [2025]: shielded=false, unshielded=true, dust=false
[11:09:04.770] INFO (17898): Wallet sync [2026]: shielded=false, unshielded=true, dust=false
[11:09:04.836] INFO (17898): Wallet sync [2027]: shielded=false, unshielded=true, dust=false
[11:09:04.884] INFO (17898): Wallet sync [2028]: shielded=false, unshielded=true, dust=false
[11:09:04.953] INFO (17898): Wallet sync [2029]: shielded=false, unshielded=true, dust=false
[11:09:05.007] INFO (17898): Wallet sync [2030]: shielded=false, unshielded=true, dust=false
[11:09:05.074] INFO (17898): Wallet sync [2031]: shielded=false, unshielded=true, dust=false
[11:09:05.121] INFO (17898): Wallet sync [2032]: shielded=false, unshielded=true, dust=false
[11:09:05.194] INFO (17898): Wallet sync [2033]: shielded=false, unshielded=true, dust=false
[11:09:05.245] INFO (17898): Wallet sync [2034]: shielded=false, unshielded=true, dust=false
[11:09:05.318] INFO (17898): Wallet sync [2035]: shielded=false, unshielded=true, dust=false
[11:09:05.370] INFO (17898): Wallet sync [2036]: shielded=false, unshielded=true, dust=false
[11:09:05.425] INFO (17898): Wallet sync [2037]: shielded=false, unshielded=true, dust=false
[11:09:05.501] INFO (17898): Wallet sync [2038]: shielded=false, unshielded=true, dust=false
[11:09:05.570] INFO (17898): Wallet sync [2039]: shielded=false, unshielded=true, dust=false
[11:09:05.619] INFO (17898): Wallet sync [2040]: shielded=false, unshielded=true, dust=false
[11:09:05.677] INFO (17898): Wallet sync [2041]: shielded=false, unshielded=true, dust=false
[11:09:05.729] INFO (17898): Wallet sync [2042]: shielded=false, unshielded=true, dust=false
[11:09:05.795] INFO (17898): Wallet sync [2043]: shielded=false, unshielded=true, dust=false
[11:09:05.842] INFO (17898): Wallet sync [2044]: shielded=false, unshielded=true, dust=false
[11:09:05.915] INFO (17898): Wallet sync [2045]: shielded=false, unshielded=true, dust=false
[11:09:05.954] INFO (17898): Wallet sync [2046]: shielded=false, unshielded=true, dust=false
[11:09:06.018] INFO (17898): Wallet sync [2047]: shielded=false, unshielded=true, dust=false
[11:09:06.067] INFO (17898): Wallet sync [2048]: shielded=false, unshielded=true, dust=false
[11:09:06.127] INFO (17898): Wallet sync [2049]: shielded=false, unshielded=true, dust=false
[11:09:06.172] INFO (17898): Wallet sync [2050]: shielded=false, unshielded=true, dust=false
[11:09:06.227] INFO (17898): Wallet sync [2051]: shielded=false, unshielded=true, dust=false
[11:09:06.273] INFO (17898): Wallet sync [2052]: shielded=false, unshielded=true, dust=false
[11:09:06.354] INFO (17898): Wallet sync [2053]: shielded=false, unshielded=true, dust=false
[11:09:06.397] INFO (17898): Wallet sync [2054]: shielded=false, unshielded=true, dust=false
[11:09:06.453] INFO (17898): Wallet sync [2055]: shielded=false, unshielded=true, dust=false
[11:09:06.498] INFO (17898): Wallet sync [2056]: shielded=false, unshielded=true, dust=false
[11:09:06.563] INFO (17898): Wallet sync [2057]: shielded=false, unshielded=true, dust=false
[11:09:06.624] INFO (17898): Wallet sync [2058]: shielded=false, unshielded=true, dust=false
[11:09:06.683] INFO (17898): Wallet sync [2059]: shielded=false, unshielded=true, dust=false
[11:09:06.722] INFO (17898): Wallet sync [2060]: shielded=false, unshielded=true, dust=false
[11:09:06.797] INFO (17898): Wallet sync [2061]: shielded=false, unshielded=true, dust=false
[11:09:06.849] INFO (17898): Wallet sync [2062]: shielded=false, unshielded=true, dust=false
[11:09:06.907] INFO (17898): Wallet sync [2063]: shielded=false, unshielded=true, dust=false
[11:09:06.959] INFO (17898): Wallet sync [2064]: shielded=false, unshielded=true, dust=false
[11:09:07.023] INFO (17898): Wallet sync [2065]: shielded=false, unshielded=true, dust=false
[11:09:07.057] INFO (17898): Wallet sync [2066]: shielded=false, unshielded=true, dust=false
[11:09:07.121] INFO (17898): Wallet sync [2067]: shielded=false, unshielded=true, dust=false
[11:09:07.187] INFO (17898): Wallet sync [2068]: shielded=false, unshielded=true, dust=false
[11:09:07.282] INFO (17898): Wallet sync [2069]: shielded=false, unshielded=true, dust=false
[11:09:07.325] INFO (17898): Wallet sync [2070]: shielded=false, unshielded=true, dust=false
[11:09:07.391] INFO (17898): Wallet sync [2071]: shielded=false, unshielded=true, dust=false
[11:09:07.451] INFO (17898): Wallet sync [2072]: shielded=false, unshielded=true, dust=false
[11:09:07.510] INFO (17898): Wallet sync [2073]: shielded=false, unshielded=true, dust=false
[11:09:07.545] INFO (17898): Wallet sync [2074]: shielded=false, unshielded=true, dust=false
[11:09:07.614] INFO (17898): Wallet sync [2075]: shielded=false, unshielded=true, dust=false
[11:09:07.652] INFO (17898): Wallet sync [2076]: shielded=false, unshielded=true, dust=false
[11:09:07.712] INFO (17898): Wallet sync [2077]: shielded=false, unshielded=true, dust=false
[11:09:07.760] INFO (17898): Wallet sync [2078]: shielded=false, unshielded=true, dust=false
[11:09:07.817] INFO (17898): Wallet sync [2079]: shielded=false, unshielded=true, dust=false
[11:09:07.857] INFO (17898): Wallet sync [2080]: shielded=false, unshielded=true, dust=false
[11:09:07.916] INFO (17898): Wallet sync [2081]: shielded=false, unshielded=true, dust=false
[11:09:07.955] INFO (17898): Wallet sync [2082]: shielded=false, unshielded=true, dust=false
[11:09:08.022] INFO (17898): Wallet sync [2083]: shielded=false, unshielded=true, dust=false
[11:09:08.074] INFO (17898): Wallet sync [2084]: shielded=false, unshielded=true, dust=false
[11:09:08.128] INFO (17898): Wallet sync [2085]: shielded=false, unshielded=true, dust=false
[11:09:08.166] INFO (17898): Wallet sync [2086]: shielded=false, unshielded=true, dust=false
[11:09:08.234] INFO (17898): Wallet sync [2087]: shielded=false, unshielded=true, dust=false
[11:09:08.267] INFO (17898): Wallet sync [2088]: shielded=false, unshielded=true, dust=false
[11:09:08.329] INFO (17898): Wallet sync [2089]: shielded=false, unshielded=true, dust=false
[11:09:08.379] INFO (17898): Wallet sync [2090]: shielded=false, unshielded=true, dust=false
[11:09:08.443] INFO (17898): Wallet sync [2091]: shielded=false, unshielded=true, dust=false
[11:09:08.479] INFO (17898): Wallet sync [2092]: shielded=false, unshielded=true, dust=false
[11:09:08.540] INFO (17898): Wallet sync [2093]: shielded=false, unshielded=true, dust=false
[11:09:08.582] INFO (17898): Wallet sync [2094]: shielded=false, unshielded=true, dust=false
[11:09:08.648] INFO (17898): Wallet sync [2095]: shielded=false, unshielded=true, dust=false
[11:09:08.689] INFO (17898): Wallet sync [2096]: shielded=false, unshielded=true, dust=false
[11:09:08.767] INFO (17898): Wallet sync [2097]: shielded=false, unshielded=true, dust=false
[11:09:08.845] INFO (17898): Wallet sync [2098]: shielded=false, unshielded=true, dust=false
[11:09:08.898] INFO (17898): Wallet sync [2099]: shielded=false, unshielded=true, dust=false
[11:09:08.953] INFO (17898): Wallet sync [2100]: shielded=false, unshielded=true, dust=false
[11:09:09.018] INFO (17898): Wallet sync [2101]: shielded=false, unshielded=true, dust=false
[11:09:09.063] INFO (17898): Wallet sync [2102]: shielded=false, unshielded=true, dust=false
[11:09:09.125] INFO (17898): Wallet sync [2103]: shielded=false, unshielded=true, dust=false
[11:09:09.165] INFO (17898): Wallet sync [2104]: shielded=false, unshielded=true, dust=false
[11:09:09.226] INFO (17898): Wallet sync [2105]: shielded=false, unshielded=true, dust=false
[11:09:09.279] INFO (17898): Wallet sync [2106]: shielded=false, unshielded=true, dust=false
[11:09:09.340] INFO (17898): Wallet sync [2107]: shielded=false, unshielded=true, dust=false
[11:09:09.371] INFO (17898): Wallet sync [2108]: shielded=false, unshielded=true, dust=false
[11:09:09.439] INFO (17898): Wallet sync [2109]: shielded=false, unshielded=true, dust=false
[11:09:09.478] INFO (17898): Wallet sync [2110]: shielded=false, unshielded=true, dust=false
[11:09:09.535] INFO (17898): Wallet sync [2111]: shielded=false, unshielded=true, dust=false
[11:09:09.583] INFO (17898): Wallet sync [2112]: shielded=false, unshielded=true, dust=false
[11:09:09.647] INFO (17898): Wallet sync [2113]: shielded=false, unshielded=true, dust=false
[11:09:09.686] INFO (17898): Wallet sync [2114]: shielded=false, unshielded=true, dust=false
[11:09:09.749] INFO (17898): Wallet sync [2115]: shielded=false, unshielded=true, dust=false
[11:09:09.826] INFO (17898): Wallet sync [2116]: shielded=false, unshielded=true, dust=false
[11:09:09.906] INFO (17898): Wallet sync [2117]: shielded=false, unshielded=true, dust=false
[11:09:09.947] INFO (17898): Wallet sync [2118]: shielded=false, unshielded=true, dust=false
[11:09:10.019] INFO (17898): Wallet sync [2119]: shielded=false, unshielded=true, dust=false
[11:09:10.065] INFO (17898): Wallet sync [2120]: shielded=false, unshielded=true, dust=false
[11:09:10.129] INFO (17898): Wallet sync [2121]: shielded=false, unshielded=true, dust=false
[11:09:10.174] INFO (17898): Wallet sync [2122]: shielded=false, unshielded=true, dust=false
[11:09:10.247] INFO (17898): Wallet sync [2123]: shielded=false, unshielded=true, dust=false
[11:09:10.292] INFO (17898): Wallet sync [2124]: shielded=false, unshielded=true, dust=false
[11:09:10.359] INFO (17898): Wallet sync [2125]: shielded=false, unshielded=true, dust=false
[11:09:10.402] INFO (17898): Wallet sync [2126]: shielded=false, unshielded=true, dust=false
[11:09:10.463] INFO (17898): Wallet sync [2127]: shielded=false, unshielded=true, dust=false
[11:09:10.539] INFO (17898): Wallet sync [2128]: shielded=false, unshielded=true, dust=false
[11:09:10.615] INFO (17898): Wallet sync [2129]: shielded=false, unshielded=true, dust=false
[11:09:10.666] INFO (17898): Wallet sync [2130]: shielded=false, unshielded=true, dust=false
[11:09:10.736] INFO (17898): Wallet sync [2131]: shielded=false, unshielded=true, dust=false
[11:09:10.797] INFO (17898): Wallet sync [2132]: shielded=false, unshielded=true, dust=false
[11:09:10.852] INFO (17898): Wallet sync [2133]: shielded=false, unshielded=true, dust=false
[11:09:10.896] INFO (17898): Wallet sync [2134]: shielded=false, unshielded=true, dust=false
[11:09:10.968] INFO (17898): Wallet sync [2135]: shielded=false, unshielded=true, dust=false
[11:09:11.019] INFO (17898): Wallet sync [2136]: shielded=false, unshielded=true, dust=false
[11:09:11.076] INFO (17898): Wallet sync [2137]: shielded=false, unshielded=true, dust=false
[11:09:11.131] INFO (17898): Wallet sync [2138]: shielded=false, unshielded=true, dust=false
[11:09:11.207] INFO (17898): Wallet sync [2139]: shielded=false, unshielded=true, dust=false
[11:09:11.252] INFO (17898): Wallet sync [2140]: shielded=false, unshielded=true, dust=false
[11:09:11.320] INFO (17898): Wallet sync [2141]: shielded=false, unshielded=true, dust=false
[11:09:11.359] INFO (17898): Wallet sync [2142]: shielded=false, unshielded=true, dust=false
[11:09:11.427] INFO (17898): Wallet sync [2143]: shielded=false, unshielded=true, dust=false
[11:09:11.475] INFO (17898): Wallet sync [2144]: shielded=false, unshielded=true, dust=false
[11:09:11.533] INFO (17898): Wallet sync [2145]: shielded=false, unshielded=true, dust=false
[11:09:11.592] INFO (17898): Wallet sync [2146]: shielded=false, unshielded=true, dust=false
[11:09:11.665] INFO (17898): Wallet sync [2147]: shielded=false, unshielded=true, dust=false
[11:09:11.696] INFO (17898): Wallet sync [2148]: shielded=false, unshielded=true, dust=false
[11:09:11.757] INFO (17898): Wallet sync [2149]: shielded=false, unshielded=true, dust=false
[11:09:11.821] INFO (17898): Wallet sync [2150]: shielded=false, unshielded=true, dust=false
[11:09:11.884] INFO (17898): Wallet sync [2151]: shielded=false, unshielded=true, dust=false
[11:09:11.942] INFO (17898): Wallet sync [2152]: shielded=false, unshielded=true, dust=false
[11:09:12.006] INFO (17898): Wallet sync [2153]: shielded=false, unshielded=true, dust=false
[11:09:12.055] INFO (17898): Wallet sync [2154]: shielded=false, unshielded=true, dust=false
[11:09:12.115] INFO (17898): Wallet sync [2155]: shielded=false, unshielded=true, dust=false
[11:09:12.152] INFO (17898): Wallet sync [2156]: shielded=false, unshielded=true, dust=false
[11:09:12.265] INFO (17898): Wallet sync [2157]: shielded=false, unshielded=true, dust=false
[11:09:12.322] INFO (17898): Wallet sync [2158]: shielded=false, unshielded=true, dust=false
[11:09:12.393] INFO (17898): Wallet sync [2159]: shielded=false, unshielded=true, dust=false
[11:09:12.433] INFO (17898): Wallet sync [2160]: shielded=false, unshielded=true, dust=false
[11:09:12.493] INFO (17898): Wallet sync [2161]: shielded=false, unshielded=true, dust=false
[11:09:12.545] INFO (17898): Wallet sync [2162]: shielded=false, unshielded=true, dust=false
[11:09:12.595] INFO (17898): Wallet sync [2163]: shielded=false, unshielded=true, dust=false
[11:09:12.632] INFO (17898): Wallet sync [2164]: shielded=false, unshielded=true, dust=false
[11:09:12.699] INFO (17898): Wallet sync [2165]: shielded=false, unshielded=true, dust=false
[11:09:12.740] INFO (17898): Wallet sync [2166]: shielded=false, unshielded=true, dust=false
[11:09:12.795] INFO (17898): Wallet sync [2167]: shielded=false, unshielded=true, dust=false
[11:09:12.850] INFO (17898): Wallet sync [2168]: shielded=false, unshielded=true, dust=false
[11:09:12.922] INFO (17898): Wallet sync [2169]: shielded=false, unshielded=true, dust=false
[11:09:12.969] INFO (17898): Wallet sync [2170]: shielded=false, unshielded=true, dust=false
[11:09:13.022] INFO (17898): Wallet sync [2171]: shielded=false, unshielded=true, dust=false
[11:09:13.068] INFO (17898): Wallet sync [2172]: shielded=false, unshielded=true, dust=false
[11:09:13.133] INFO (17898): Wallet sync [2173]: shielded=false, unshielded=true, dust=false
[11:09:13.190] INFO (17898): Wallet sync [2174]: shielded=false, unshielded=true, dust=false
[11:09:13.243] INFO (17898): Wallet sync [2175]: shielded=false, unshielded=true, dust=false
[11:09:13.298] INFO (17898): Wallet sync [2176]: shielded=false, unshielded=true, dust=false
[11:09:13.353] INFO (17898): Wallet sync [2177]: shielded=false, unshielded=true, dust=false
[11:09:13.382] INFO (17898): Wallet sync [2178]: shielded=false, unshielded=true, dust=false
[11:09:13.445] INFO (17898): Wallet sync [2179]: shielded=false, unshielded=true, dust=false
[11:09:13.477] INFO (17898): Wallet sync [2180]: shielded=false, unshielded=true, dust=false
[11:09:13.540] INFO (17898): Wallet sync [2181]: shielded=false, unshielded=true, dust=false
[11:09:13.584] INFO (17898): Wallet sync [2182]: shielded=false, unshielded=true, dust=false
[11:09:13.642] INFO (17898): Wallet sync [2183]: shielded=false, unshielded=true, dust=false
[11:09:13.716] INFO (17898): Wallet sync [2184]: shielded=false, unshielded=true, dust=false
[11:09:13.779] INFO (17898): Wallet sync [2185]: shielded=false, unshielded=true, dust=false
[11:09:13.837] INFO (17898): Wallet sync [2186]: shielded=false, unshielded=true, dust=false
[11:09:13.907] INFO (17898): Wallet sync [2187]: shielded=false, unshielded=true, dust=false
[11:09:13.964] INFO (17898): Wallet sync [2188]: shielded=false, unshielded=true, dust=false
[11:09:14.029] INFO (17898): Wallet sync [2189]: shielded=false, unshielded=true, dust=false
[11:09:14.075] INFO (17898): Wallet sync [2190]: shielded=false, unshielded=true, dust=false
[11:09:14.129] INFO (17898): Wallet sync [2191]: shielded=false, unshielded=true, dust=false
[11:09:14.168] INFO (17898): Wallet sync [2192]: shielded=false, unshielded=true, dust=false
[11:09:14.233] INFO (17898): Wallet sync [2193]: shielded=false, unshielded=true, dust=false
[11:09:14.274] INFO (17898): Wallet sync [2194]: shielded=false, unshielded=true, dust=false
[11:09:14.339] INFO (17898): Wallet sync [2195]: shielded=false, unshielded=true, dust=false
[11:09:14.383] INFO (17898): Wallet sync [2196]: shielded=false, unshielded=true, dust=false
[11:09:14.442] INFO (17898): Wallet sync [2197]: shielded=false, unshielded=true, dust=false
[11:09:14.493] INFO (17898): Wallet sync [2198]: shielded=false, unshielded=true, dust=false
[11:09:14.587] INFO (17898): Wallet sync [2199]: shielded=false, unshielded=true, dust=false
[11:09:14.639] INFO (17898): Wallet sync [2200]: shielded=false, unshielded=true, dust=false
[11:09:14.682] INFO (17898): Wallet sync [2201]: shielded=false, unshielded=true, dust=false
[11:09:14.708] INFO (17898): Wallet sync [2202]: shielded=false, unshielded=true, dust=false
[11:09:14.788] INFO (17898): Wallet sync [2203]: shielded=false, unshielded=true, dust=false
[11:09:14.857] INFO (17898): Wallet sync [2204]: shielded=false, unshielded=true, dust=false
[11:09:14.908] INFO (17898): Wallet sync [2205]: shielded=false, unshielded=true, dust=false
[11:09:14.949] INFO (17898): Wallet sync [2206]: shielded=false, unshielded=true, dust=false
[11:09:15.016] INFO (17898): Wallet sync [2207]: shielded=false, unshielded=true, dust=false
[11:09:15.065] INFO (17898): Wallet sync [2208]: shielded=false, unshielded=true, dust=false
[11:09:15.123] INFO (17898): Wallet sync [2209]: shielded=false, unshielded=true, dust=false
[11:09:15.165] INFO (17898): Wallet sync [2210]: shielded=false, unshielded=true, dust=false
[11:09:15.226] INFO (17898): Wallet sync [2211]: shielded=false, unshielded=true, dust=false
[11:09:15.274] INFO (17898): Wallet sync [2212]: shielded=false, unshielded=true, dust=false
[11:09:15.330] INFO (17898): Wallet sync [2213]: shielded=false, unshielded=true, dust=false
[11:09:15.387] INFO (17898): Wallet sync [2214]: shielded=false, unshielded=true, dust=false
[11:09:15.439] INFO (17898): Wallet sync [2215]: shielded=false, unshielded=true, dust=false
[11:09:15.476] INFO (17898): Wallet sync [2216]: shielded=false, unshielded=true, dust=false
[11:09:15.538] INFO (17898): Wallet sync [2217]: shielded=false, unshielded=true, dust=false
[11:09:15.581] INFO (17898): Wallet sync [2218]: shielded=false, unshielded=true, dust=false
[11:09:15.638] INFO (17898): Wallet sync [2219]: shielded=false, unshielded=true, dust=false
[11:09:15.679] INFO (17898): Wallet sync [2220]: shielded=false, unshielded=true, dust=false
[11:09:15.752] INFO (17898): Wallet sync [2221]: shielded=false, unshielded=true, dust=false
[11:09:15.800] INFO (17898): Wallet sync [2222]: shielded=false, unshielded=true, dust=false
[11:09:15.860] INFO (17898): Wallet sync [2223]: shielded=false, unshielded=true, dust=false
[11:09:15.917] INFO (17898): Wallet sync [2224]: shielded=false, unshielded=true, dust=false
[11:09:15.974] INFO (17898): Wallet sync [2225]: shielded=false, unshielded=true, dust=false
[11:09:16.025] INFO (17898): Wallet sync [2226]: shielded=false, unshielded=true, dust=false
[11:09:16.087] INFO (17898): Wallet sync [2227]: shielded=false, unshielded=true, dust=false
[11:09:16.137] INFO (17898): Wallet sync [2228]: shielded=false, unshielded=true, dust=false
[11:09:16.196] INFO (17898): Wallet sync [2229]: shielded=false, unshielded=true, dust=false
[11:09:16.259] INFO (17898): Wallet sync [2230]: shielded=false, unshielded=true, dust=false
[11:09:16.313] INFO (17898): Wallet sync [2231]: shielded=false, unshielded=true, dust=false
[11:09:16.373] INFO (17898): Wallet sync [2232]: shielded=false, unshielded=true, dust=false
[11:09:16.439] INFO (17898): Wallet sync [2233]: shielded=false, unshielded=true, dust=false
[11:09:16.491] INFO (17898): Wallet sync [2234]: shielded=false, unshielded=true, dust=false
[11:09:16.547] INFO (17898): Wallet sync [2235]: shielded=false, unshielded=true, dust=false
[11:09:16.600] INFO (17898): Wallet sync [2236]: shielded=false, unshielded=true, dust=false
[11:09:16.660] INFO (17898): Wallet sync [2237]: shielded=false, unshielded=true, dust=false
[11:09:16.715] INFO (17898): Wallet sync [2238]: shielded=false, unshielded=true, dust=false
[11:09:16.767] INFO (17898): Wallet sync [2239]: shielded=false, unshielded=true, dust=false
[11:09:16.821] INFO (17898): Wallet sync [2240]: shielded=false, unshielded=true, dust=false
[11:09:16.889] INFO (17898): Wallet sync [2241]: shielded=false, unshielded=true, dust=false
[11:09:16.931] INFO (17898): Wallet sync [2242]: shielded=false, unshielded=true, dust=false
[11:09:16.990] INFO (17898): Wallet sync [2243]: shielded=false, unshielded=true, dust=false
[11:09:17.046] INFO (17898): Wallet sync [2244]: shielded=false, unshielded=true, dust=false
[11:09:17.086] INFO (17898): Wallet sync [2245]: shielded=false, unshielded=true, dust=false
[11:09:17.124] INFO (17898): Wallet sync [2246]: shielded=false, unshielded=true, dust=false
[11:09:17.185] INFO (17898): Wallet sync [2247]: shielded=false, unshielded=true, dust=false
[11:09:17.233] INFO (17898): Wallet sync [2248]: shielded=false, unshielded=true, dust=false
[11:09:17.289] INFO (17898): Wallet sync [2249]: shielded=false, unshielded=true, dust=false
[11:09:17.333] INFO (17898): Wallet sync [2250]: shielded=false, unshielded=true, dust=false
[11:09:17.428] INFO (17898): Wallet sync [2251]: shielded=false, unshielded=true, dust=false
[11:09:17.466] INFO (17898): Wallet sync [2252]: shielded=false, unshielded=true, dust=false
[11:09:17.520] INFO (17898): Wallet sync [2253]: shielded=false, unshielded=true, dust=false
[11:09:17.563] INFO (17898): Wallet sync [2254]: shielded=false, unshielded=true, dust=false
[11:09:17.628] INFO (17898): Wallet sync [2255]: shielded=false, unshielded=true, dust=false
[11:09:17.666] INFO (17898): Wallet sync [2256]: shielded=false, unshielded=true, dust=false
[11:09:17.731] INFO (17898): Wallet sync [2257]: shielded=false, unshielded=true, dust=false
[11:09:17.773] INFO (17898): Wallet sync [2258]: shielded=false, unshielded=true, dust=false
[11:09:17.836] INFO (17898): Wallet sync [2259]: shielded=false, unshielded=true, dust=false
[11:09:17.884] INFO (17898): Wallet sync [2260]: shielded=false, unshielded=true, dust=false
[11:09:17.916] INFO (17898): Wallet sync [2261]: shielded=false, unshielded=true, dust=false
[11:09:17.964] INFO (17898): Wallet sync [2262]: shielded=false, unshielded=true, dust=false
[11:09:18.030] INFO (17898): Wallet sync [2263]: shielded=false, unshielded=true, dust=false
[11:09:18.074] INFO (17898): Wallet sync [2264]: shielded=false, unshielded=true, dust=false
[11:09:18.135] INFO (17898): Wallet sync [2265]: shielded=false, unshielded=true, dust=false
[11:09:18.172] INFO (17898): Wallet sync [2266]: shielded=false, unshielded=true, dust=false
[11:09:18.230] INFO (17898): Wallet sync [2267]: shielded=false, unshielded=true, dust=false
[11:09:18.285] INFO (17898): Wallet sync [2268]: shielded=false, unshielded=true, dust=false
[11:09:18.334] INFO (17898): Wallet sync [2269]: shielded=false, unshielded=true, dust=false
[11:09:18.382] INFO (17898): Wallet sync [2270]: shielded=false, unshielded=true, dust=false
[11:09:18.448] INFO (17898): Wallet sync [2271]: shielded=false, unshielded=true, dust=false
[11:09:18.511] INFO (17898): Wallet sync [2272]: shielded=false, unshielded=true, dust=false
[11:09:18.573] INFO (17898): Wallet sync [2273]: shielded=false, unshielded=true, dust=false
[11:09:18.669] INFO (17898): Wallet sync [2274]: shielded=false, unshielded=true, dust=false
[11:09:18.734] INFO (17898): Wallet sync [2275]: shielded=false, unshielded=true, dust=false
[11:09:18.791] INFO (17898): Wallet sync [2276]: shielded=false, unshielded=true, dust=false
[11:09:18.865] INFO (17898): Wallet sync [2277]: shielded=false, unshielded=true, dust=false
[11:09:18.935] INFO (17898): Wallet sync [2278]: shielded=false, unshielded=true, dust=false
[11:09:19.005] INFO (17898): Wallet sync [2279]: shielded=false, unshielded=true, dust=false
[11:09:19.074] INFO (17898): Wallet sync [2280]: shielded=false, unshielded=true, dust=false
[11:09:19.144] INFO (17898): Wallet sync [2281]: shielded=false, unshielded=true, dust=false
[11:09:19.218] INFO (17898): Wallet sync [2282]: shielded=false, unshielded=true, dust=false
[11:09:19.273] INFO (17898): Wallet sync [2283]: shielded=false, unshielded=true, dust=false
[11:09:19.307] INFO (17898): Wallet sync [2284]: shielded=false, unshielded=true, dust=false
[11:09:19.365] INFO (17898): Wallet sync [2285]: shielded=false, unshielded=true, dust=false
[11:09:19.421] INFO (17898): Wallet sync [2286]: shielded=false, unshielded=true, dust=false
[11:09:19.508] INFO (17898): Wallet sync [2287]: shielded=false, unshielded=true, dust=false
[11:09:19.545] INFO (17898): Wallet sync [2288]: shielded=false, unshielded=true, dust=false
[11:09:19.604] INFO (17898): Wallet sync [2289]: shielded=false, unshielded=true, dust=false
[11:09:19.680] INFO (17898): Wallet sync [2290]: shielded=false, unshielded=true, dust=false
[11:09:19.739] INFO (17898): Wallet sync [2291]: shielded=false, unshielded=true, dust=false
[11:09:19.791] INFO (17898): Wallet sync [2292]: shielded=false, unshielded=true, dust=false
[11:09:19.863] INFO (17898): Wallet sync [2293]: shielded=false, unshielded=true, dust=false
[11:09:19.928] INFO (17898): Wallet sync [2294]: shielded=false, unshielded=true, dust=false
[11:09:20.007] INFO (17898): Wallet sync [2295]: shielded=false, unshielded=true, dust=false
[11:09:20.080] INFO (17898): Wallet sync [2296]: shielded=false, unshielded=true, dust=false
[11:09:20.151] INFO (17898): Wallet sync [2297]: shielded=false, unshielded=true, dust=false
[11:09:20.200] INFO (17898): Wallet sync [2298]: shielded=false, unshielded=true, dust=false
[11:09:20.275] INFO (17898): Wallet sync [2299]: shielded=false, unshielded=true, dust=false
[11:09:20.337] INFO (17898): Wallet sync [2300]: shielded=false, unshielded=true, dust=false
[11:09:20.382] INFO (17898): Wallet sync [2301]: shielded=false, unshielded=true, dust=false
[11:09:20.444] INFO (17898): Wallet sync [2302]: shielded=false, unshielded=true, dust=false
[11:09:20.546] INFO (17898): Wallet sync [2303]: shielded=false, unshielded=true, dust=false
[11:09:20.611] INFO (17898): Wallet sync [2304]: shielded=false, unshielded=true, dust=false
[11:09:20.698] INFO (17898): Wallet sync [2305]: shielded=false, unshielded=true, dust=false
[11:09:20.768] INFO (17898): Wallet sync [2306]: shielded=false, unshielded=true, dust=false
[11:09:20.848] INFO (17898): Wallet sync [2307]: shielded=false, unshielded=true, dust=false
[11:09:20.918] INFO (17898): Wallet sync [2308]: shielded=false, unshielded=true, dust=false
[11:09:20.997] INFO (17898): Wallet sync [2309]: shielded=false, unshielded=true, dust=false
[11:09:21.066] INFO (17898): Wallet sync [2310]: shielded=false, unshielded=true, dust=false
[11:09:21.133] INFO (17898): Wallet sync [2311]: shielded=false, unshielded=true, dust=false
[11:09:21.219] INFO (17898): Wallet sync [2312]: shielded=false, unshielded=true, dust=false
[11:09:21.265] INFO (17898): Wallet sync [2313]: shielded=false, unshielded=true, dust=false
[11:09:21.323] INFO (17898): Wallet sync [2314]: shielded=false, unshielded=true, dust=false
[11:09:21.382] INFO (17898): Wallet sync [2315]: shielded=false, unshielded=true, dust=false
[11:09:21.443] INFO (17898): Wallet sync [2316]: shielded=false, unshielded=true, dust=false
[11:09:21.516] INFO (17898): Wallet sync [2317]: shielded=false, unshielded=true, dust=false
[11:09:21.574] INFO (17898): Wallet sync [2318]: shielded=false, unshielded=true, dust=false
[11:09:21.626] INFO (17898): Wallet sync [2319]: shielded=false, unshielded=true, dust=false
[11:09:21.676] INFO (17898): Wallet sync [2320]: shielded=false, unshielded=true, dust=false
[11:09:21.740] INFO (17898): Wallet sync [2321]: shielded=false, unshielded=true, dust=false
[11:09:21.789] INFO (17898): Wallet sync [2322]: shielded=false, unshielded=true, dust=false
[11:09:21.837] INFO (17898): Wallet sync [2323]: shielded=false, unshielded=true, dust=false
[11:09:21.878] INFO (17898): Wallet sync [2324]: shielded=false, unshielded=true, dust=false
[11:09:21.945] INFO (17898): Wallet sync [2325]: shielded=false, unshielded=true, dust=false
[11:09:21.985] INFO (17898): Wallet sync [2326]: shielded=false, unshielded=true, dust=false
[11:09:22.042] INFO (17898): Wallet sync [2327]: shielded=false, unshielded=true, dust=false
[11:09:22.079] INFO (17898): Wallet sync [2328]: shielded=false, unshielded=true, dust=false
[11:09:22.134] INFO (17898): Wallet sync [2329]: shielded=false, unshielded=true, dust=false
[11:09:22.175] INFO (17898): Wallet sync [2330]: shielded=false, unshielded=true, dust=false
[11:09:22.227] INFO (17898): Wallet sync [2331]: shielded=false, unshielded=true, dust=false
[11:09:22.274] INFO (17898): Wallet sync [2332]: shielded=false, unshielded=true, dust=false
[11:09:22.344] INFO (17898): Wallet sync [2333]: shielded=false, unshielded=true, dust=false
[11:09:22.377] INFO (17898): Wallet sync [2334]: shielded=false, unshielded=true, dust=false
[11:09:22.464] INFO (17898): Wallet sync [2335]: shielded=false, unshielded=true, dust=false
[11:09:22.517] INFO (17898): Wallet sync [2336]: shielded=false, unshielded=true, dust=false
[11:09:22.572] INFO (17898): Wallet sync [2337]: shielded=false, unshielded=true, dust=false
[11:09:22.624] INFO (17898): Wallet sync [2338]: shielded=false, unshielded=true, dust=false
[11:09:22.681] INFO (17898): Wallet sync [2339]: shielded=false, unshielded=true, dust=false
[11:09:22.720] INFO (17898): Wallet sync [2340]: shielded=false, unshielded=true, dust=false
[11:09:22.780] INFO (17898): Wallet sync [2341]: shielded=false, unshielded=true, dust=false
[11:09:22.813] INFO (17898): Wallet sync [2342]: shielded=false, unshielded=true, dust=false
[11:09:22.871] INFO (17898): Wallet sync [2343]: shielded=false, unshielded=true, dust=false
[11:09:22.920] INFO (17898): Wallet sync [2344]: shielded=false, unshielded=true, dust=false
[11:09:22.981] INFO (17898): Wallet sync [2345]: shielded=false, unshielded=true, dust=false
[11:09:23.024] INFO (17898): Wallet sync [2346]: shielded=false, unshielded=true, dust=false
[11:09:23.077] INFO (17898): Wallet sync [2347]: shielded=false, unshielded=true, dust=false
[11:09:23.124] INFO (17898): Wallet sync [2348]: shielded=false, unshielded=true, dust=false
[11:09:23.189] INFO (17898): Wallet sync [2349]: shielded=false, unshielded=true, dust=false
[11:09:23.226] INFO (17898): Wallet sync [2350]: shielded=false, unshielded=true, dust=false
[11:09:23.277] INFO (17898): Wallet sync [2351]: shielded=false, unshielded=true, dust=false
[11:09:23.322] INFO (17898): Wallet sync [2352]: shielded=false, unshielded=true, dust=false
[11:09:23.394] INFO (17898): Wallet sync [2353]: shielded=false, unshielded=true, dust=false
[11:09:23.449] INFO (17898): Wallet sync [2354]: shielded=false, unshielded=true, dust=false
[11:09:23.514] INFO (17898): Wallet sync [2355]: shielded=false, unshielded=true, dust=false
[11:09:23.553] INFO (17898): Wallet sync [2356]: shielded=false, unshielded=true, dust=false
[11:09:23.610] INFO (17898): Wallet sync [2357]: shielded=false, unshielded=true, dust=false
[11:09:23.652] INFO (17898): Wallet sync [2358]: shielded=false, unshielded=true, dust=false
[11:09:23.718] INFO (17898): Wallet sync [2359]: shielded=false, unshielded=true, dust=false
[11:09:23.766] INFO (17898): Wallet sync [2360]: shielded=false, unshielded=true, dust=false
[11:09:23.833] INFO (17898): Wallet sync [2361]: shielded=false, unshielded=true, dust=false
[11:09:23.878] INFO (17898): Wallet sync [2362]: shielded=false, unshielded=true, dust=false
[11:09:23.947] INFO (17898): Wallet sync [2363]: shielded=false, unshielded=true, dust=false
[11:09:24.000] INFO (17898): Wallet sync [2364]: shielded=false, unshielded=true, dust=false
[11:09:24.063] INFO (17898): Wallet sync [2365]: shielded=false, unshielded=true, dust=false
[11:09:24.115] INFO (17898): Wallet sync [2366]: shielded=false, unshielded=true, dust=false
[11:09:24.178] INFO (17898): Wallet sync [2367]: shielded=false, unshielded=true, dust=false
[11:09:24.221] INFO (17898): Wallet sync [2368]: shielded=false, unshielded=true, dust=false
[11:09:24.294] INFO (17898): Wallet sync [2369]: shielded=false, unshielded=true, dust=false
[11:09:24.352] INFO (17898): Wallet sync [2370]: shielded=false, unshielded=true, dust=false
[11:09:24.409] INFO (17898): Wallet sync [2371]: shielded=false, unshielded=true, dust=false
[11:09:24.451] INFO (17898): Wallet sync [2372]: shielded=false, unshielded=true, dust=false
[11:09:24.522] INFO (17898): Wallet sync [2373]: shielded=false, unshielded=true, dust=false
[11:09:24.570] INFO (17898): Wallet sync [2374]: shielded=false, unshielded=true, dust=false
[11:09:24.624] INFO (17898): Wallet sync [2375]: shielded=false, unshielded=true, dust=false
[11:09:24.684] INFO (17898): Wallet sync [2376]: shielded=false, unshielded=true, dust=false
[11:09:24.747] INFO (17898): Wallet sync [2377]: shielded=false, unshielded=true, dust=false
[11:09:24.790] INFO (17898): Wallet sync [2378]: shielded=false, unshielded=true, dust=false
[11:09:24.848] INFO (17898): Wallet sync [2379]: shielded=false, unshielded=true, dust=false
[11:09:24.891] INFO (17898): Wallet sync [2380]: shielded=false, unshielded=true, dust=false
[11:09:24.965] INFO (17898): Wallet sync [2381]: shielded=false, unshielded=true, dust=false
[11:09:25.025] INFO (17898): Wallet sync [2382]: shielded=false, unshielded=true, dust=false
[11:09:25.095] INFO (17898): Wallet sync [2383]: shielded=false, unshielded=true, dust=false
[11:09:25.135] INFO (17898): Wallet sync [2384]: shielded=false, unshielded=true, dust=false
[11:09:25.194] INFO (17898): Wallet sync [2385]: shielded=false, unshielded=true, dust=false
[11:09:25.257] INFO (17898): Wallet sync [2386]: shielded=false, unshielded=true, dust=false
[11:09:25.336] INFO (17898): Wallet sync [2387]: shielded=false, unshielded=true, dust=false
[11:09:25.372] INFO (17898): Wallet sync [2388]: shielded=false, unshielded=true, dust=false
[11:09:25.439] INFO (17898): Wallet sync [2389]: shielded=false, unshielded=true, dust=false
[11:09:25.495] INFO (17898): Wallet sync [2390]: shielded=false, unshielded=true, dust=false
[11:09:25.552] INFO (17898): Wallet sync [2391]: shielded=false, unshielded=true, dust=false
[11:09:25.617] INFO (17898): Wallet sync [2392]: shielded=false, unshielded=true, dust=false
[11:09:25.689] INFO (17898): Wallet sync [2393]: shielded=false, unshielded=true, dust=false
[11:09:25.740] INFO (17898): Wallet sync [2394]: shielded=false, unshielded=true, dust=false
[11:09:25.807] INFO (17898): Wallet sync [2395]: shielded=false, unshielded=true, dust=false
[11:09:25.872] INFO (17898): Wallet sync [2396]: shielded=false, unshielded=true, dust=false
[11:09:25.885] INFO (17898): Wallet sync [2397]: shielded=false, unshielded=true, dust=false
[11:09:25.947] INFO (17898): Wallet sync [2398]: shielded=false, unshielded=true, dust=false
[11:09:26.037] INFO (17898): Wallet sync [2399]: shielded=false, unshielded=true, dust=false
[11:09:26.174] INFO (17898): Wallet sync [2400]: shielded=false, unshielded=true, dust=false
[11:09:26.308] INFO (17898): Wallet sync [2401]: shielded=false, unshielded=true, dust=false
[11:09:26.409] INFO (17898): Wallet sync [2402]: shielded=false, unshielded=true, dust=false
[11:09:26.477] INFO (17898): Wallet sync [2403]: shielded=false, unshielded=true, dust=false
[11:09:26.562] INFO (17898): Wallet sync [2404]: shielded=false, unshielded=true, dust=false
[11:09:26.626] INFO (17898): Wallet sync [2405]: shielded=false, unshielded=true, dust=false
[11:09:26.697] INFO (17898): Wallet sync [2406]: shielded=false, unshielded=true, dust=false
[11:09:26.742] INFO (17898): Wallet sync [2407]: shielded=false, unshielded=true, dust=false
[11:09:26.806] INFO (17898): Wallet sync [2408]: shielded=false, unshielded=true, dust=false
[11:09:26.859] INFO (17898): Wallet sync [2409]: shielded=false, unshielded=true, dust=false
[11:09:26.919] INFO (17898): Wallet sync [2410]: shielded=false, unshielded=true, dust=false
[11:09:26.971] INFO (17898): Wallet sync [2411]: shielded=false, unshielded=true, dust=false
[11:09:27.046] INFO (17898): Wallet sync [2412]: shielded=false, unshielded=true, dust=false
[11:09:27.090] INFO (17898): Wallet sync [2413]: shielded=false, unshielded=true, dust=false
[11:09:27.152] INFO (17898): Wallet sync [2414]: shielded=false, unshielded=true, dust=false
[11:09:27.180] INFO (17898): Wallet sync [2415]: shielded=false, unshielded=true, dust=false
[11:09:27.246] INFO (17898): Wallet sync [2416]: shielded=false, unshielded=true, dust=false
[11:09:27.289] INFO (17898): Wallet sync [2417]: shielded=false, unshielded=true, dust=false
[11:09:27.359] INFO (17898): Wallet sync [2418]: shielded=false, unshielded=true, dust=false
[11:09:27.417] INFO (17898): Wallet sync [2419]: shielded=false, unshielded=true, dust=false
[11:09:27.499] INFO (17898): Wallet sync [2420]: shielded=false, unshielded=true, dust=false
[11:09:27.546] INFO (17898): Wallet sync [2421]: shielded=false, unshielded=true, dust=false
[11:09:27.599] INFO (17898): Wallet sync [2422]: shielded=false, unshielded=true, dust=false
[11:09:27.626] INFO (17898): Wallet sync [2423]: shielded=false, unshielded=true, dust=false
[11:09:27.684] INFO (17898): Wallet sync [2424]: shielded=false, unshielded=true, dust=false
[11:09:27.723] INFO (17898): Wallet sync [2425]: shielded=false, unshielded=true, dust=false
[11:09:27.793] INFO (17898): Wallet sync [2426]: shielded=false, unshielded=true, dust=false
[11:09:27.827] INFO (17898): Wallet sync [2427]: shielded=false, unshielded=true, dust=false
[11:09:27.884] INFO (17898): Wallet sync [2428]: shielded=false, unshielded=true, dust=false
[11:09:27.909] INFO (17898): Wallet sync [2429]: shielded=false, unshielded=true, dust=false
[11:09:27.962] INFO (17898): Wallet sync [2430]: shielded=false, unshielded=true, dust=false
[11:09:27.998] INFO (17898): Wallet sync [2431]: shielded=false, unshielded=true, dust=false
[11:09:28.064] INFO (17898): Wallet sync [2432]: shielded=false, unshielded=true, dust=false
[11:09:28.093] INFO (17898): Wallet sync [2433]: shielded=false, unshielded=true, dust=false
[11:09:28.154] INFO (17898): Wallet sync [2434]: shielded=false, unshielded=true, dust=false
[11:09:28.206] INFO (17898): Wallet sync [2435]: shielded=false, unshielded=true, dust=false
[11:09:28.265] INFO (17898): Wallet sync [2436]: shielded=false, unshielded=true, dust=false
[11:09:28.307] INFO (17898): Wallet sync [2437]: shielded=false, unshielded=true, dust=false
[11:09:28.407] INFO (17898): Wallet sync [2438]: shielded=false, unshielded=true, dust=false
[11:09:28.498] INFO (17898): Wallet sync [2439]: shielded=false, unshielded=true, dust=false
[11:09:28.573] INFO (17898): Wallet sync [2440]: shielded=false, unshielded=true, dust=false
[11:09:28.653] INFO (17898): Wallet sync [2441]: shielded=false, unshielded=true, dust=false
[11:09:28.732] INFO (17898): Wallet sync [2442]: shielded=false, unshielded=true, dust=false
[11:09:28.771] INFO (17898): Wallet sync [2443]: shielded=false, unshielded=true, dust=false
[11:09:28.873] INFO (17898): Wallet sync [2444]: shielded=false, unshielded=true, dust=false
[11:09:28.916] INFO (17898): Wallet sync [2445]: shielded=false, unshielded=true, dust=false
[11:09:29.016] INFO (17898): Wallet sync [2446]: shielded=false, unshielded=true, dust=false
[11:09:29.068] INFO (17898): Wallet sync [2447]: shielded=false, unshielded=true, dust=false
[11:09:29.166] INFO (17898): Wallet sync [2448]: shielded=false, unshielded=true, dust=false
[11:09:29.226] INFO (17898): Wallet sync [2449]: shielded=false, unshielded=true, dust=false
[11:09:29.276] INFO (17898): Wallet sync [2450]: shielded=false, unshielded=true, dust=false
[11:09:29.334] INFO (17898): Wallet sync [2451]: shielded=false, unshielded=true, dust=false
[11:09:29.402] INFO (17898): Wallet sync [2452]: shielded=false, unshielded=true, dust=false
[11:09:29.441] INFO (17898): Wallet sync [2453]: shielded=false, unshielded=true, dust=false
[11:09:29.482] INFO (17898): Wallet sync [2454]: shielded=false, unshielded=true, dust=false
[11:09:29.506] INFO (17898): Wallet sync [2455]: shielded=false, unshielded=true, dust=false
[11:09:29.563] INFO (17898): Wallet sync [2456]: shielded=false, unshielded=true, dust=false
[11:09:29.622] INFO (17898): Wallet sync [2457]: shielded=false, unshielded=true, dust=false
[11:09:29.686] INFO (17898): Wallet sync [2458]: shielded=false, unshielded=true, dust=false
[11:09:29.747] INFO (17898): Wallet sync [2459]: shielded=false, unshielded=true, dust=false
[11:09:29.816] INFO (17898): Wallet sync [2460]: shielded=false, unshielded=true, dust=false
[11:09:29.860] INFO (17898): Wallet sync [2461]: shielded=false, unshielded=true, dust=false
[11:09:29.922] INFO (17898): Wallet sync [2462]: shielded=false, unshielded=true, dust=false
[11:09:29.978] INFO (17898): Wallet sync [2463]: shielded=false, unshielded=true, dust=false
[11:09:30.078] INFO (17898): Wallet sync [2464]: shielded=false, unshielded=true, dust=false
[11:09:30.125] INFO (17898): Wallet sync [2465]: shielded=false, unshielded=true, dust=false
[11:09:30.182] INFO (17898): Wallet sync [2466]: shielded=false, unshielded=true, dust=false
[11:09:30.238] INFO (17898): Wallet sync [2467]: shielded=false, unshielded=true, dust=false
[11:09:30.300] INFO (17898): Wallet sync [2468]: shielded=false, unshielded=true, dust=false
[11:09:30.364] INFO (17898): Wallet sync [2469]: shielded=false, unshielded=true, dust=false
[11:09:30.434] INFO (17898): Wallet sync [2470]: shielded=false, unshielded=true, dust=false
[11:09:30.477] INFO (17898): Wallet sync [2471]: shielded=false, unshielded=true, dust=false
[11:09:30.534] INFO (17898): Wallet sync [2472]: shielded=false, unshielded=true, dust=false
[11:09:30.571] INFO (17898): Wallet sync [2473]: shielded=false, unshielded=true, dust=false
[11:09:30.623] INFO (17898): Wallet sync [2474]: shielded=false, unshielded=true, dust=false
[11:09:30.662] INFO (17898): Wallet sync [2475]: shielded=false, unshielded=true, dust=false
[11:09:30.731] INFO (17898): Wallet sync [2476]: shielded=false, unshielded=true, dust=false
[11:09:30.769] INFO (17898): Wallet sync [2477]: shielded=false, unshielded=true, dust=false
[11:09:30.812] INFO (17898): Wallet sync [2478]: shielded=false, unshielded=true, dust=false
[11:09:30.854] INFO (17898): Wallet sync [2479]: shielded=false, unshielded=true, dust=false
[11:09:30.909] INFO (17898): Wallet sync [2480]: shielded=false, unshielded=true, dust=false
[11:09:30.962] INFO (17898): Wallet sync [2481]: shielded=false, unshielded=true, dust=false
[11:09:30.995] INFO (17898): Wallet sync [2482]: shielded=false, unshielded=true, dust=false
[11:09:31.048] INFO (17898): Wallet sync [2483]: shielded=false, unshielded=true, dust=false
[11:09:31.101] INFO (17898): Wallet sync [2484]: shielded=false, unshielded=true, dust=false
[11:09:31.134] INFO (17898): Wallet sync [2485]: shielded=false, unshielded=true, dust=false
[11:09:31.192] INFO (17898): Wallet sync [2486]: shielded=false, unshielded=true, dust=false
[11:09:31.226] INFO (17898): Wallet sync [2487]: shielded=false, unshielded=true, dust=false
[11:09:31.278] INFO (17898): Wallet sync [2488]: shielded=false, unshielded=true, dust=false
[11:09:31.329] INFO (17898): Wallet sync [2489]: shielded=false, unshielded=true, dust=false
[11:09:31.380] INFO (17898): Wallet sync [2490]: shielded=false, unshielded=true, dust=false
[11:09:31.409] INFO (17898): Wallet sync [2491]: shielded=false, unshielded=true, dust=false
[11:09:31.457] INFO (17898): Wallet sync [2492]: shielded=false, unshielded=true, dust=false
[11:09:31.491] INFO (17898): Wallet sync [2493]: shielded=false, unshielded=true, dust=false
[11:09:31.548] INFO (17898): Wallet sync [2494]: shielded=false, unshielded=true, dust=false
[11:09:31.588] INFO (17898): Wallet sync [2495]: shielded=false, unshielded=true, dust=false
[11:09:31.658] INFO (17898): Wallet sync [2496]: shielded=false, unshielded=true, dust=false
[11:09:31.694] INFO (17898): Wallet sync [2497]: shielded=false, unshielded=true, dust=false
[11:09:31.760] INFO (17898): Wallet sync [2498]: shielded=false, unshielded=true, dust=false
[11:09:31.791] INFO (17898): Wallet sync [2499]: shielded=false, unshielded=true, dust=false
[11:09:31.847] INFO (17898): Wallet sync [2500]: shielded=false, unshielded=true, dust=false
[11:09:31.887] INFO (17898): Wallet sync [2501]: shielded=false, unshielded=true, dust=false
[11:09:31.958] INFO (17898): Wallet sync [2502]: shielded=false, unshielded=true, dust=false
[11:09:31.996] INFO (17898): Wallet sync [2503]: shielded=false, unshielded=true, dust=false
[11:09:32.058] INFO (17898): Wallet sync [2504]: shielded=false, unshielded=true, dust=false
[11:09:32.088] INFO (17898): Wallet sync [2505]: shielded=false, unshielded=true, dust=false
[11:09:32.155] INFO (17898): Wallet sync [2506]: shielded=false, unshielded=true, dust=false
[11:09:32.198] INFO (17898): Wallet sync [2507]: shielded=false, unshielded=true, dust=false
[11:09:32.253] INFO (17898): Wallet sync [2508]: shielded=false, unshielded=true, dust=false
[11:09:32.285] INFO (17898): Wallet sync [2509]: shielded=false, unshielded=true, dust=false
[11:09:32.357] INFO (17898): Wallet sync [2510]: shielded=false, unshielded=true, dust=false
[11:09:32.387] INFO (17898): Wallet sync [2511]: shielded=false, unshielded=true, dust=false
[11:09:32.445] INFO (17898): Wallet sync [2512]: shielded=false, unshielded=true, dust=false
[11:09:32.504] INFO (17898): Wallet sync [2513]: shielded=false, unshielded=true, dust=false
[11:09:32.590] INFO (17898): Wallet sync [2514]: shielded=false, unshielded=true, dust=false
[11:09:32.661] INFO (17898): Wallet sync [2515]: shielded=false, unshielded=true, dust=false
[11:09:32.716] INFO (17898): Wallet sync [2516]: shielded=false, unshielded=true, dust=false
[11:09:32.785] INFO (17898): Wallet sync [2517]: shielded=false, unshielded=true, dust=false
[11:09:32.855] INFO (17898): Wallet sync [2518]: shielded=false, unshielded=true, dust=false
[11:09:32.895] INFO (17898): Wallet sync [2519]: shielded=false, unshielded=true, dust=false
[11:09:32.948] INFO (17898): Wallet sync [2520]: shielded=false, unshielded=true, dust=false
[11:09:32.985] INFO (17898): Wallet sync [2521]: shielded=false, unshielded=true, dust=false
[11:09:33.052] INFO (17898): Wallet sync [2522]: shielded=false, unshielded=true, dust=false
[11:09:33.093] INFO (17898): Wallet sync [2523]: shielded=false, unshielded=true, dust=false
[11:09:33.146] INFO (17898): Wallet sync [2524]: shielded=false, unshielded=true, dust=false
[11:09:33.200] INFO (17898): Wallet sync [2525]: shielded=false, unshielded=true, dust=false
[11:09:33.262] INFO (17898): Wallet sync [2526]: shielded=false, unshielded=true, dust=false
[11:09:33.306] INFO (17898): Wallet sync [2527]: shielded=false, unshielded=true, dust=false
[11:09:33.375] INFO (17898): Wallet sync [2528]: shielded=false, unshielded=true, dust=false
[11:09:33.429] INFO (17898): Wallet sync [2529]: shielded=false, unshielded=true, dust=false
[11:09:33.493] INFO (17898): Wallet sync [2530]: shielded=false, unshielded=true, dust=false
[11:09:33.533] INFO (17898): Wallet sync [2531]: shielded=false, unshielded=true, dust=false
[11:09:33.591] INFO (17898): Wallet sync [2532]: shielded=false, unshielded=true, dust=false
[11:09:33.634] INFO (17898): Wallet sync [2533]: shielded=false, unshielded=true, dust=false
[11:09:33.693] INFO (17898): Wallet sync [2534]: shielded=false, unshielded=true, dust=false
[11:09:33.731] INFO (17898): Wallet sync [2535]: shielded=false, unshielded=true, dust=false
[11:09:33.795] INFO (17898): Wallet sync [2536]: shielded=false, unshielded=true, dust=false
[11:09:33.864] INFO (17898): Wallet sync [2537]: shielded=false, unshielded=true, dust=false
[11:09:33.968] INFO (17898): Wallet sync [2538]: shielded=false, unshielded=true, dust=false
[11:09:34.013] INFO (17898): Wallet sync [2539]: shielded=false, unshielded=true, dust=false
[11:09:34.068] INFO (17898): Wallet sync [2540]: shielded=false, unshielded=true, dust=false
[11:09:34.120] INFO (17898): Wallet sync [2541]: shielded=false, unshielded=true, dust=false
[11:09:34.153] INFO (17898): Wallet sync [2542]: shielded=false, unshielded=true, dust=false
[11:09:34.192] INFO (17898): Wallet sync [2543]: shielded=false, unshielded=true, dust=false
[11:09:34.265] INFO (17898): Wallet sync [2544]: shielded=false, unshielded=true, dust=false
[11:09:34.308] INFO (17898): Wallet sync [2545]: shielded=false, unshielded=true, dust=false
[11:09:34.342] INFO (17898): Wallet sync [2546]: shielded=false, unshielded=true, dust=false
[11:09:34.388] INFO (17898): Wallet sync [2547]: shielded=false, unshielded=true, dust=false
[11:09:34.447] INFO (17898): Wallet sync [2548]: shielded=false, unshielded=true, dust=false
[11:09:34.495] INFO (17898): Wallet sync [2549]: shielded=false, unshielded=true, dust=false
[11:09:34.549] INFO (17898): Wallet sync [2550]: shielded=false, unshielded=true, dust=false
[11:09:34.591] INFO (17898): Wallet sync [2551]: shielded=false, unshielded=true, dust=false
[11:09:34.627] INFO (17898): Wallet sync [2552]: shielded=false, unshielded=true, dust=false
[11:09:34.658] INFO (17898): Wallet sync [2553]: shielded=false, unshielded=true, dust=false
[11:09:34.718] INFO (17898): Wallet sync [2554]: shielded=false, unshielded=true, dust=false
[11:09:34.771] INFO (17898): Wallet sync [2555]: shielded=false, unshielded=true, dust=false
[11:09:34.809] INFO (17898): Wallet sync [2556]: shielded=false, unshielded=true, dust=false
[11:09:34.853] INFO (17898): Wallet sync [2557]: shielded=false, unshielded=true, dust=false
[11:09:34.936] INFO (17898): Wallet sync [2558]: shielded=false, unshielded=true, dust=false
[11:09:35.008] INFO (17898): Wallet sync [2559]: shielded=false, unshielded=true, dust=false
[11:09:35.097] INFO (17898): Wallet sync [2560]: shielded=false, unshielded=true, dust=false
[11:09:35.153] INFO (17898): Wallet sync [2561]: shielded=false, unshielded=true, dust=false
[11:09:35.267] INFO (17898): Wallet sync [2562]: shielded=false, unshielded=true, dust=false
[11:09:35.321] INFO (17898): Wallet sync [2563]: shielded=false, unshielded=true, dust=false
[11:09:35.393] INFO (17898): Wallet sync [2564]: shielded=false, unshielded=true, dust=false
[11:09:35.437] INFO (17898): Wallet sync [2565]: shielded=false, unshielded=true, dust=false
[11:09:35.479] INFO (17898): Wallet sync [2566]: shielded=false, unshielded=true, dust=false
[11:09:35.515] INFO (17898): Wallet sync [2567]: shielded=false, unshielded=true, dust=false
[11:09:35.573] INFO (17898): Wallet sync [2568]: shielded=false, unshielded=true, dust=false
[11:09:35.619] INFO (17898): Wallet sync [2569]: shielded=false, unshielded=true, dust=false
[11:09:35.654] INFO (17898): Wallet sync [2570]: shielded=false, unshielded=true, dust=false
[11:09:35.694] INFO (17898): Wallet sync [2571]: shielded=false, unshielded=true, dust=false
[11:09:35.733] INFO (17898): Wallet sync [2572]: shielded=false, unshielded=true, dust=false
[11:09:35.770] INFO (17898): Wallet sync [2573]: shielded=false, unshielded=true, dust=false
[11:09:35.830] INFO (17898): Wallet sync [2574]: shielded=false, unshielded=true, dust=false
[11:09:35.868] INFO (17898): Wallet sync [2575]: shielded=false, unshielded=true, dust=false
[11:09:35.903] INFO (17898): Wallet sync [2576]: shielded=false, unshielded=true, dust=false
[11:09:35.948] INFO (17898): Wallet sync [2577]: shielded=false, unshielded=true, dust=false
[11:09:36.003] INFO (17898): Wallet sync [2578]: shielded=false, unshielded=true, dust=false
[11:09:36.035] INFO (17898): Wallet sync [2579]: shielded=false, unshielded=true, dust=false
[11:09:36.093] INFO (17898): Wallet sync [2580]: shielded=false, unshielded=true, dust=false
[11:09:36.139] INFO (17898): Wallet sync [2581]: shielded=false, unshielded=true, dust=false
[11:09:36.178] INFO (17898): Wallet sync [2582]: shielded=false, unshielded=true, dust=false
[11:09:36.201] INFO (17898): Wallet sync [2583]: shielded=false, unshielded=true, dust=false
[11:09:36.256] INFO (17898): Wallet sync [2584]: shielded=false, unshielded=true, dust=false
[11:09:36.301] INFO (17898): Wallet sync [2585]: shielded=false, unshielded=true, dust=false
[11:09:36.366] INFO (17898): Wallet sync [2586]: shielded=false, unshielded=true, dust=false
[11:09:36.404] INFO (17898): Wallet sync [2587]: shielded=false, unshielded=true, dust=false
[11:09:36.436] INFO (17898): Wallet sync [2588]: shielded=false, unshielded=true, dust=false
[11:09:36.472] INFO (17898): Wallet sync [2589]: shielded=false, unshielded=true, dust=false
[11:09:36.528] INFO (17898): Wallet sync [2590]: shielded=false, unshielded=true, dust=false
[11:09:36.564] INFO (17898): Wallet sync [2591]: shielded=false, unshielded=true, dust=false
[11:09:36.628] INFO (17898): Wallet sync [2592]: shielded=false, unshielded=true, dust=false
[11:09:36.661] INFO (17898): Wallet sync [2593]: shielded=false, unshielded=true, dust=false
[11:09:36.716] INFO (17898): Wallet sync [2594]: shielded=false, unshielded=true, dust=false
[11:09:36.761] INFO (17898): Wallet sync [2595]: shielded=false, unshielded=true, dust=false
[11:09:36.795] INFO (17898): Wallet sync [2596]: shielded=false, unshielded=true, dust=false
[11:09:36.851] INFO (17898): Wallet sync [2597]: shielded=false, unshielded=true, dust=false
[11:09:36.909] INFO (17898): Wallet sync [2598]: shielded=false, unshielded=true, dust=false
[11:09:36.957] INFO (17898): Wallet sync [2599]: shielded=false, unshielded=true, dust=false
[11:09:37.020] INFO (17898): Wallet sync [2600]: shielded=false, unshielded=true, dust=false
[11:09:37.073] INFO (17898): Wallet sync [2601]: shielded=false, unshielded=true, dust=false
[11:09:37.148] INFO (17898): Wallet sync [2602]: shielded=false, unshielded=true, dust=false
[11:09:37.205] INFO (17898): Wallet sync [2603]: shielded=false, unshielded=true, dust=false
[11:09:37.263] INFO (17898): Wallet sync [2604]: shielded=false, unshielded=true, dust=false
[11:09:37.308] INFO (17898): Wallet sync [2605]: shielded=false, unshielded=true, dust=false
[11:09:37.364] INFO (17898): Wallet sync [2606]: shielded=false, unshielded=true, dust=false
[11:09:37.417] INFO (17898): Wallet sync [2607]: shielded=false, unshielded=true, dust=false
[11:09:37.455] INFO (17898): Wallet sync [2608]: shielded=false, unshielded=true, dust=false
[11:09:37.493] INFO (17898): Wallet sync [2609]: shielded=false, unshielded=true, dust=false
[11:09:37.564] INFO (17898): Wallet sync [2610]: shielded=false, unshielded=true, dust=false
[11:09:37.612] INFO (17898): Wallet sync [2611]: shielded=false, unshielded=true, dust=false
[11:09:37.677] INFO (17898): Wallet sync [2612]: shielded=false, unshielded=true, dust=false
[11:09:37.765] INFO (17898): Wallet sync [2613]: shielded=false, unshielded=true, dust=false
[11:09:37.822] INFO (17898): Wallet sync [2614]: shielded=false, unshielded=true, dust=false
[11:09:37.866] INFO (17898): Wallet sync [2615]: shielded=false, unshielded=true, dust=false
[11:09:37.919] INFO (17898): Wallet sync [2616]: shielded=false, unshielded=true, dust=false
[11:09:37.971] INFO (17898): Wallet sync [2617]: shielded=false, unshielded=true, dust=false
[11:09:38.003] INFO (17898): Wallet sync [2618]: shielded=false, unshielded=true, dust=false
[11:09:38.046] INFO (17898): Wallet sync [2619]: shielded=false, unshielded=true, dust=false
[11:09:38.105] INFO (17898): Wallet sync [2620]: shielded=false, unshielded=true, dust=false
[11:09:38.150] INFO (17898): Wallet sync [2621]: shielded=false, unshielded=true, dust=false
[11:09:38.211] INFO (17898): Wallet sync [2622]: shielded=false, unshielded=true, dust=false
[11:09:38.244] INFO (17898): Wallet sync [2623]: shielded=false, unshielded=true, dust=false
[11:09:38.309] INFO (17898): Wallet sync [2624]: shielded=false, unshielded=true, dust=false
[11:09:38.350] INFO (17898): Wallet sync [2625]: shielded=false, unshielded=true, dust=false
[11:09:38.407] INFO (17898): Wallet sync [2626]: shielded=false, unshielded=true, dust=false
[11:09:38.452] INFO (17898): Wallet sync [2627]: shielded=false, unshielded=true, dust=false
[11:09:38.514] INFO (17898): Wallet sync [2628]: shielded=false, unshielded=true, dust=false
[11:09:38.559] INFO (17898): Wallet sync [2629]: shielded=false, unshielded=true, dust=false
[11:09:38.619] INFO (17898): Wallet sync [2630]: shielded=false, unshielded=true, dust=false
[11:09:38.668] INFO (17898): Wallet sync [2631]: shielded=false, unshielded=true, dust=false
[11:09:38.730] INFO (17898): Wallet sync [2632]: shielded=false, unshielded=true, dust=false
[11:09:38.773] INFO (17898): Wallet sync [2633]: shielded=false, unshielded=true, dust=false
[11:09:38.837] INFO (17898): Wallet sync [2634]: shielded=false, unshielded=true, dust=false
[11:09:38.872] INFO (17898): Wallet sync [2635]: shielded=false, unshielded=true, dust=false
[11:09:38.929] INFO (17898): Wallet sync [2636]: shielded=false, unshielded=true, dust=false
[11:09:38.969] INFO (17898): Wallet sync [2637]: shielded=false, unshielded=true, dust=false
[11:09:39.032] INFO (17898): Wallet sync [2638]: shielded=false, unshielded=true, dust=false
[11:09:39.074] INFO (17898): Wallet sync [2639]: shielded=false, unshielded=true, dust=false
[11:09:39.127] INFO (17898): Wallet sync [2640]: shielded=false, unshielded=true, dust=false
[11:09:39.172] INFO (17898): Wallet sync [2641]: shielded=false, unshielded=true, dust=false
[11:09:39.229] INFO (17898): Wallet sync [2642]: shielded=false, unshielded=true, dust=false
[11:09:39.273] INFO (17898): Wallet sync [2643]: shielded=false, unshielded=true, dust=false
[11:09:39.458] INFO (17898): Wallet sync [2644]: shielded=false, unshielded=true, dust=false
[11:09:39.581] INFO (17898): Wallet sync [2645]: shielded=false, unshielded=true, dust=false
[11:09:39.695] INFO (17898): Wallet sync [2646]: shielded=false, unshielded=true, dust=false
[11:09:39.768] INFO (17898): Wallet sync [2647]: shielded=false, unshielded=true, dust=false
[11:09:39.865] INFO (17898): Wallet sync [2648]: shielded=false, unshielded=true, dust=false
[11:09:39.936] INFO (17898): Wallet sync [2649]: shielded=false, unshielded=true, dust=false
[11:09:40.003] INFO (17898): Wallet sync [2650]: shielded=false, unshielded=true, dust=false
[11:09:40.068] INFO (17898): Wallet sync [2651]: shielded=false, unshielded=true, dust=false
[11:09:40.158] INFO (17898): Wallet sync [2652]: shielded=false, unshielded=true, dust=false
[11:09:40.204] INFO (17898): Wallet sync [2653]: shielded=false, unshielded=true, dust=false
[11:09:40.275] INFO (17898): Wallet sync [2654]: shielded=false, unshielded=true, dust=false
[11:09:40.320] INFO (17898): Wallet sync [2655]: shielded=false, unshielded=true, dust=false
[11:09:40.384] INFO (17898): Wallet sync [2656]: shielded=false, unshielded=true, dust=false
[11:09:40.452] INFO (17898): Wallet sync [2657]: shielded=false, unshielded=true, dust=false
[11:09:40.549] INFO (17898): Wallet sync [2658]: shielded=false, unshielded=true, dust=false
[11:09:40.626] INFO (17898): Wallet sync [2659]: shielded=false, unshielded=true, dust=false
[11:09:40.718] INFO (17898): Wallet sync [2660]: shielded=false, unshielded=true, dust=false
[11:09:40.759] INFO (17898): Wallet sync [2661]: shielded=false, unshielded=true, dust=false
[11:09:40.796] INFO (17898): Wallet sync [2662]: shielded=false, unshielded=true, dust=false
[11:09:40.848] INFO (17898): Wallet sync [2663]: shielded=false, unshielded=true, dust=false
[11:09:40.909] INFO (17898): Wallet sync [2664]: shielded=false, unshielded=true, dust=false
[11:09:40.967] INFO (17898): Wallet sync [2665]: shielded=false, unshielded=true, dust=false
[11:09:41.034] INFO (17898): Wallet sync [2666]: shielded=false, unshielded=true, dust=false
[11:09:41.087] INFO (17898): Wallet sync [2667]: shielded=false, unshielded=true, dust=false
[11:09:41.196] INFO (17898): Wallet sync [2668]: shielded=false, unshielded=true, dust=false
[11:09:41.290] INFO (17898): Wallet sync [2669]: shielded=false, unshielded=true, dust=false
[11:09:41.374] INFO (17898): Wallet sync [2670]: shielded=false, unshielded=true, dust=false
[11:09:41.435] INFO (17898): Wallet sync [2671]: shielded=false, unshielded=true, dust=false
[11:09:41.498] INFO (17898): Wallet sync [2672]: shielded=false, unshielded=true, dust=false
[11:09:41.546] INFO (17898): Wallet sync [2673]: shielded=false, unshielded=true, dust=false
[11:09:41.609] INFO (17898): Wallet sync [2674]: shielded=false, unshielded=true, dust=false
[11:09:41.647] INFO (17898): Wallet sync [2675]: shielded=false, unshielded=true, dust=false
[11:09:41.707] INFO (17898): Wallet sync [2676]: shielded=false, unshielded=true, dust=false
[11:09:41.745] INFO (17898): Wallet sync [2677]: shielded=false, unshielded=true, dust=false
[11:09:41.808] INFO (17898): Wallet sync [2678]: shielded=false, unshielded=true, dust=false
[11:09:41.850] INFO (17898): Wallet sync [2679]: shielded=false, unshielded=true, dust=false
[11:09:41.913] INFO (17898): Wallet sync [2680]: shielded=false, unshielded=true, dust=false
[11:09:41.957] INFO (17898): Wallet sync [2681]: shielded=false, unshielded=true, dust=false
[11:09:42.018] INFO (17898): Wallet sync [2682]: shielded=false, unshielded=true, dust=false
[11:09:42.052] INFO (17898): Wallet sync [2683]: shielded=false, unshielded=true, dust=false
[11:09:42.108] INFO (17898): Wallet sync [2684]: shielded=false, unshielded=true, dust=false
[11:09:42.152] INFO (17898): Wallet sync [2685]: shielded=false, unshielded=true, dust=false
[11:09:42.212] INFO (17898): Wallet sync [2686]: shielded=false, unshielded=true, dust=false
[11:09:42.251] INFO (17898): Wallet sync [2687]: shielded=false, unshielded=true, dust=false
[11:09:42.341] INFO (17898): Wallet sync [2688]: shielded=false, unshielded=true, dust=false
[11:09:42.383] INFO (17898): Wallet sync [2689]: shielded=false, unshielded=true, dust=false
[11:09:42.444] INFO (17898): Wallet sync [2690]: shielded=false, unshielded=true, dust=false
[11:09:42.481] INFO (17898): Wallet sync [2691]: shielded=false, unshielded=true, dust=false
[11:09:42.551] INFO (17898): Wallet sync [2692]: shielded=false, unshielded=true, dust=false
[11:09:42.607] INFO (17898): Wallet sync [2693]: shielded=false, unshielded=true, dust=false
[11:09:42.670] INFO (17898): Wallet sync [2694]: shielded=false, unshielded=true, dust=false
[11:09:42.726] INFO (17898): Wallet sync [2695]: shielded=false, unshielded=true, dust=false
[11:09:42.762] INFO (17898): Wallet sync [2696]: shielded=false, unshielded=true, dust=false
[11:09:42.806] INFO (17898): Wallet sync [2697]: shielded=false, unshielded=true, dust=false
[11:09:42.860] INFO (17898): Wallet sync [2698]: shielded=false, unshielded=true, dust=false
[11:09:42.897] INFO (17898): Wallet sync [2699]: shielded=false, unshielded=true, dust=false
[11:09:42.960] INFO (17898): Wallet sync [2700]: shielded=false, unshielded=true, dust=false
[11:09:43.001] INFO (17898): Wallet sync [2701]: shielded=false, unshielded=true, dust=false
[11:09:43.055] INFO (17898): Wallet sync [2702]: shielded=false, unshielded=true, dust=false
[11:09:43.098] INFO (17898): Wallet sync [2703]: shielded=false, unshielded=true, dust=false
[11:09:43.163] INFO (17898): Wallet sync [2704]: shielded=false, unshielded=true, dust=false
[11:09:43.205] INFO (17898): Wallet sync [2705]: shielded=false, unshielded=true, dust=false
[11:09:43.242] INFO (17898): Wallet sync [2706]: shielded=false, unshielded=true, dust=false
[11:09:43.284] INFO (17898): Wallet sync [2707]: shielded=false, unshielded=true, dust=false
[11:09:43.318] INFO (17898): Wallet sync [2708]: shielded=false, unshielded=true, dust=false
[11:09:43.356] INFO (17898): Wallet sync [2709]: shielded=false, unshielded=true, dust=false
[11:09:43.417] INFO (17898): Wallet sync [2710]: shielded=false, unshielded=true, dust=false
[11:09:43.458] INFO (17898): Wallet sync [2711]: shielded=false, unshielded=true, dust=false
[11:09:43.496] INFO (17898): Wallet sync [2712]: shielded=false, unshielded=true, dust=false
[11:09:43.540] INFO (17898): Wallet sync [2713]: shielded=false, unshielded=true, dust=false
[11:09:43.582] INFO (17898): Wallet sync [2714]: shielded=false, unshielded=true, dust=false
[11:09:43.614] INFO (17898): Wallet sync [2715]: shielded=false, unshielded=true, dust=false
[11:09:43.669] INFO (17898): Wallet sync [2716]: shielded=false, unshielded=true, dust=false
[11:09:43.718] INFO (17898): Wallet sync [2717]: shielded=false, unshielded=true, dust=false
[11:09:43.760] INFO (17898): Wallet sync [2718]: shielded=false, unshielded=true, dust=false
[11:09:43.794] INFO (17898): Wallet sync [2719]: shielded=false, unshielded=true, dust=false
[11:09:43.829] INFO (17898): Wallet sync [2720]: shielded=false, unshielded=true, dust=false
[11:09:43.871] INFO (17898): Wallet sync [2721]: shielded=false, unshielded=true, dust=false
[11:09:43.935] INFO (17898): Wallet sync [2722]: shielded=false, unshielded=true, dust=false
[11:09:43.971] INFO (17898): Wallet sync [2723]: shielded=false, unshielded=true, dust=false
[11:09:44.029] INFO (17898): Wallet sync [2724]: shielded=false, unshielded=true, dust=false
[11:09:44.066] INFO (17898): Wallet sync [2725]: shielded=false, unshielded=true, dust=false
[11:09:44.099] INFO (17898): Wallet sync [2726]: shielded=false, unshielded=true, dust=false
[11:09:44.138] INFO (17898): Wallet sync [2727]: shielded=false, unshielded=true, dust=false
[11:09:44.171] INFO (17898): Wallet sync [2728]: shielded=false, unshielded=true, dust=false
[11:09:44.212] INFO (17898): Wallet sync [2729]: shielded=false, unshielded=true, dust=false
[11:09:44.276] INFO (17898): Wallet sync [2730]: shielded=false, unshielded=true, dust=false
[11:09:44.312] INFO (17898): Wallet sync [2731]: shielded=false, unshielded=true, dust=false
[11:09:44.382] INFO (17898): Wallet sync [2732]: shielded=false, unshielded=true, dust=false
[11:09:44.428] INFO (17898): Wallet sync [2733]: shielded=false, unshielded=true, dust=false
[11:09:44.487] INFO (17898): Wallet sync [2734]: shielded=false, unshielded=true, dust=false
[11:09:44.522] INFO (17898): Wallet sync [2735]: shielded=false, unshielded=true, dust=false
[11:09:44.593] INFO (17898): Wallet sync [2736]: shielded=false, unshielded=true, dust=false
[11:09:44.613] INFO (17898): Wallet sync [2737]: shielded=false, unshielded=true, dust=false
[11:09:44.671] INFO (17898): Wallet sync [2738]: shielded=false, unshielded=true, dust=false
[11:09:44.718] INFO (17898): Wallet sync [2739]: shielded=false, unshielded=true, dust=false
[11:09:44.786] INFO (17898): Wallet sync [2740]: shielded=false, unshielded=true, dust=false
[11:09:44.826] INFO (17898): Wallet sync [2741]: shielded=false, unshielded=true, dust=false
[11:09:44.878] INFO (17898): Wallet sync [2742]: shielded=false, unshielded=true, dust=false
[11:09:44.914] INFO (17898): Wallet sync [2743]: shielded=false, unshielded=true, dust=false
[11:09:44.975] INFO (17898): Wallet sync [2744]: shielded=false, unshielded=true, dust=false
[11:09:45.013] INFO (17898): Wallet sync [2745]: shielded=false, unshielded=true, dust=false
[11:09:45.103] INFO (17898): Wallet sync [2746]: shielded=false, unshielded=true, dust=false
[11:09:45.145] INFO (17898): Wallet sync [2747]: shielded=false, unshielded=true, dust=false
[11:09:45.210] INFO (17898): Wallet sync [2748]: shielded=false, unshielded=true, dust=false
[11:09:45.249] INFO (17898): Wallet sync [2749]: shielded=false, unshielded=true, dust=false
[11:09:45.331] INFO (17898): Wallet sync [2750]: shielded=false, unshielded=true, dust=false
[11:09:45.367] INFO (17898): Wallet sync [2751]: shielded=false, unshielded=true, dust=false
[11:09:45.430] INFO (17898): Wallet sync [2752]: shielded=false, unshielded=true, dust=false
[11:09:45.467] INFO (17898): Wallet sync [2753]: shielded=false, unshielded=true, dust=false
[11:09:45.526] INFO (17898): Wallet sync [2754]: shielded=false, unshielded=true, dust=false
[11:09:45.562] INFO (17898): Wallet sync [2755]: shielded=false, unshielded=true, dust=false
[11:09:45.622] INFO (17898): Wallet sync [2756]: shielded=false, unshielded=true, dust=false
[11:09:45.658] INFO (17898): Wallet sync [2757]: shielded=false, unshielded=true, dust=false
[11:09:45.713] INFO (17898): Wallet sync [2758]: shielded=false, unshielded=true, dust=false
[11:09:45.759] INFO (17898): Wallet sync [2759]: shielded=false, unshielded=true, dust=false
[11:09:45.819] INFO (17898): Wallet sync [2760]: shielded=false, unshielded=true, dust=false
[11:09:45.861] INFO (17898): Wallet sync [2761]: shielded=false, unshielded=true, dust=false
[11:09:45.918] INFO (17898): Wallet sync [2762]: shielded=false, unshielded=true, dust=false
[11:09:45.956] INFO (17898): Wallet sync [2763]: shielded=false, unshielded=true, dust=false
[11:09:46.044] INFO (17898): Wallet sync [2764]: shielded=false, unshielded=true, dust=false
[11:09:46.113] INFO (17898): Wallet sync [2765]: shielded=false, unshielded=true, dust=false
[11:09:46.190] INFO (17898): Wallet sync [2766]: shielded=false, unshielded=true, dust=false
[11:09:46.259] INFO (17898): Wallet sync [2767]: shielded=false, unshielded=true, dust=false
[11:09:46.328] INFO (17898): Wallet sync [2768]: shielded=false, unshielded=true, dust=false
[11:09:46.371] INFO (17898): Wallet sync [2769]: shielded=false, unshielded=true, dust=false
[11:09:46.439] INFO (17898): Wallet sync [2770]: shielded=false, unshielded=true, dust=false
[11:09:46.471] INFO (17898): Wallet sync [2771]: shielded=false, unshielded=true, dust=false
[11:09:46.524] INFO (17898): Wallet sync [2772]: shielded=false, unshielded=true, dust=false
[11:09:46.564] INFO (17898): Wallet sync [2773]: shielded=false, unshielded=true, dust=false
[11:09:46.618] INFO (17898): Wallet sync [2774]: shielded=false, unshielded=true, dust=false
[11:09:46.657] INFO (17898): Wallet sync [2775]: shielded=false, unshielded=true, dust=false
[11:09:46.694] INFO (17898): Wallet sync [2776]: shielded=false, unshielded=true, dust=false
[11:09:46.739] INFO (17898): Wallet sync [2777]: shielded=false, unshielded=true, dust=false
[11:09:46.791] INFO (17898): Wallet sync [2778]: shielded=false, unshielded=true, dust=false
[11:09:46.848] INFO (17898): Wallet sync [2779]: shielded=false, unshielded=true, dust=false
[11:09:46.883] INFO (17898): Wallet sync [2780]: shielded=false, unshielded=true, dust=false
[11:09:46.907] INFO (17898): Wallet sync [2781]: shielded=false, unshielded=true, dust=false
[11:09:46.972] INFO (17898): Wallet sync [2782]: shielded=false, unshielded=true, dust=false
[11:09:47.011] INFO (17898): Wallet sync [2783]: shielded=false, unshielded=true, dust=false
[11:09:47.043] INFO (17898): Wallet sync [2784]: shielded=false, unshielded=true, dust=false
[11:09:47.080] INFO (17898): Wallet sync [2785]: shielded=false, unshielded=true, dust=false
[11:09:47.135] INFO (17898): Wallet sync [2786]: shielded=false, unshielded=true, dust=false
[11:09:47.181] INFO (17898): Wallet sync [2787]: shielded=false, unshielded=true, dust=false
[11:09:47.240] INFO (17898): Wallet sync [2788]: shielded=false, unshielded=true, dust=false
[11:09:47.279] INFO (17898): Wallet sync [2789]: shielded=false, unshielded=true, dust=false
[11:09:47.317] INFO (17898): Wallet sync [2790]: shielded=false, unshielded=true, dust=false
[11:09:47.352] INFO (17898): Wallet sync [2791]: shielded=false, unshielded=true, dust=false
[11:09:47.389] INFO (17898): Wallet sync [2792]: shielded=false, unshielded=true, dust=false
[11:09:47.430] INFO (17898): Wallet sync [2793]: shielded=false, unshielded=true, dust=false
[11:09:47.462] INFO (17898): Wallet sync [2794]: shielded=false, unshielded=true, dust=false
[11:09:47.502] INFO (17898): Wallet sync [2795]: shielded=false, unshielded=true, dust=false
[11:09:47.559] INFO (17898): Wallet sync [2796]: shielded=false, unshielded=true, dust=false
[11:09:47.626] INFO (17898): Wallet sync [2797]: shielded=false, unshielded=true, dust=false
[11:09:47.662] INFO (17898): Wallet sync [2798]: shielded=false, unshielded=true, dust=false
[11:09:47.706] INFO (17898): Wallet sync [2799]: shielded=false, unshielded=true, dust=false
[11:09:47.742] INFO (17898): Wallet sync [2800]: shielded=false, unshielded=true, dust=false
[11:09:47.789] INFO (17898): Wallet sync [2801]: shielded=false, unshielded=true, dust=false
[11:09:47.835] INFO (17898): Wallet sync [2802]: shielded=false, unshielded=true, dust=false
[11:09:47.886] INFO (17898): Wallet sync [2803]: shielded=false, unshielded=true, dust=false
[11:09:47.930] INFO (17898): Wallet sync [2804]: shielded=false, unshielded=true, dust=false
[11:09:47.981] INFO (17898): Wallet sync [2805]: shielded=false, unshielded=true, dust=false
[11:09:48.043] INFO (17898): Wallet sync [2806]: shielded=false, unshielded=true, dust=false
[11:09:48.197] INFO (17898): Wallet sync [2807]: shielded=false, unshielded=true, dust=false
[11:09:48.256] INFO (17898): Wallet sync [2808]: shielded=false, unshielded=true, dust=false
[11:09:48.295] INFO (17898): Wallet sync [2809]: shielded=false, unshielded=true, dust=false
[11:09:48.329] INFO (17898): Wallet sync [2810]: shielded=false, unshielded=true, dust=false
[11:09:48.378] INFO (17898): Wallet sync [2811]: shielded=false, unshielded=true, dust=false
[11:09:48.421] INFO (17898): Wallet sync [2812]: shielded=false, unshielded=true, dust=false
[11:09:48.461] INFO (17898): Wallet sync [2813]: shielded=false, unshielded=true, dust=false
[11:09:48.499] INFO (17898): Wallet sync [2814]: shielded=false, unshielded=true, dust=false
[11:09:48.543] INFO (17898): Wallet sync [2815]: shielded=false, unshielded=true, dust=false
[11:09:48.576] INFO (17898): Wallet sync [2816]: shielded=false, unshielded=true, dust=false
[11:09:48.615] INFO (17898): Wallet sync [2817]: shielded=false, unshielded=true, dust=false
[11:09:48.652] INFO (17898): Wallet sync [2818]: shielded=false, unshielded=true, dust=false
[11:09:48.693] INFO (17898): Wallet sync [2819]: shielded=false, unshielded=true, dust=false
[11:09:48.736] INFO (17898): Wallet sync [2820]: shielded=false, unshielded=true, dust=false
[11:09:48.793] INFO (17898): Wallet sync [2821]: shielded=false, unshielded=true, dust=false
[11:09:48.827] INFO (17898): Wallet sync [2822]: shielded=false, unshielded=true, dust=false
[11:09:48.867] INFO (17898): Wallet sync [2823]: shielded=false, unshielded=true, dust=false
[11:09:48.904] INFO (17898): Wallet sync [2824]: shielded=false, unshielded=true, dust=false
[11:09:48.950] INFO (17898): Wallet sync [2825]: shielded=false, unshielded=true, dust=false
[11:09:48.992] INFO (17898): Wallet sync [2826]: shielded=false, unshielded=true, dust=false
[11:09:49.046] INFO (17898): Wallet sync [2827]: shielded=false, unshielded=true, dust=false
[11:09:49.111] INFO (17898): Wallet sync [2828]: shielded=false, unshielded=true, dust=false
[11:09:49.163] INFO (17898): Wallet sync [2829]: shielded=false, unshielded=true, dust=false
[11:09:49.217] INFO (17898): Wallet sync [2830]: shielded=false, unshielded=true, dust=false
[11:09:49.274] INFO (17898): Wallet sync [2831]: shielded=false, unshielded=true, dust=false
[11:09:49.324] INFO (17898): Wallet sync [2832]: shielded=false, unshielded=true, dust=false
[11:09:49.359] INFO (17898): Wallet sync [2833]: shielded=false, unshielded=true, dust=false
[11:09:49.409] INFO (17898): Wallet sync [2834]: shielded=false, unshielded=true, dust=false
[11:09:49.444] INFO (17898): Wallet sync [2835]: shielded=false, unshielded=true, dust=false
[11:09:49.478] INFO (17898): Wallet sync [2836]: shielded=false, unshielded=true, dust=false
[11:09:49.515] INFO (17898): Wallet sync [2837]: shielded=false, unshielded=true, dust=false
[11:09:49.549] INFO (17898): Wallet sync [2838]: shielded=false, unshielded=true, dust=false
[11:09:49.578] INFO (17898): Wallet sync [2839]: shielded=false, unshielded=true, dust=false
[11:09:49.615] INFO (17898): Wallet sync [2840]: shielded=false, unshielded=true, dust=false
[11:09:49.663] INFO (17898): Wallet sync [2841]: shielded=false, unshielded=true, dust=false
[11:09:49.697] INFO (17898): Wallet sync [2842]: shielded=false, unshielded=true, dust=false
[11:09:49.731] INFO (17898): Wallet sync [2843]: shielded=false, unshielded=true, dust=false
[11:09:49.787] INFO (17898): Wallet sync [2844]: shielded=false, unshielded=true, dust=false
[11:09:49.829] INFO (17898): Wallet sync [2845]: shielded=false, unshielded=true, dust=false
[11:09:49.872] INFO (17898): Wallet sync [2846]: shielded=false, unshielded=true, dust=false
[11:09:49.909] INFO (17898): Wallet sync [2847]: shielded=false, unshielded=true, dust=false
[11:09:49.940] INFO (17898): Wallet sync [2848]: shielded=false, unshielded=true, dust=false
[11:09:49.976] INFO (17898): Wallet sync [2849]: shielded=false, unshielded=true, dust=false
[11:09:50.038] INFO (17898): Wallet sync [2850]: shielded=false, unshielded=true, dust=false
[11:09:50.067] INFO (17898): Wallet sync [2851]: shielded=false, unshielded=true, dust=false
[11:09:50.105] INFO (17898): Wallet sync [2852]: shielded=false, unshielded=true, dust=false
[11:09:50.154] INFO (17898): Wallet sync [2853]: shielded=false, unshielded=true, dust=false
[11:09:50.195] INFO (17898): Wallet sync [2854]: shielded=false, unshielded=true, dust=false
[11:09:50.229] INFO (17898): Wallet sync [2855]: shielded=false, unshielded=true, dust=false
[11:09:50.263] INFO (17898): Wallet sync [2856]: shielded=false, unshielded=true, dust=false
[11:09:50.307] INFO (17898): Wallet sync [2857]: shielded=false, unshielded=true, dust=false
[11:09:50.341] INFO (17898): Wallet sync [2858]: shielded=false, unshielded=true, dust=false
[11:09:50.378] INFO (17898): Wallet sync [2859]: shielded=false, unshielded=true, dust=false
[11:09:50.429] INFO (17898): Wallet sync [2860]: shielded=false, unshielded=true, dust=false
[11:09:50.470] INFO (17898): Wallet sync [2861]: shielded=false, unshielded=true, dust=false
[11:09:50.504] INFO (17898): Wallet sync [2862]: shielded=false, unshielded=true, dust=false
[11:09:50.564] INFO (17898): Wallet sync [2863]: shielded=false, unshielded=true, dust=false
[11:09:50.597] INFO (17898): Wallet sync [2864]: shielded=false, unshielded=true, dust=false
[11:09:50.631] INFO (17898): Wallet sync [2865]: shielded=false, unshielded=true, dust=false
[11:09:50.668] INFO (17898): Wallet sync [2866]: shielded=false, unshielded=true, dust=false
[11:09:50.712] INFO (17898): Wallet sync [2867]: shielded=false, unshielded=true, dust=false
[11:09:50.741] INFO (17898): Wallet sync [2868]: shielded=false, unshielded=true, dust=false
[11:09:50.773] INFO (17898): Wallet sync [2869]: shielded=false, unshielded=true, dust=false
[11:09:50.820] INFO (17898): Wallet sync [2870]: shielded=false, unshielded=true, dust=false
[11:09:50.840] INFO (17898): Wallet sync [2871]: shielded=false, unshielded=true, dust=false
[11:09:50.907] INFO (17898): Wallet sync [2872]: shielded=false, unshielded=true, dust=false
[11:09:50.910] INFO (17898): Wallet sync [2873]: shielded=false, unshielded=true, dust=false
[11:09:50.947] INFO (17898): Wallet sync [2874]: shielded=false, unshielded=true, dust=false
[11:09:50.988] INFO (17898): Wallet sync [2875]: shielded=false, unshielded=true, dust=false
[11:09:51.025] INFO (17898): Wallet sync [2876]: shielded=false, unshielded=true, dust=false
[11:09:51.069] INFO (17898): Wallet sync [2877]: shielded=false, unshielded=true, dust=false
[11:09:51.125] INFO (17898): Wallet sync [2878]: shielded=false, unshielded=true, dust=false
[11:09:51.166] INFO (17898): Wallet sync [2879]: shielded=false, unshielded=true, dust=false
[11:09:51.226] INFO (17898): Wallet sync [2880]: shielded=false, unshielded=true, dust=false
[11:09:51.273] INFO (17898): Wallet sync [2881]: shielded=false, unshielded=true, dust=false
[11:09:51.331] INFO (17898): Wallet sync [2882]: shielded=false, unshielded=true, dust=false
[11:09:51.369] INFO (17898): Wallet sync [2883]: shielded=false, unshielded=true, dust=false
[11:09:51.436] INFO (17898): Wallet sync [2884]: shielded=false, unshielded=true, dust=false
[11:09:51.477] INFO (17898): Wallet sync [2885]: shielded=false, unshielded=true, dust=false
[11:09:51.542] INFO (17898): Wallet sync [2886]: shielded=false, unshielded=true, dust=false
[11:09:51.595] INFO (17898): Wallet sync [2887]: shielded=false, unshielded=true, dust=false
[11:09:51.659] INFO (17898): Wallet sync [2888]: shielded=false, unshielded=true, dust=false
[11:09:51.698] INFO (17898): Wallet sync [2889]: shielded=false, unshielded=true, dust=false
[11:09:51.768] INFO (17898): Wallet sync [2890]: shielded=false, unshielded=true, dust=false
[11:09:51.811] INFO (17898): Wallet sync [2891]: shielded=false, unshielded=true, dust=false
[11:09:51.865] INFO (17898): Wallet sync [2892]: shielded=false, unshielded=true, dust=false
[11:09:51.910] INFO (17898): Wallet sync [2893]: shielded=false, unshielded=true, dust=false
[11:09:51.974] INFO (17898): Wallet sync [2894]: shielded=false, unshielded=true, dust=false
[11:09:52.012] INFO (17898): Wallet sync [2895]: shielded=false, unshielded=true, dust=false
[11:09:52.070] INFO (17898): Wallet sync [2896]: shielded=false, unshielded=true, dust=false
[11:09:52.120] INFO (17898): Wallet sync [2897]: shielded=false, unshielded=true, dust=false
[11:09:52.190] INFO (17898): Wallet sync [2898]: shielded=false, unshielded=true, dust=false
[11:09:52.229] INFO (17898): Wallet sync [2899]: shielded=false, unshielded=true, dust=false
[11:09:52.284] INFO (17898): Wallet sync [2900]: shielded=false, unshielded=true, dust=false
[11:09:52.325] INFO (17898): Wallet sync [2901]: shielded=false, unshielded=true, dust=false
[11:09:52.385] INFO (17898): Wallet sync [2902]: shielded=false, unshielded=true, dust=false
[11:09:52.425] INFO (17898): Wallet sync [2903]: shielded=false, unshielded=true, dust=false
[11:09:52.462] INFO (17898): Wallet sync [2904]: shielded=false, unshielded=true, dust=false
[11:09:52.523] INFO (17898): Wallet sync [2905]: shielded=false, unshielded=true, dust=false
[11:09:52.586] INFO (17898): Wallet sync [2906]: shielded=false, unshielded=true, dust=false
[11:09:52.635] INFO (17898): Wallet sync [2907]: shielded=false, unshielded=true, dust=false
[11:09:52.670] INFO (17898): Wallet sync [2908]: shielded=false, unshielded=true, dust=false
[11:09:52.715] INFO (17898): Wallet sync [2909]: shielded=false, unshielded=true, dust=false
[11:09:52.750] INFO (17898): Wallet sync [2910]: shielded=false, unshielded=true, dust=false
[11:09:52.793] INFO (17898): Wallet sync [2911]: shielded=false, unshielded=true, dust=false
[11:09:52.848] INFO (17898): Wallet sync [2912]: shielded=false, unshielded=true, dust=false
[11:09:52.887] INFO (17898): Wallet sync [2913]: shielded=false, unshielded=true, dust=false
[11:09:52.924] INFO (17898): Wallet sync [2914]: shielded=false, unshielded=true, dust=false
[11:09:52.974] INFO (17898): Wallet sync [2915]: shielded=false, unshielded=true, dust=false
[11:09:53.015] INFO (17898): Wallet sync [2916]: shielded=false, unshielded=true, dust=false
[11:09:53.056] INFO (17898): Wallet sync [2917]: shielded=false, unshielded=true, dust=false
[11:09:53.089] INFO (17898): Wallet sync [2918]: shielded=false, unshielded=true, dust=false
[11:09:53.126] INFO (17898): Wallet sync [2919]: shielded=false, unshielded=true, dust=false
[11:09:53.206] INFO (17898): Wallet sync [2920]: shielded=false, unshielded=true, dust=false
[11:09:53.252] INFO (17898): Wallet sync [2921]: shielded=false, unshielded=true, dust=false
[11:09:53.309] INFO (17898): Wallet sync [2922]: shielded=false, unshielded=true, dust=false
[11:09:53.350] INFO (17898): Wallet sync [2923]: shielded=false, unshielded=true, dust=false
[11:09:53.383] INFO (17898): Wallet sync [2924]: shielded=false, unshielded=true, dust=false
[11:09:53.433] INFO (17898): Wallet sync [2925]: shielded=false, unshielded=true, dust=false
[11:09:53.471] INFO (17898): Wallet sync [2926]: shielded=false, unshielded=true, dust=false
[11:09:53.512] INFO (17898): Wallet sync [2927]: shielded=false, unshielded=true, dust=false
[11:09:53.547] INFO (17898): Wallet sync [2928]: shielded=false, unshielded=true, dust=false
[11:09:53.594] INFO (17898): Wallet sync [2929]: shielded=false, unshielded=true, dust=false
[11:09:53.660] INFO (17898): Wallet sync [2930]: shielded=false, unshielded=true, dust=false
[11:09:53.697] INFO (17898): Wallet sync [2931]: shielded=false, unshielded=true, dust=false
[11:09:53.755] INFO (17898): Wallet sync [2932]: shielded=false, unshielded=true, dust=false
[11:09:53.796] INFO (17898): Wallet sync [2933]: shielded=false, unshielded=true, dust=false
[11:09:53.839] INFO (17898): Wallet sync [2934]: shielded=false, unshielded=true, dust=false
[11:09:53.889] INFO (17898): Wallet sync [2935]: shielded=false, unshielded=true, dust=false
[11:09:53.927] INFO (17898): Wallet sync [2936]: shielded=false, unshielded=true, dust=false
[11:09:53.968] INFO (17898): Wallet sync [2937]: shielded=false, unshielded=true, dust=false
[11:09:54.026] INFO (17898): Wallet sync [2938]: shielded=false, unshielded=true, dust=false
[11:09:54.074] INFO (17898): Wallet sync [2939]: shielded=false, unshielded=true, dust=false
[11:09:54.113] INFO (17898): Wallet sync [2940]: shielded=false, unshielded=true, dust=false
[11:09:54.153] INFO (17898): Wallet sync [2941]: shielded=false, unshielded=true, dust=false
[11:09:54.202] INFO (17898): Wallet sync [2942]: shielded=false, unshielded=true, dust=false
[11:09:54.240] INFO (17898): Wallet sync [2943]: shielded=false, unshielded=true, dust=false
[11:09:54.294] INFO (17898): Wallet sync [2944]: shielded=false, unshielded=true, dust=false
[11:09:54.365] INFO (17898): Wallet sync [2945]: shielded=false, unshielded=true, dust=false
[11:09:54.397] INFO (17898): Wallet sync [2946]: shielded=false, unshielded=true, dust=false
[11:09:54.437] INFO (17898): Wallet sync [2947]: shielded=false, unshielded=true, dust=false
[11:09:54.505] INFO (17898): Wallet sync [2948]: shielded=false, unshielded=true, dust=false
[11:09:54.545] INFO (17898): Wallet sync [2949]: shielded=false, unshielded=true, dust=false
[11:09:54.595] INFO (17898): Wallet sync [2950]: shielded=false, unshielded=true, dust=false
[11:09:54.635] INFO (17898): Wallet sync [2951]: shielded=false, unshielded=true, dust=false
[11:09:54.669] INFO (17898): Wallet sync [2952]: shielded=false, unshielded=true, dust=false
[11:09:54.718] INFO (17898): Wallet sync [2953]: shielded=false, unshielded=true, dust=false
[11:09:54.776] INFO (17898): Wallet sync [2954]: shielded=false, unshielded=true, dust=false
[11:09:54.813] INFO (17898): Wallet sync [2955]: shielded=false, unshielded=true, dust=false
[11:09:54.866] INFO (17898): Wallet sync [2956]: shielded=false, unshielded=true, dust=false
[11:09:54.905] INFO (17898): Wallet sync [2957]: shielded=false, unshielded=true, dust=false
[11:09:54.951] INFO (17898): Wallet sync [2958]: shielded=false, unshielded=true, dust=false
[11:09:55.000] INFO (17898): Wallet sync [2959]: shielded=false, unshielded=true, dust=false
[11:09:55.064] INFO (17898): Wallet sync [2960]: shielded=false, unshielded=true, dust=false
[11:09:55.113] INFO (17898): Wallet sync [2961]: shielded=false, unshielded=true, dust=false
[11:09:55.179] INFO (17898): Wallet sync [2962]: shielded=false, unshielded=true, dust=false
[11:09:55.233] INFO (17898): Wallet sync [2963]: shielded=false, unshielded=true, dust=false
[11:09:55.302] INFO (17898): Wallet sync [2964]: shielded=false, unshielded=true, dust=false
[11:09:55.336] INFO (17898): Wallet sync [2965]: shielded=false, unshielded=true, dust=false
[11:09:55.390] INFO (17898): Wallet sync [2966]: shielded=false, unshielded=true, dust=false
[11:09:55.427] INFO (17898): Wallet sync [2967]: shielded=false, unshielded=true, dust=false
[11:09:55.465] INFO (17898): Wallet sync [2968]: shielded=false, unshielded=true, dust=false
[11:09:55.508] INFO (17898): Wallet sync [2969]: shielded=false, unshielded=true, dust=false
[11:09:55.541] INFO (17898): Wallet sync [2970]: shielded=false, unshielded=true, dust=false
[11:09:55.585] INFO (17898): Wallet sync [2971]: shielded=false, unshielded=true, dust=false
[11:09:55.645] INFO (17898): Wallet sync [2972]: shielded=false, unshielded=true, dust=false
[11:09:55.692] INFO (17898): Wallet sync [2973]: shielded=false, unshielded=true, dust=false
[11:09:55.742] INFO (17898): Wallet sync [2974]: shielded=false, unshielded=true, dust=false
[11:09:55.788] INFO (17898): Wallet sync [2975]: shielded=false, unshielded=true, dust=false
[11:09:55.795] INFO (17898): Wallet sync [2976]: shielded=false, unshielded=true, dust=false
[11:09:55.839] INFO (17898): Wallet sync [2977]: shielded=false, unshielded=true, dust=false
[11:09:55.880] INFO (17898): Wallet sync [2978]: shielded=false, unshielded=true, dust=false
[11:09:55.911] INFO (17898): Wallet sync [2979]: shielded=false, unshielded=true, dust=false
[11:09:55.948] INFO (17898): Wallet sync [2980]: shielded=false, unshielded=true, dust=false
[11:09:56.009] INFO (17898): Wallet sync [2981]: shielded=false, unshielded=true, dust=false
[11:09:56.036] INFO (17898): Wallet sync [2982]: shielded=false, unshielded=true, dust=false
[11:09:56.089] INFO (17898): Wallet sync [2983]: shielded=false, unshielded=true, dust=false
[11:09:56.127] INFO (17898): Wallet sync [2984]: shielded=false, unshielded=true, dust=false
[11:09:56.159] INFO (17898): Wallet sync [2985]: shielded=false, unshielded=true, dust=false
[11:09:56.227] INFO (17898): Wallet sync [2986]: shielded=false, unshielded=true, dust=false
[11:09:56.264] INFO (17898): Wallet sync [2987]: shielded=false, unshielded=true, dust=false
[11:09:56.309] INFO (17898): Wallet sync [2988]: shielded=false, unshielded=true, dust=false
[11:09:56.380] INFO (17898): Wallet sync [2989]: shielded=false, unshielded=true, dust=false
[11:09:56.428] INFO (17898): Wallet sync [2990]: shielded=false, unshielded=true, dust=false
[11:09:56.462] INFO (17898): Wallet sync [2991]: shielded=false, unshielded=true, dust=false
[11:09:56.503] INFO (17898): Wallet sync [2992]: shielded=false, unshielded=true, dust=false
[11:09:56.537] INFO (17898): Wallet sync [2993]: shielded=false, unshielded=true, dust=false
[11:09:56.579] INFO (17898): Wallet sync [2994]: shielded=false, unshielded=true, dust=false
[11:09:56.632] INFO (17898): Wallet sync [2995]: shielded=false, unshielded=true, dust=false
[11:09:56.674] INFO (17898): Wallet sync [2996]: shielded=false, unshielded=true, dust=false
[11:09:56.715] INFO (17898): Wallet sync [2997]: shielded=false, unshielded=true, dust=false
[11:09:56.756] INFO (17898): Wallet sync [2998]: shielded=false, unshielded=true, dust=false
[11:09:56.790] INFO (17898): Wallet sync [2999]: shielded=false, unshielded=true, dust=false
[11:09:56.837] INFO (17898): Wallet sync [3000]: shielded=false, unshielded=true, dust=false
[11:09:56.893] INFO (17898): Wallet sync [3001]: shielded=false, unshielded=true, dust=false
[11:09:56.932] INFO (17898): Wallet sync [3002]: shielded=false, unshielded=true, dust=false
[11:09:57.011] INFO (17898): Wallet sync [3003]: shielded=false, unshielded=true, dust=false
[11:09:57.059] INFO (17898): Wallet sync [3004]: shielded=false, unshielded=true, dust=false
[11:09:57.112] INFO (17898): Wallet sync [3005]: shielded=false, unshielded=true, dust=false
[11:09:57.155] INFO (17898): Wallet sync [3006]: shielded=false, unshielded=true, dust=false
[11:09:57.191] INFO (17898): Wallet sync [3007]: shielded=false, unshielded=true, dust=false
[11:09:57.229] INFO (17898): Wallet sync [3008]: shielded=false, unshielded=true, dust=false
[11:09:57.273] INFO (17898): Wallet sync [3009]: shielded=false, unshielded=true, dust=false
[11:09:57.316] INFO (17898): Wallet sync [3010]: shielded=false, unshielded=true, dust=false
[11:09:57.378] INFO (17898): Wallet sync [3011]: shielded=false, unshielded=true, dust=false
[11:09:57.409] INFO (17898): Wallet sync [3012]: shielded=false, unshielded=true, dust=false
[11:09:57.436] INFO (17898): Wallet sync [3013]: shielded=false, unshielded=true, dust=false
[11:09:57.473] INFO (17898): Wallet sync [3014]: shielded=false, unshielded=true, dust=false
[11:09:57.516] INFO (17898): Wallet sync [3015]: shielded=false, unshielded=true, dust=false
[11:09:57.570] INFO (17898): Wallet sync [3016]: shielded=false, unshielded=true, dust=false
[11:09:57.632] INFO (17898): Wallet sync [3017]: shielded=false, unshielded=true, dust=false
[11:09:57.668] INFO (17898): Wallet sync [3018]: shielded=false, unshielded=true, dust=false
[11:09:57.699] INFO (17898): Wallet sync [3019]: shielded=false, unshielded=true, dust=false
[11:09:57.753] INFO (17898): Wallet sync [3020]: shielded=false, unshielded=true, dust=false
[11:09:57.807] INFO (17898): Wallet sync [3021]: shielded=false, unshielded=true, dust=false
[11:09:57.888] INFO (17898): Wallet sync [3022]: shielded=false, unshielded=true, dust=false
[11:09:57.920] INFO (17898): Wallet sync [3023]: shielded=false, unshielded=true, dust=false
[11:09:57.957] INFO (17898): Wallet sync [3024]: shielded=false, unshielded=true, dust=false
[11:09:57.993] INFO (17898): Wallet sync [3025]: shielded=false, unshielded=true, dust=false
[11:09:58.027] INFO (17898): Wallet sync [3026]: shielded=false, unshielded=true, dust=false
[11:09:58.061] INFO (17898): Wallet sync [3027]: shielded=false, unshielded=true, dust=false
[11:09:58.120] INFO (17898): Wallet sync [3028]: shielded=false, unshielded=true, dust=false
[11:09:58.170] INFO (17898): Wallet sync [3029]: shielded=false, unshielded=true, dust=false
[11:09:58.205] INFO (17898): Wallet sync [3030]: shielded=false, unshielded=true, dust=false
[11:09:58.236] INFO (17898): Wallet sync [3031]: shielded=false, unshielded=true, dust=false
[11:09:58.273] INFO (17898): Wallet sync [3032]: shielded=false, unshielded=true, dust=false
[11:09:58.309] INFO (17898): Wallet sync [3033]: shielded=false, unshielded=true, dust=false
[11:09:58.340] INFO (17898): Wallet sync [3034]: shielded=false, unshielded=true, dust=false
[11:09:58.384] INFO (17898): Wallet sync [3035]: shielded=false, unshielded=true, dust=false
[11:09:58.437] INFO (17898): Wallet sync [3036]: shielded=false, unshielded=true, dust=false
[11:09:58.500] INFO (17898): Wallet sync [3037]: shielded=false, unshielded=true, dust=false
[11:09:58.538] INFO (17898): Wallet sync [3038]: shielded=false, unshielded=true, dust=false
[11:09:58.578] INFO (17898): Wallet sync [3039]: shielded=false, unshielded=true, dust=false
[11:09:58.623] INFO (17898): Wallet sync [3040]: shielded=false, unshielded=true, dust=false
[11:09:58.661] INFO (17898): Wallet sync [3041]: shielded=false, unshielded=true, dust=false
[11:09:58.705] INFO (17898): Wallet sync [3042]: shielded=false, unshielded=true, dust=false
[11:09:58.740] INFO (17898): Wallet sync [3043]: shielded=false, unshielded=true, dust=false
[11:09:58.772] INFO (17898): Wallet sync [3044]: shielded=false, unshielded=true, dust=false
[11:09:58.820] INFO (17898): Wallet sync [3045]: shielded=false, unshielded=true, dust=false
[11:09:58.857] INFO (17898): Wallet sync [3046]: shielded=false, unshielded=true, dust=false
[11:09:58.889] INFO (17898): Wallet sync [3047]: shielded=false, unshielded=true, dust=false
[11:09:58.938] INFO (17898): Wallet sync [3048]: shielded=false, unshielded=true, dust=false
[11:09:58.972] INFO (17898): Wallet sync [3049]: shielded=false, unshielded=true, dust=false
[11:09:59.009] INFO (17898): Wallet sync [3050]: shielded=false, unshielded=true, dust=false
[11:09:59.074] INFO (17898): Wallet sync [3051]: shielded=false, unshielded=true, dust=false
[11:09:59.128] INFO (17898): Wallet sync [3052]: shielded=false, unshielded=true, dust=false
[11:09:59.213] INFO (17898): Wallet sync [3053]: shielded=false, unshielded=true, dust=false
[11:09:59.280] INFO (17898): Wallet sync [3054]: shielded=false, unshielded=true, dust=false
[11:09:59.314] INFO (17898): Wallet sync [3055]: shielded=false, unshielded=true, dust=false
[11:09:59.366] INFO (17898): Wallet sync [3056]: shielded=false, unshielded=true, dust=false
[11:09:59.424] INFO (17898): Wallet sync [3057]: shielded=false, unshielded=true, dust=false
[11:09:59.481] INFO (17898): Wallet sync [3058]: shielded=false, unshielded=true, dust=false
[11:09:59.536] INFO (17898): Wallet sync [3059]: shielded=false, unshielded=true, dust=false
[11:09:59.570] INFO (17898): Wallet sync [3060]: shielded=false, unshielded=true, dust=false
[11:09:59.617] INFO (17898): Wallet sync [3061]: shielded=false, unshielded=true, dust=false
[11:09:59.675] INFO (17898): Wallet sync [3062]: shielded=false, unshielded=true, dust=false
[11:09:59.716] INFO (17898): Wallet sync [3063]: shielded=false, unshielded=true, dust=false
[11:09:59.756] INFO (17898): Wallet sync [3064]: shielded=false, unshielded=true, dust=false
[11:09:59.801] INFO (17898): Wallet sync [3065]: shielded=false, unshielded=true, dust=false
[11:09:59.836] INFO (17898): Wallet sync [3066]: shielded=false, unshielded=true, dust=false
[11:09:59.893] INFO (17898): Wallet sync [3067]: shielded=false, unshielded=true, dust=false
[11:09:59.945] INFO (17898): Wallet sync [3068]: shielded=false, unshielded=true, dust=false
[11:09:59.987] INFO (17898): Wallet sync [3069]: shielded=false, unshielded=true, dust=false
[11:10:00.057] INFO (17898): Wallet sync [3070]: shielded=false, unshielded=true, dust=false
[11:10:00.111] INFO (17898): Wallet sync [3071]: shielded=false, unshielded=true, dust=false
[11:10:00.153] INFO (17898): Wallet sync [3072]: shielded=false, unshielded=true, dust=false
[11:10:00.191] INFO (17898): Wallet sync [3073]: shielded=false, unshielded=true, dust=false
[11:10:00.238] INFO (17898): Wallet sync [3074]: shielded=false, unshielded=true, dust=false
[11:10:00.277] INFO (17898): Wallet sync [3075]: shielded=false, unshielded=true, dust=false
[11:10:00.316] INFO (17898): Wallet sync [3076]: shielded=false, unshielded=true, dust=false
[11:10:00.368] INFO (17898): Wallet sync [3077]: shielded=false, unshielded=true, dust=false
[11:10:00.431] INFO (17898): Wallet sync [3078]: shielded=false, unshielded=true, dust=false
[11:10:00.468] INFO (17898): Wallet sync [3079]: shielded=false, unshielded=true, dust=false
[11:10:00.509] INFO (17898): Wallet sync [3080]: shielded=false, unshielded=true, dust=false
[11:10:00.551] INFO (17898): Wallet sync [3081]: shielded=false, unshielded=true, dust=false
[11:10:00.587] INFO (17898): Wallet sync [3082]: shielded=false, unshielded=true, dust=false
[11:10:00.636] INFO (17898): Wallet sync [3083]: shielded=false, unshielded=true, dust=false
[11:10:00.679] INFO (17898): Wallet sync [3084]: shielded=false, unshielded=true, dust=false
[11:10:00.721] INFO (17898): Wallet sync [3085]: shielded=false, unshielded=true, dust=false
[11:10:00.756] INFO (17898): Wallet sync [3086]: shielded=false, unshielded=true, dust=false
[11:10:00.813] INFO (17898): Wallet sync [3087]: shielded=false, unshielded=true, dust=false
[11:10:00.854] INFO (17898): Wallet sync [3088]: shielded=false, unshielded=true, dust=false
[11:10:00.883] INFO (17898): Wallet sync [3089]: shielded=false, unshielded=true, dust=false
[11:10:00.920] INFO (17898): Wallet sync [3090]: shielded=false, unshielded=true, dust=false
[11:10:00.953] INFO (17898): Wallet sync [3091]: shielded=false, unshielded=true, dust=false
[11:10:00.990] INFO (17898): Wallet sync [3092]: shielded=false, unshielded=true, dust=false
[11:10:01.035] INFO (17898): Wallet sync [3093]: shielded=false, unshielded=true, dust=false
[11:10:01.108] INFO (17898): Wallet sync [3094]: shielded=false, unshielded=true, dust=false
[11:10:01.147] INFO (17898): Wallet sync [3095]: shielded=false, unshielded=true, dust=false
[11:10:01.184] INFO (17898): Wallet sync [3096]: shielded=false, unshielded=true, dust=false
[11:10:01.220] INFO (17898): Wallet sync [3097]: shielded=false, unshielded=true, dust=false
[11:10:01.252] INFO (17898): Wallet sync [3098]: shielded=false, unshielded=true, dust=false
[11:10:01.290] INFO (17898): Wallet sync [3099]: shielded=false, unshielded=true, dust=false
[11:10:01.352] INFO (17898): Wallet sync [3100]: shielded=false, unshielded=true, dust=false
[11:10:01.392] INFO (17898): Wallet sync [3101]: shielded=false, unshielded=true, dust=false
[11:10:01.438] INFO (17898): Wallet sync [3102]: shielded=false, unshielded=true, dust=false
[11:10:01.473] INFO (17898): Wallet sync [3103]: shielded=false, unshielded=true, dust=false
[11:10:01.523] INFO (17898): Wallet sync [3104]: shielded=false, unshielded=true, dust=false
[11:10:01.577] INFO (17898): Wallet sync [3105]: shielded=false, unshielded=true, dust=false
[11:10:01.636] INFO (17898): Wallet sync [3106]: shielded=false, unshielded=true, dust=false
[11:10:01.693] INFO (17898): Wallet sync [3107]: shielded=false, unshielded=true, dust=false
[11:10:01.831] INFO (17898): Wallet sync [3108]: shielded=false, unshielded=true, dust=false
[11:10:01.879] INFO (17898): Wallet sync [3109]: shielded=false, unshielded=true, dust=false
[11:10:01.921] INFO (17898): Wallet sync [3110]: shielded=false, unshielded=true, dust=false
[11:10:01.988] INFO (17898): Wallet sync [3111]: shielded=false, unshielded=true, dust=false
[11:10:02.074] INFO (17898): Wallet sync [3112]: shielded=false, unshielded=true, dust=false
[11:10:02.129] INFO (17898): Wallet sync [3113]: shielded=false, unshielded=true, dust=false
[11:10:02.218] INFO (17898): Wallet sync [3114]: shielded=false, unshielded=true, dust=false
[11:10:02.283] INFO (17898): Wallet sync [3115]: shielded=false, unshielded=true, dust=false
[11:10:02.354] INFO (17898): Wallet sync [3116]: shielded=false, unshielded=true, dust=false
[11:10:02.399] INFO (17898): Wallet sync [3117]: shielded=false, unshielded=true, dust=false
[11:10:02.433] INFO (17898): Wallet sync [3118]: shielded=false, unshielded=true, dust=false
[11:10:02.481] INFO (17898): Wallet sync [3119]: shielded=false, unshielded=true, dust=false
[11:10:02.566] INFO (17898): Wallet sync [3120]: shielded=false, unshielded=true, dust=false
[11:10:02.617] INFO (17898): Wallet sync [3121]: shielded=false, unshielded=true, dust=false
[11:10:02.652] INFO (17898): Wallet sync [3122]: shielded=false, unshielded=true, dust=false
[11:10:02.693] INFO (17898): Wallet sync [3123]: shielded=false, unshielded=true, dust=false
[11:10:02.729] INFO (17898): Wallet sync [3124]: shielded=false, unshielded=true, dust=false
[11:10:02.774] INFO (17898): Wallet sync [3125]: shielded=false, unshielded=true, dust=false
[11:10:02.813] INFO (17898): Wallet sync [3126]: shielded=false, unshielded=true, dust=false
[11:10:02.851] INFO (17898): Wallet sync [3127]: shielded=false, unshielded=true, dust=false
[11:10:02.884] INFO (17898): Wallet sync [3128]: shielded=false, unshielded=true, dust=false
[11:10:02.928] INFO (17898): Wallet sync [3129]: shielded=false, unshielded=true, dust=false
[11:10:02.963] INFO (17898): Wallet sync [3130]: shielded=false, unshielded=true, dust=false
[11:10:03.011] INFO (17898): Wallet sync [3131]: shielded=false, unshielded=true, dust=false
[11:10:03.065] INFO (17898): Wallet sync [3132]: shielded=false, unshielded=true, dust=false
[11:10:03.104] INFO (17898): Wallet sync [3133]: shielded=false, unshielded=true, dust=false
[11:10:03.147] INFO (17898): Wallet sync [3134]: shielded=false, unshielded=true, dust=false
[11:10:03.180] INFO (17898): Wallet sync [3135]: shielded=false, unshielded=true, dust=false
[11:10:03.216] INFO (17898): Wallet sync [3136]: shielded=false, unshielded=true, dust=false
[11:10:03.260] INFO (17898): Wallet sync [3137]: shielded=false, unshielded=true, dust=false
[11:10:03.295] INFO (17898): Wallet sync [3138]: shielded=false, unshielded=true, dust=false
[11:10:03.340] INFO (17898): Wallet sync [3139]: shielded=false, unshielded=true, dust=false
[11:10:03.381] INFO (17898): Wallet sync [3140]: shielded=false, unshielded=true, dust=false
[11:10:03.428] INFO (17898): Wallet sync [3141]: shielded=false, unshielded=true, dust=false
[11:10:03.467] INFO (17898): Wallet sync [3142]: shielded=false, unshielded=true, dust=false
[11:10:03.512] INFO (17898): Wallet sync [3143]: shielded=false, unshielded=true, dust=false
[11:10:03.549] INFO (17898): Wallet sync [3144]: shielded=false, unshielded=true, dust=false
[11:10:03.594] INFO (17898): Wallet sync [3145]: shielded=false, unshielded=true, dust=false
[11:10:03.653] INFO (17898): Wallet sync [3146]: shielded=false, unshielded=true, dust=false
[11:10:03.695] INFO (17898): Wallet sync [3147]: shielded=false, unshielded=true, dust=false
[11:10:03.732] INFO (17898): Wallet sync [3148]: shielded=false, unshielded=true, dust=false
[11:10:03.777] INFO (17898): Wallet sync [3149]: shielded=false, unshielded=true, dust=false
[11:10:03.817] INFO (17898): Wallet sync [3150]: shielded=false, unshielded=true, dust=false
[11:10:03.879] INFO (17898): Wallet sync [3151]: shielded=false, unshielded=true, dust=false
[11:10:03.918] INFO (17898): Wallet sync [3152]: shielded=false, unshielded=true, dust=false
[11:10:03.959] INFO (17898): Wallet sync [3153]: shielded=false, unshielded=true, dust=false
[11:10:03.997] INFO (17898): Wallet sync [3154]: shielded=false, unshielded=true, dust=false
[11:10:04.030] INFO (17898): Wallet sync [3155]: shielded=false, unshielded=true, dust=false
[11:10:04.067] INFO (17898): Wallet sync [3156]: shielded=false, unshielded=true, dust=false
[11:10:04.105] INFO (17898): Wallet sync [3157]: shielded=false, unshielded=true, dust=false
[11:10:04.152] INFO (17898): Wallet sync [3158]: shielded=false, unshielded=true, dust=false
[11:10:04.193] INFO (17898): Wallet sync [3159]: shielded=false, unshielded=true, dust=false
[11:10:04.242] INFO (17898): Wallet sync [3160]: shielded=false, unshielded=true, dust=false
[11:10:04.291] INFO (17898): Wallet sync [3161]: shielded=false, unshielded=true, dust=false
[11:10:04.350] INFO (17898): Wallet sync [3162]: shielded=false, unshielded=true, dust=false
[11:10:04.398] INFO (17898): Wallet sync [3163]: shielded=false, unshielded=true, dust=false
[11:10:04.431] INFO (17898): Wallet sync [3164]: shielded=false, unshielded=true, dust=false
[11:10:04.469] INFO (17898): Wallet sync [3165]: shielded=false, unshielded=true, dust=false
[11:10:04.510] INFO (17898): Wallet sync [3166]: shielded=false, unshielded=true, dust=false
[11:10:04.552] INFO (17898): Wallet sync [3167]: shielded=false, unshielded=true, dust=false
[11:10:04.587] INFO (17898): Wallet sync [3168]: shielded=false, unshielded=true, dust=false
[11:10:04.636] INFO (17898): Wallet sync [3169]: shielded=false, unshielded=true, dust=false
[11:10:04.678] INFO (17898): Wallet sync [3170]: shielded=false, unshielded=true, dust=false
[11:10:04.726] INFO (17898): Wallet sync [3171]: shielded=false, unshielded=true, dust=false
[11:10:04.794] INFO (17898): Wallet sync [3172]: shielded=false, unshielded=true, dust=false
[11:10:04.836] INFO (17898): Wallet sync [3173]: shielded=false, unshielded=true, dust=false
[11:10:04.870] INFO (17898): Wallet sync [3174]: shielded=false, unshielded=true, dust=false
[11:10:04.912] INFO (17898): Wallet sync [3175]: shielded=false, unshielded=true, dust=false
[11:10:04.949] INFO (17898): Wallet sync [3176]: shielded=false, unshielded=true, dust=false
[11:10:05.012] INFO (17898): Wallet sync [3177]: shielded=false, unshielded=true, dust=false
[11:10:05.068] INFO (17898): Wallet sync [3178]: shielded=false, unshielded=true, dust=false
[11:10:05.096] INFO (17898): Wallet sync [3179]: shielded=false, unshielded=true, dust=false
[11:10:05.152] INFO (17898): Wallet sync [3180]: shielded=false, unshielded=true, dust=false
[11:10:05.179] INFO (17898): Wallet sync [3181]: shielded=false, unshielded=true, dust=false
[11:10:05.213] INFO (17898): Wallet sync [3182]: shielded=false, unshielded=true, dust=false
[11:10:05.254] INFO (17898): Wallet sync [3183]: shielded=false, unshielded=true, dust=false
[11:10:05.295] INFO (17898): Wallet sync [3184]: shielded=false, unshielded=true, dust=false
[11:10:05.329] INFO (17898): Wallet sync [3185]: shielded=false, unshielded=true, dust=false
[11:10:05.362] INFO (17898): Wallet sync [3186]: shielded=false, unshielded=true, dust=false
[11:10:05.397] INFO (17898): Wallet sync [3187]: shielded=false, unshielded=true, dust=false
[11:10:05.433] INFO (17898): Wallet sync [3188]: shielded=false, unshielded=true, dust=false
[11:10:05.480] INFO (17898): Wallet sync [3189]: shielded=false, unshielded=true, dust=false
[11:10:05.512] INFO (17898): Wallet sync [3190]: shielded=false, unshielded=true, dust=false
[11:10:05.553] INFO (17898): Wallet sync [3191]: shielded=false, unshielded=true, dust=false
[11:10:05.590] INFO (17898): Wallet sync [3192]: shielded=false, unshielded=true, dust=false
[11:10:05.628] INFO (17898): Wallet sync [3193]: shielded=false, unshielded=true, dust=false
[11:10:05.685] INFO (17898): Wallet sync [3194]: shielded=false, unshielded=true, dust=false
[11:10:05.725] INFO (17898): Wallet sync [3195]: shielded=false, unshielded=true, dust=false
[11:10:05.777] INFO (17898): Wallet sync [3196]: shielded=false, unshielded=true, dust=false
[11:10:05.810] INFO (17898): Wallet sync [3197]: shielded=false, unshielded=true, dust=false
[11:10:05.871] INFO (17898): Wallet sync [3198]: shielded=false, unshielded=true, dust=false
[11:10:05.897] INFO (17898): Wallet sync [3199]: shielded=false, unshielded=true, dust=false
[11:10:05.956] INFO (17898): Wallet sync [3200]: shielded=false, unshielded=true, dust=false
[11:10:05.993] INFO (17898): Wallet sync [3201]: shielded=false, unshielded=true, dust=false
[11:10:06.029] INFO (17898): Wallet sync [3202]: shielded=false, unshielded=true, dust=false
[11:10:06.056] INFO (17898): Wallet sync [3203]: shielded=false, unshielded=true, dust=false
[11:10:06.091] INFO (17898): Wallet sync [3204]: shielded=false, unshielded=true, dust=false
[11:10:06.130] INFO (17898): Wallet sync [3205]: shielded=false, unshielded=true, dust=false
[11:10:06.174] INFO (17898): Wallet sync [3206]: shielded=false, unshielded=true, dust=false
[11:10:06.218] INFO (17898): Wallet sync [3207]: shielded=false, unshielded=true, dust=false
[11:10:06.257] INFO (17898): Wallet sync [3208]: shielded=false, unshielded=true, dust=false
[11:10:06.316] INFO (17898): Wallet sync [3209]: shielded=false, unshielded=true, dust=false
[11:10:06.353] INFO (17898): Wallet sync [3210]: shielded=false, unshielded=true, dust=false
[11:10:06.400] INFO (17898): Wallet sync [3211]: shielded=false, unshielded=true, dust=false
[11:10:06.445] INFO (17898): Wallet sync [3212]: shielded=false, unshielded=true, dust=false
[11:10:06.508] INFO (17898): Wallet sync [3213]: shielded=false, unshielded=true, dust=false
[11:10:06.546] INFO (17898): Wallet sync [3214]: shielded=false, unshielded=true, dust=false
[11:10:06.599] INFO (17898): Wallet sync [3215]: shielded=false, unshielded=true, dust=false
[11:10:06.658] INFO (17898): Wallet sync [3216]: shielded=false, unshielded=true, dust=false
[11:10:06.717] INFO (17898): Wallet sync [3217]: shielded=false, unshielded=true, dust=false
[11:10:06.760] INFO (17898): Wallet sync [3218]: shielded=false, unshielded=true, dust=false
[11:10:06.813] INFO (17898): Wallet sync [3219]: shielded=false, unshielded=true, dust=false
[11:10:06.851] INFO (17898): Wallet sync [3220]: shielded=false, unshielded=true, dust=false
[11:10:06.906] INFO (17898): Wallet sync [3221]: shielded=false, unshielded=true, dust=false
[11:10:06.946] INFO (17898): Wallet sync [3222]: shielded=false, unshielded=true, dust=false
[11:10:07.006] INFO (17898): Wallet sync [3223]: shielded=false, unshielded=true, dust=false
[11:10:07.042] INFO (17898): Wallet sync [3224]: shielded=false, unshielded=true, dust=false
[11:10:07.093] INFO (17898): Wallet sync [3225]: shielded=false, unshielded=true, dust=false
[11:10:07.142] INFO (17898): Wallet sync [3226]: shielded=false, unshielded=true, dust=false
[11:10:07.191] INFO (17898): Wallet sync [3227]: shielded=false, unshielded=true, dust=false
[11:10:07.227] INFO (17898): Wallet sync [3228]: shielded=false, unshielded=true, dust=false
[11:10:07.259] INFO (17898): Wallet sync [3229]: shielded=false, unshielded=true, dust=false
[11:10:07.292] INFO (17898): Wallet sync [3230]: shielded=false, unshielded=true, dust=false
[11:10:07.327] INFO (17898): Wallet sync [3231]: shielded=false, unshielded=true, dust=false
[11:10:07.365] INFO (17898): Wallet sync [3232]: shielded=false, unshielded=true, dust=false
[11:10:07.402] INFO (17898): Wallet sync [3233]: shielded=false, unshielded=true, dust=false
[11:10:07.442] INFO (17898): Wallet sync [3234]: shielded=false, unshielded=true, dust=false
[11:10:07.482] INFO (17898): Wallet sync [3235]: shielded=false, unshielded=true, dust=false
[11:10:07.527] INFO (17898): Wallet sync [3236]: shielded=false, unshielded=true, dust=false
[11:10:07.576] INFO (17898): Wallet sync [3237]: shielded=false, unshielded=true, dust=false
[11:10:07.619] INFO (17898): Wallet sync [3238]: shielded=false, unshielded=true, dust=false
[11:10:07.680] INFO (17898): Wallet sync [3239]: shielded=false, unshielded=true, dust=false
[11:10:07.711] INFO (17898): Wallet sync [3240]: shielded=false, unshielded=true, dust=false
[11:10:07.743] INFO (17898): Wallet sync [3241]: shielded=false, unshielded=true, dust=false
[11:10:07.799] INFO (17898): Wallet sync [3242]: shielded=false, unshielded=true, dust=false
[11:10:07.828] INFO (17898): Wallet sync [3243]: shielded=false, unshielded=true, dust=false
[11:10:07.866] INFO (17898): Wallet sync [3244]: shielded=false, unshielded=true, dust=false
[11:10:07.908] INFO (17898): Wallet sync [3245]: shielded=false, unshielded=true, dust=false
[11:10:07.940] INFO (17898): Wallet sync [3246]: shielded=false, unshielded=true, dust=false
[11:10:07.982] INFO (17898): Wallet sync [3247]: shielded=false, unshielded=true, dust=false
[11:10:08.017] INFO (17898): Wallet sync [3248]: shielded=false, unshielded=true, dust=false
[11:10:08.051] INFO (17898): Wallet sync [3249]: shielded=false, unshielded=true, dust=false
[11:10:08.098] INFO (17898): Wallet sync [3250]: shielded=false, unshielded=true, dust=false
[11:10:08.143] INFO (17898): Wallet sync [3251]: shielded=false, unshielded=true, dust=false
[11:10:08.175] INFO (17898): Wallet sync [3252]: shielded=false, unshielded=true, dust=false
[11:10:08.215] INFO (17898): Wallet sync [3253]: shielded=false, unshielded=true, dust=false
[11:10:08.251] INFO (17898): Wallet sync [3254]: shielded=false, unshielded=true, dust=false
[11:10:08.295] INFO (17898): Wallet sync [3255]: shielded=false, unshielded=true, dust=false
[11:10:08.327] INFO (17898): Wallet sync [3256]: shielded=false, unshielded=true, dust=false
[11:10:08.359] INFO (17898): Wallet sync [3257]: shielded=false, unshielded=true, dust=false
[11:10:08.399] INFO (17898): Wallet sync [3258]: shielded=false, unshielded=true, dust=false
[11:10:08.438] INFO (17898): Wallet sync [3259]: shielded=false, unshielded=true, dust=false
[11:10:08.475] INFO (17898): Wallet sync [3260]: shielded=false, unshielded=true, dust=false
[11:10:08.519] INFO (17898): Wallet sync [3261]: shielded=false, unshielded=true, dust=false
[11:10:08.552] INFO (17898): Wallet sync [3262]: shielded=false, unshielded=true, dust=false
[11:10:08.589] INFO (17898): Wallet sync [3263]: shielded=false, unshielded=true, dust=false
[11:10:08.629] INFO (17898): Wallet sync [3264]: shielded=false, unshielded=true, dust=false
[11:10:08.675] INFO (17898): Wallet sync [3265]: shielded=false, unshielded=true, dust=false
[11:10:08.713] INFO (17898): Wallet sync [3266]: shielded=false, unshielded=true, dust=false
[11:10:08.754] INFO (17898): Wallet sync [3267]: shielded=false, unshielded=true, dust=false
[11:10:08.784] INFO (17898): Wallet sync [3268]: shielded=false, unshielded=true, dust=false
[11:10:08.825] INFO (17898): Wallet sync [3269]: shielded=false, unshielded=true, dust=false
[11:10:08.864] INFO (17898): Wallet sync [3270]: shielded=false, unshielded=true, dust=false
[11:10:08.911] INFO (17898): Wallet sync [3271]: shielded=false, unshielded=true, dust=false
[11:10:08.944] INFO (17898): Wallet sync [3272]: shielded=false, unshielded=true, dust=false
[11:10:08.984] INFO (17898): Wallet sync [3273]: shielded=false, unshielded=true, dust=false
[11:10:09.022] INFO (17898): Wallet sync [3274]: shielded=false, unshielded=true, dust=false
[11:10:09.053] INFO (17898): Wallet sync [3275]: shielded=false, unshielded=true, dust=false
[11:10:09.097] INFO (17898): Wallet sync [3276]: shielded=false, unshielded=true, dust=false
[11:10:09.138] INFO (17898): Wallet sync [3277]: shielded=false, unshielded=true, dust=false
[11:10:09.170] INFO (17898): Wallet sync [3278]: shielded=false, unshielded=true, dust=false
[11:10:09.209] INFO (17898): Wallet sync [3279]: shielded=false, unshielded=true, dust=false
[11:10:09.248] INFO (17898): Wallet sync [3280]: shielded=false, unshielded=true, dust=false
[11:10:09.296] INFO (17898): Wallet sync [3281]: shielded=false, unshielded=true, dust=false
[11:10:09.331] INFO (17898): Wallet sync [3282]: shielded=false, unshielded=true, dust=false
[11:10:09.363] INFO (17898): Wallet sync [3283]: shielded=false, unshielded=true, dust=false
[11:10:09.397] INFO (17898): Wallet sync [3284]: shielded=false, unshielded=true, dust=false
[11:10:09.431] INFO (17898): Wallet sync [3285]: shielded=false, unshielded=true, dust=false
[11:10:09.472] INFO (17898): Wallet sync [3286]: shielded=false, unshielded=true, dust=false
[11:10:09.505] INFO (17898): Wallet sync [3287]: shielded=false, unshielded=true, dust=false
[11:10:09.540] INFO (17898): Wallet sync [3288]: shielded=false, unshielded=true, dust=false
[11:10:09.571] INFO (17898): Wallet sync [3289]: shielded=false, unshielded=true, dust=false
[11:10:09.615] INFO (17898): Wallet sync [3290]: shielded=false, unshielded=true, dust=false
[11:10:09.653] INFO (17898): Wallet sync [3291]: shielded=false, unshielded=true, dust=false
[11:10:09.708] INFO (17898): Wallet sync [3292]: shielded=false, unshielded=true, dust=false
[11:10:09.736] INFO (17898): Wallet sync [3293]: shielded=false, unshielded=true, dust=false
[11:10:09.777] INFO (17898): Wallet sync [3294]: shielded=false, unshielded=true, dust=false
[11:10:09.834] INFO (17898): Wallet sync [3295]: shielded=false, unshielded=true, dust=false
[11:10:09.892] INFO (17898): Wallet sync [3296]: shielded=false, unshielded=true, dust=false
[11:10:09.930] INFO (17898): Wallet sync [3297]: shielded=false, unshielded=true, dust=false
[11:10:09.975] INFO (17898): Wallet sync [3298]: shielded=false, unshielded=true, dust=false
[11:10:10.043] INFO (17898): Wallet sync [3299]: shielded=false, unshielded=true, dust=false
[11:10:10.103] INFO (17898): Wallet sync [3300]: shielded=false, unshielded=true, dust=false
[11:10:10.146] INFO (17898): Wallet sync [3301]: shielded=false, unshielded=true, dust=false
[11:10:10.225] INFO (17898): Wallet sync [3302]: shielded=false, unshielded=true, dust=false
[11:10:10.265] INFO (17898): Wallet sync [3303]: shielded=false, unshielded=true, dust=false
[11:10:10.297] INFO (17898): Wallet sync [3304]: shielded=false, unshielded=true, dust=false
[11:10:10.335] INFO (17898): Wallet sync [3305]: shielded=false, unshielded=true, dust=false
[11:10:10.372] INFO (17898): Wallet sync [3306]: shielded=false, unshielded=true, dust=false
[11:10:10.397] INFO (17898): Wallet sync [3307]: shielded=false, unshielded=true, dust=false
[11:10:10.434] INFO (17898): Wallet sync [3308]: shielded=false, unshielded=true, dust=false
[11:10:10.469] INFO (17898): Wallet sync [3309]: shielded=false, unshielded=true, dust=false
[11:10:10.520] INFO (17898): Wallet sync [3310]: shielded=false, unshielded=true, dust=false
[11:10:10.562] INFO (17898): Wallet sync [3311]: shielded=false, unshielded=true, dust=false
[11:10:10.598] INFO (17898): Wallet sync [3312]: shielded=false, unshielded=true, dust=false
[11:10:10.630] INFO (17898): Wallet sync [3313]: shielded=false, unshielded=true, dust=false
[11:10:10.668] INFO (17898): Wallet sync [3314]: shielded=false, unshielded=true, dust=false
[11:10:10.700] INFO (17898): Wallet sync [3315]: shielded=false, unshielded=true, dust=false
[11:10:10.739] INFO (17898): Wallet sync [3316]: shielded=false, unshielded=true, dust=false
[11:10:10.774] INFO (17898): Wallet sync [3317]: shielded=false, unshielded=true, dust=false
[11:10:10.813] INFO (17898): Wallet sync [3318]: shielded=false, unshielded=true, dust=false
[11:10:10.845] INFO (17898): Wallet sync [3319]: shielded=false, unshielded=true, dust=false
[11:10:10.880] INFO (17898): Wallet sync [3320]: shielded=false, unshielded=true, dust=false
[11:10:10.914] INFO (17898): Wallet sync [3321]: shielded=false, unshielded=true, dust=false
[11:10:10.957] INFO (17898): Wallet sync [3322]: shielded=false, unshielded=true, dust=false
[11:10:10.997] INFO (17898): Wallet sync [3323]: shielded=false, unshielded=true, dust=false
[11:10:11.053] INFO (17898): Wallet sync [3324]: shielded=false, unshielded=true, dust=false
[11:10:11.101] INFO (17898): Wallet sync [3325]: shielded=false, unshielded=true, dust=false
[11:10:11.156] INFO (17898): Wallet sync [3326]: shielded=false, unshielded=true, dust=false
[11:10:11.193] INFO (17898): Wallet sync [3327]: shielded=false, unshielded=true, dust=false
[11:10:11.244] INFO (17898): Wallet sync [3328]: shielded=false, unshielded=true, dust=false
[11:10:11.279] INFO (17898): Wallet sync [3329]: shielded=false, unshielded=true, dust=false
[11:10:11.334] INFO (17898): Wallet sync [3330]: shielded=false, unshielded=true, dust=false
[11:10:11.406] INFO (17898): Wallet sync [3331]: shielded=false, unshielded=true, dust=false
[11:10:11.463] INFO (17898): Wallet sync [3332]: shielded=false, unshielded=true, dust=false
[11:10:11.496] INFO (17898): Wallet sync [3333]: shielded=false, unshielded=true, dust=false
[11:10:11.549] INFO (17898): Wallet sync [3334]: shielded=false, unshielded=true, dust=false
[11:10:11.585] INFO (17898): Wallet sync [3335]: shielded=false, unshielded=true, dust=false
[11:10:11.621] INFO (17898): Wallet sync [3336]: shielded=false, unshielded=true, dust=false
[11:10:11.650] INFO (17898): Wallet sync [3337]: shielded=false, unshielded=true, dust=false
[11:10:11.684] INFO (17898): Wallet sync [3338]: shielded=false, unshielded=true, dust=false
[11:10:11.716] INFO (17898): Wallet sync [3339]: shielded=false, unshielded=true, dust=false
[11:10:11.776] INFO (17898): Wallet sync [3340]: shielded=false, unshielded=true, dust=false
[11:10:11.815] INFO (17898): Wallet sync [3341]: shielded=false, unshielded=true, dust=false
[11:10:11.857] INFO (17898): Wallet sync [3342]: shielded=false, unshielded=true, dust=false
[11:10:11.906] INFO (17898): Wallet sync [3343]: shielded=false, unshielded=true, dust=false
[11:10:11.943] INFO (17898): Wallet sync [3344]: shielded=false, unshielded=true, dust=false
[11:10:11.978] INFO (17898): Wallet sync [3345]: shielded=false, unshielded=true, dust=false
[11:10:12.036] INFO (17898): Wallet sync [3346]: shielded=false, unshielded=true, dust=false
[11:10:12.076] INFO (17898): Wallet sync [3347]: shielded=false, unshielded=true, dust=false
[11:10:12.124] INFO (17898): Wallet sync [3348]: shielded=false, unshielded=true, dust=false
[11:10:12.161] INFO (17898): Wallet sync [3349]: shielded=false, unshielded=true, dust=false
[11:10:12.198] INFO (17898): Wallet sync [3350]: shielded=false, unshielded=true, dust=false
[11:10:12.239] INFO (17898): Wallet sync [3351]: shielded=false, unshielded=true, dust=false
[11:10:12.274] INFO (17898): Wallet sync [3352]: shielded=false, unshielded=true, dust=false
[11:10:12.309] INFO (17898): Wallet sync [3353]: shielded=false, unshielded=true, dust=false
[11:10:12.364] INFO (17898): Wallet sync [3354]: shielded=false, unshielded=true, dust=false
[11:10:12.396] INFO (17898): Wallet sync [3355]: shielded=false, unshielded=true, dust=false
[11:10:12.470] INFO (17898): Wallet sync [3356]: shielded=false, unshielded=true, dust=false
[11:10:12.533] INFO (17898): Wallet sync [3357]: shielded=false, unshielded=true, dust=false
[11:10:12.623] INFO (17898): Wallet sync [3358]: shielded=false, unshielded=true, dust=false
[11:10:12.662] INFO (17898): Wallet sync [3359]: shielded=false, unshielded=true, dust=false
[11:10:12.708] INFO (17898): Wallet sync [3360]: shielded=false, unshielded=true, dust=false
[11:10:12.741] INFO (17898): Wallet sync [3361]: shielded=false, unshielded=true, dust=false
[11:10:12.784] INFO (17898): Wallet sync [3362]: shielded=false, unshielded=true, dust=false
[11:10:12.816] INFO (17898): Wallet sync [3363]: shielded=false, unshielded=true, dust=false
[11:10:12.900] INFO (17898): Wallet sync [3364]: shielded=false, unshielded=true, dust=false
[11:10:12.933] INFO (17898): Wallet sync [3365]: shielded=false, unshielded=true, dust=false
[11:10:13.076] INFO (17898): Wallet sync [3366]: shielded=false, unshielded=true, dust=false
[11:10:13.128] INFO (17898): Wallet sync [3367]: shielded=false, unshielded=true, dust=false
[11:10:13.179] INFO (17898): Wallet sync [3368]: shielded=false, unshielded=true, dust=false
[11:10:13.223] INFO (17898): Wallet sync [3369]: shielded=false, unshielded=true, dust=false
[11:10:13.275] INFO (17898): Wallet sync [3370]: shielded=false, unshielded=true, dust=false
[11:10:13.319] INFO (17898): Wallet sync [3371]: shielded=false, unshielded=true, dust=false
[11:10:13.364] INFO (17898): Wallet sync [3372]: shielded=false, unshielded=true, dust=false
[11:10:13.421] INFO (17898): Wallet sync [3373]: shielded=false, unshielded=true, dust=false
[11:10:13.487] INFO (17898): Wallet sync [3374]: shielded=false, unshielded=true, dust=false
[11:10:13.538] INFO (17898): Wallet sync [3375]: shielded=false, unshielded=true, dust=false
[11:10:13.577] INFO (17898): Wallet sync [3376]: shielded=false, unshielded=true, dust=false
[11:10:13.617] INFO (17898): Wallet sync [3377]: shielded=false, unshielded=true, dust=false
[11:10:13.653] INFO (17898): Wallet sync [3378]: shielded=false, unshielded=true, dust=false
[11:10:13.703] INFO (17898): Wallet sync [3379]: shielded=false, unshielded=true, dust=false
[11:10:13.761] INFO (17898): Wallet sync [3380]: shielded=false, unshielded=true, dust=false
[11:10:13.809] INFO (17898): Wallet sync [3381]: shielded=false, unshielded=true, dust=false
[11:10:13.848] INFO (17898): Wallet sync [3382]: shielded=false, unshielded=true, dust=false
[11:10:13.895] INFO (17898): Wallet sync [3383]: shielded=false, unshielded=true, dust=false
[11:10:13.953] INFO (17898): Wallet sync [3384]: shielded=false, unshielded=true, dust=false
[11:10:14.017] INFO (17898): Wallet sync [3385]: shielded=false, unshielded=true, dust=false
[11:10:14.081] INFO (17898): Wallet sync [3386]: shielded=false, unshielded=true, dust=false
[11:10:14.119] INFO (17898): Wallet sync [3387]: shielded=false, unshielded=true, dust=false
[11:10:14.158] INFO (17898): Wallet sync [3388]: shielded=false, unshielded=true, dust=false
[11:10:14.198] INFO (17898): Wallet sync [3389]: shielded=false, unshielded=true, dust=false
[11:10:14.437] INFO (17898): Wallet sync [3390]: shielded=false, unshielded=true, dust=false
[11:10:14.633] INFO (17898): Wallet sync [3391]: shielded=false, unshielded=true, dust=false
[11:10:14.824] INFO (17898): Wallet sync [3392]: shielded=false, unshielded=true, dust=false
[11:10:14.942] INFO (17898): Wallet sync [3393]: shielded=false, unshielded=true, dust=false
[11:10:15.048] INFO (17898): Wallet sync [3394]: shielded=false, unshielded=true, dust=false
[11:10:15.144] INFO (17898): Wallet sync [3395]: shielded=false, unshielded=true, dust=false
[11:10:15.219] INFO (17898): Wallet sync [3396]: shielded=false, unshielded=true, dust=false
[11:10:15.302] INFO (17898): Wallet sync [3397]: shielded=false, unshielded=true, dust=false
[11:10:15.391] INFO (17898): Wallet sync [3398]: shielded=false, unshielded=true, dust=false
[11:10:15.473] INFO (17898): Wallet sync [3399]: shielded=false, unshielded=true, dust=false
[11:10:15.532] INFO (17898): Wallet sync [3400]: shielded=false, unshielded=true, dust=false
[11:10:15.580] INFO (17898): Wallet sync [3401]: shielded=false, unshielded=true, dust=false
[11:10:15.615] INFO (17898): Wallet sync [3402]: shielded=false, unshielded=true, dust=false
[11:10:15.661] INFO (17898): Wallet sync [3403]: shielded=false, unshielded=true, dust=false
[11:10:15.729] INFO (17898): Wallet sync [3404]: shielded=false, unshielded=true, dust=false
[11:10:15.793] INFO (17898): Wallet sync [3405]: shielded=false, unshielded=true, dust=false
[11:10:15.838] INFO (17898): Wallet sync [3406]: shielded=false, unshielded=true, dust=false
[11:10:15.895] INFO (17898): Wallet sync [3407]: shielded=false, unshielded=true, dust=false
[11:10:15.959] INFO (17898): Wallet sync [3408]: shielded=false, unshielded=true, dust=false
[11:10:16.014] INFO (17898): Wallet sync [3409]: shielded=false, unshielded=true, dust=false
[11:10:16.062] INFO (17898): Wallet sync [3410]: shielded=false, unshielded=true, dust=false
[11:10:16.101] INFO (17898): Wallet sync [3411]: shielded=false, unshielded=true, dust=false
[11:10:16.145] INFO (17898): Wallet sync [3412]: shielded=false, unshielded=true, dust=false
[11:10:16.199] INFO (17898): Wallet sync [3413]: shielded=false, unshielded=true, dust=false
[11:10:16.242] INFO (17898): Wallet sync [3414]: shielded=false, unshielded=true, dust=false
[11:10:16.318] INFO (17898): Wallet sync [3415]: shielded=false, unshielded=true, dust=false
[11:10:16.369] INFO (17898): Wallet sync [3416]: shielded=false, unshielded=true, dust=false
[11:10:16.433] INFO (17898): Wallet sync [3417]: shielded=false, unshielded=true, dust=false
[11:10:16.478] INFO (17898): Wallet sync [3418]: shielded=false, unshielded=true, dust=false
[11:10:16.531] INFO (17898): Wallet sync [3419]: shielded=false, unshielded=true, dust=false
[11:10:16.594] INFO (17898): Wallet sync [3420]: shielded=false, unshielded=true, dust=false
[11:10:16.643] INFO (17898): Wallet sync [3421]: shielded=false, unshielded=true, dust=false
[11:10:16.696] INFO (17898): Wallet sync [3422]: shielded=false, unshielded=true, dust=false
[11:10:16.752] INFO (17898): Wallet sync [3423]: shielded=false, unshielded=true, dust=false
[11:10:16.802] INFO (17898): Wallet sync [3424]: shielded=false, unshielded=true, dust=false
[11:10:16.841] INFO (17898): Wallet sync [3425]: shielded=false, unshielded=true, dust=false
[11:10:16.883] INFO (17898): Wallet sync [3426]: shielded=false, unshielded=true, dust=false
[11:10:16.925] INFO (17898): Wallet sync [3427]: shielded=false, unshielded=true, dust=false
[11:10:16.981] INFO (17898): Wallet sync [3428]: shielded=false, unshielded=true, dust=false
[11:10:17.024] INFO (17898): Wallet sync [3429]: shielded=false, unshielded=true, dust=false
[11:10:17.067] INFO (17898): Wallet sync [3430]: shielded=false, unshielded=true, dust=false
[11:10:17.105] INFO (17898): Wallet sync [3431]: shielded=false, unshielded=true, dust=false
[11:10:17.146] INFO (17898): Wallet sync [3432]: shielded=false, unshielded=true, dust=false
[11:10:17.171] INFO (17898): Wallet sync [3433]: shielded=false, unshielded=true, dust=false
[11:10:17.205] INFO (17898): Wallet sync [3434]: shielded=false, unshielded=true, dust=false
[11:10:17.249] INFO (17898): Wallet sync [3435]: shielded=false, unshielded=true, dust=false
[11:10:17.296] INFO (17898): Wallet sync [3436]: shielded=false, unshielded=true, dust=false
[11:10:17.335] INFO (17898): Wallet sync [3437]: shielded=false, unshielded=true, dust=false
[11:10:17.382] INFO (17898): Wallet sync [3438]: shielded=false, unshielded=true, dust=false
[11:10:17.442] INFO (17898): Wallet sync [3439]: shielded=false, unshielded=true, dust=false
[11:10:17.468] INFO (17898): Wallet sync [3440]: shielded=false, unshielded=true, dust=false
[11:10:17.505] INFO (17898): Wallet sync [3441]: shielded=false, unshielded=true, dust=false
[11:10:17.581] INFO (17898): Wallet sync [3442]: shielded=false, unshielded=true, dust=false
[11:10:17.672] INFO (17898): Wallet sync [3443]: shielded=false, unshielded=true, dust=false
[11:10:17.740] INFO (17898): Wallet sync [3444]: shielded=false, unshielded=true, dust=false
[11:10:17.771] INFO (17898): Wallet sync [3445]: shielded=false, unshielded=true, dust=false
[11:10:17.853] INFO (17898): Wallet sync [3446]: shielded=false, unshielded=true, dust=false
[11:10:17.899] INFO (17898): Wallet sync [3447]: shielded=false, unshielded=true, dust=false
[11:10:17.968] INFO (17898): Wallet sync [3448]: shielded=false, unshielded=true, dust=false
[11:10:18.020] INFO (17898): Wallet sync [3449]: shielded=false, unshielded=true, dust=false
[11:10:18.060] INFO (17898): Wallet sync [3450]: shielded=false, unshielded=true, dust=false
[11:10:18.102] INFO (17898): Wallet sync [3451]: shielded=false, unshielded=true, dust=false
[11:10:18.140] INFO (17898): Wallet sync [3452]: shielded=false, unshielded=true, dust=false
[11:10:18.189] INFO (17898): Wallet sync [3453]: shielded=false, unshielded=true, dust=false
[11:10:18.234] INFO (17898): Wallet sync [3454]: shielded=false, unshielded=true, dust=false
[11:10:18.274] INFO (17898): Wallet sync [3455]: shielded=false, unshielded=true, dust=false
[11:10:18.309] INFO (17898): Wallet sync [3456]: shielded=false, unshielded=true, dust=false
[11:10:18.348] INFO (17898): Wallet sync [3457]: shielded=false, unshielded=true, dust=false
[11:10:18.410] INFO (17898): Wallet sync [3458]: shielded=false, unshielded=true, dust=false
[11:10:18.454] INFO (17898): Wallet sync [3459]: shielded=false, unshielded=true, dust=false
[11:10:18.493] INFO (17898): Wallet sync [3460]: shielded=false, unshielded=true, dust=false
[11:10:18.531] INFO (17898): Wallet sync [3461]: shielded=false, unshielded=true, dust=false
[11:10:18.567] INFO (17898): Wallet sync [3462]: shielded=false, unshielded=true, dust=false
[11:10:18.614] INFO (17898): Wallet sync [3463]: shielded=false, unshielded=true, dust=false
[11:10:18.653] INFO (17898): Wallet sync [3464]: shielded=false, unshielded=true, dust=false
[11:10:18.682] INFO (17898): Wallet sync [3465]: shielded=false, unshielded=true, dust=false
[11:10:18.748] INFO (17898): Wallet sync [3466]: shielded=false, unshielded=true, dust=false
[11:10:18.808] INFO (17898): Wallet sync [3467]: shielded=false, unshielded=true, dust=false
[11:10:18.911] INFO (17898): Wallet sync [3468]: shielded=false, unshielded=true, dust=false
[11:10:18.991] INFO (17898): Wallet sync [3469]: shielded=false, unshielded=true, dust=false
[11:10:19.079] INFO (17898): Wallet sync [3470]: shielded=false, unshielded=true, dust=false
[11:10:19.164] INFO (17898): Wallet sync [3471]: shielded=false, unshielded=true, dust=false
[11:10:19.218] INFO (17898): Wallet sync [3472]: shielded=false, unshielded=true, dust=false
[11:10:19.298] INFO (17898): Wallet sync [3473]: shielded=false, unshielded=true, dust=false
[11:10:19.344] INFO (17898): Wallet sync [3474]: shielded=false, unshielded=true, dust=false
[11:10:19.494] INFO (17898): Wallet sync [3475]: shielded=false, unshielded=true, dust=false
[11:10:19.601] INFO (17898): Wallet sync [3476]: shielded=false, unshielded=true, dust=false
[11:10:19.722] INFO (17898): Wallet sync [3477]: shielded=false, unshielded=true, dust=false
[11:10:20.035] INFO (17898): Wallet sync [3478]: shielded=false, unshielded=true, dust=false
[11:10:20.208] INFO (17898): Wallet sync [3479]: shielded=false, unshielded=true, dust=false
[11:10:20.501] INFO (17898): Wallet sync [3480]: shielded=false, unshielded=true, dust=false
[11:10:20.664] INFO (17898): Wallet sync [3481]: shielded=false, unshielded=true, dust=false
[11:10:20.878] INFO (17898): Wallet sync [3482]: shielded=false, unshielded=true, dust=false
[11:10:20.976] INFO (17898): Wallet sync [3483]: shielded=false, unshielded=true, dust=false
[11:10:21.107] INFO (17898): Wallet sync [3484]: shielded=false, unshielded=true, dust=false
[11:10:21.197] INFO (17898): Wallet sync [3485]: shielded=false, unshielded=true, dust=false
[11:10:21.290] INFO (17898): Wallet sync [3486]: shielded=false, unshielded=true, dust=false
[11:10:21.434] INFO (17898): Wallet sync [3487]: shielded=false, unshielded=true, dust=false
[11:10:21.564] INFO (17898): Wallet sync [3488]: shielded=false, unshielded=true, dust=false
[11:10:21.605] INFO (17898): Wallet sync [3489]: shielded=false, unshielded=true, dust=false
[11:10:21.768] INFO (17898): Wallet sync [3490]: shielded=false, unshielded=true, dust=false
[11:10:21.993] INFO (17898): Wallet sync [3491]: shielded=false, unshielded=true, dust=false
[11:10:22.316] INFO (17898): Wallet sync [3492]: shielded=false, unshielded=true, dust=false
[11:10:22.589] INFO (17898): Wallet sync [3493]: shielded=false, unshielded=true, dust=false
[11:10:22.890] INFO (17898): Wallet sync [3494]: shielded=false, unshielded=true, dust=false
[11:10:23.075] INFO (17898): Wallet sync [3495]: shielded=false, unshielded=true, dust=false
[11:10:23.349] INFO (17898): Wallet sync [3496]: shielded=false, unshielded=true, dust=false
[11:10:23.392] INFO (17898): Wallet sync [3497]: shielded=false, unshielded=true, dust=false
[11:10:23.497] INFO (17898): Wallet sync [3498]: shielded=false, unshielded=true, dust=false
[11:10:23.559] INFO (17898): Wallet sync [3499]: shielded=false, unshielded=true, dust=false
[11:10:23.662] INFO (17898): Wallet sync [3500]: shielded=false, unshielded=true, dust=false
[11:10:23.747] INFO (17898): Wallet sync [3501]: shielded=false, unshielded=true, dust=false
[11:10:23.861] INFO (17898): Wallet sync [3502]: shielded=false, unshielded=true, dust=false
[11:10:23.902] INFO (17898): Wallet sync [3503]: shielded=false, unshielded=true, dust=false
[11:10:23.996] INFO (17898): Wallet sync [3504]: shielded=false, unshielded=true, dust=false
[11:10:24.043] INFO (17898): Wallet sync [3505]: shielded=false, unshielded=true, dust=false
[11:10:24.132] INFO (17898): Wallet sync [3506]: shielded=false, unshielded=true, dust=false
[11:10:24.208] INFO (17898): Wallet sync [3507]: shielded=false, unshielded=true, dust=false
[11:10:24.489] INFO (17898): Wallet sync [3508]: shielded=false, unshielded=true, dust=false
[11:10:24.607] INFO (17898): Wallet sync [3509]: shielded=false, unshielded=true, dust=false
[11:10:24.800] INFO (17898): Wallet sync [3510]: shielded=false, unshielded=true, dust=false
[11:10:24.841] INFO (17898): Wallet sync [3511]: shielded=false, unshielded=true, dust=false
[11:10:24.905] INFO (17898): Wallet sync [3512]: shielded=false, unshielded=true, dust=false
[11:10:24.984] INFO (17898): Wallet sync [3513]: shielded=false, unshielded=true, dust=false
[11:10:25.072] INFO (17898): Wallet sync [3514]: shielded=false, unshielded=true, dust=false
[11:10:25.125] INFO (17898): Wallet sync [3515]: shielded=false, unshielded=true, dust=false
[11:10:25.219] INFO (17898): Wallet sync [3516]: shielded=false, unshielded=true, dust=false
[11:10:25.261] INFO (17898): Wallet sync [3517]: shielded=false, unshielded=true, dust=false
[11:10:25.364] INFO (17898): Wallet sync [3518]: shielded=false, unshielded=true, dust=false
[11:10:25.430] INFO (17898): Wallet sync [3519]: shielded=false, unshielded=true, dust=false
[11:10:25.494] INFO (17898): Wallet sync [3520]: shielded=false, unshielded=true, dust=false
[11:10:25.687] INFO (17898): Wallet sync [3521]: shielded=false, unshielded=true, dust=false
[11:10:25.784] INFO (17898): Wallet sync [3522]: shielded=false, unshielded=true, dust=false
[11:10:25.851] INFO (17898): Wallet sync [3523]: shielded=false, unshielded=true, dust=false
[11:10:25.863] INFO (17898): Wallet sync [3524]: shielded=false, unshielded=true, dust=false
[11:10:25.915] INFO (17898): Wallet sync [3525]: shielded=false, unshielded=true, dust=false
[11:10:25.978] INFO (17898): Wallet sync [3526]: shielded=false, unshielded=true, dust=false
[11:10:26.062] INFO (17898): Wallet sync [3527]: shielded=false, unshielded=true, dust=false
[11:10:26.106] INFO (17898): Wallet sync [3528]: shielded=false, unshielded=true, dust=false
[11:10:26.222] INFO (17898): Wallet sync [3529]: shielded=false, unshielded=true, dust=false
[11:10:26.272] INFO (17898): Wallet sync [3530]: shielded=false, unshielded=true, dust=false
[11:10:26.335] INFO (17898): Wallet sync [3531]: shielded=false, unshielded=true, dust=false
[11:10:26.431] INFO (17898): Wallet sync [3532]: shielded=false, unshielded=true, dust=false
[11:10:26.519] INFO (17898): Wallet sync [3533]: shielded=false, unshielded=true, dust=false
[11:10:26.637] INFO (17898): Wallet sync [3534]: shielded=false, unshielded=true, dust=false
[11:10:26.750] INFO (17898): Wallet sync [3535]: shielded=false, unshielded=true, dust=false
[11:10:26.836] INFO (17898): Wallet sync [3536]: shielded=false, unshielded=true, dust=false
[11:10:26.919] INFO (17898): Wallet sync [3537]: shielded=false, unshielded=true, dust=false
[11:10:27.024] INFO (17898): Wallet sync [3538]: shielded=false, unshielded=true, dust=false
[11:10:27.083] INFO (17898): Wallet sync [3539]: shielded=false, unshielded=true, dust=false
[11:10:27.181] INFO (17898): Wallet sync [3540]: shielded=false, unshielded=true, dust=false
[11:10:27.273] INFO (17898): Wallet sync [3541]: shielded=false, unshielded=true, dust=false
[11:10:27.396] INFO (17898): Wallet sync [3542]: shielded=false, unshielded=true, dust=false
[11:10:27.468] INFO (17898): Wallet sync [3543]: shielded=false, unshielded=true, dust=false
[11:10:27.530] INFO (17898): Wallet sync [3544]: shielded=false, unshielded=true, dust=false
[11:10:27.607] INFO (17898): Wallet sync [3545]: shielded=false, unshielded=true, dust=false
[11:10:27.737] INFO (17898): Wallet sync [3546]: shielded=false, unshielded=true, dust=false
[11:10:27.900] INFO (17898): Wallet sync [3547]: shielded=false, unshielded=true, dust=false
[11:10:28.010] INFO (17898): Wallet sync [3548]: shielded=false, unshielded=true, dust=false
[11:10:28.275] INFO (17898): Wallet sync [3549]: shielded=false, unshielded=true, dust=false
[11:10:28.449] INFO (17898): Wallet sync [3550]: shielded=false, unshielded=true, dust=false
[11:10:28.642] INFO (17898): Wallet sync [3551]: shielded=false, unshielded=true, dust=false
[11:10:28.868] INFO (17898): Wallet sync [3552]: shielded=false, unshielded=true, dust=false
[11:10:29.043] INFO (17898): Wallet sync [3553]: shielded=false, unshielded=true, dust=false
[11:10:29.251] INFO (17898): Wallet sync [3554]: shielded=false, unshielded=true, dust=false
[11:10:29.419] INFO (17898): Wallet sync [3555]: shielded=false, unshielded=true, dust=false
[11:10:29.626] INFO (17898): Wallet sync [3556]: shielded=false, unshielded=true, dust=false
[11:10:29.866] INFO (17898): Wallet sync [3557]: shielded=false, unshielded=true, dust=false
[11:10:30.060] INFO (17898): Wallet sync [3558]: shielded=false, unshielded=true, dust=false
[11:10:30.395] INFO (17898): Wallet sync [3559]: shielded=false, unshielded=true, dust=false
[11:10:30.637] INFO (17898): Wallet sync [3560]: shielded=false, unshielded=true, dust=false
[11:10:30.945] INFO (17898): Wallet sync [3561]: shielded=false, unshielded=true, dust=false
[11:10:31.192] INFO (17898): Wallet sync [3562]: shielded=false, unshielded=true, dust=false
[11:10:31.445] INFO (17898): Wallet sync [3563]: shielded=false, unshielded=true, dust=false
[11:10:31.689] INFO (17898): Wallet sync [3564]: shielded=false, unshielded=true, dust=false
[11:10:31.915] INFO (17898): Wallet sync [3565]: shielded=false, unshielded=true, dust=false
[11:10:32.216] INFO (17898): Wallet sync [3566]: shielded=false, unshielded=true, dust=false
[11:10:32.396] INFO (17898): Wallet sync [3567]: shielded=false, unshielded=true, dust=false
[11:10:32.617] INFO (17898): Wallet sync [3568]: shielded=false, unshielded=true, dust=false
[11:10:32.907] INFO (17898): Wallet sync [3569]: shielded=false, unshielded=true, dust=false
[11:10:33.082] INFO (17898): Wallet sync [3570]: shielded=false, unshielded=true, dust=false
[11:10:33.306] INFO (17898): Wallet sync [3571]: shielded=false, unshielded=true, dust=false
[11:10:33.578] INFO (17898): Wallet sync [3572]: shielded=false, unshielded=true, dust=false
[11:10:33.703] INFO (17898): Wallet sync [3573]: shielded=false, unshielded=true, dust=false
[11:10:33.808] INFO (17898): Wallet sync [3574]: shielded=false, unshielded=true, dust=false
[11:10:33.935] INFO (17898): Wallet sync [3575]: shielded=false, unshielded=true, dust=false
[11:10:34.108] INFO (17898): Wallet sync [3576]: shielded=false, unshielded=true, dust=false
[11:10:34.301] INFO (17898): Wallet sync [3577]: shielded=false, unshielded=true, dust=false
[11:10:34.429] INFO (17898): Wallet sync [3578]: shielded=false, unshielded=true, dust=false
[11:10:34.606] INFO (17898): Wallet sync [3579]: shielded=false, unshielded=true, dust=false
[11:10:34.671] INFO (17898): Wallet sync [3580]: shielded=false, unshielded=true, dust=false
[11:10:34.730] INFO (17898): Wallet sync [3581]: shielded=false, unshielded=true, dust=false
[11:10:34.782] INFO (17898): Wallet sync [3582]: shielded=false, unshielded=true, dust=false
[11:10:34.888] INFO (17898): Wallet sync [3583]: shielded=false, unshielded=true, dust=false
[11:10:34.943] INFO (17898): Wallet sync [3584]: shielded=false, unshielded=true, dust=false
[11:10:35.137] INFO (17898): Wallet sync [3585]: shielded=false, unshielded=true, dust=false
[11:10:35.374] INFO (17898): Wallet sync [3586]: shielded=false, unshielded=true, dust=false
[11:10:35.609] INFO (17898): Wallet sync [3587]: shielded=false, unshielded=true, dust=false
[11:10:35.853] INFO (17898): Wallet sync [3588]: shielded=false, unshielded=true, dust=false
[11:10:36.029] INFO (17898): Wallet sync [3589]: shielded=false, unshielded=true, dust=false
[11:10:36.319] INFO (17898): Wallet sync [3590]: shielded=false, unshielded=true, dust=false
[11:10:36.459] INFO (17898): Wallet sync [3591]: shielded=false, unshielded=true, dust=false
[11:10:36.515] INFO (17898): Wallet sync [3592]: shielded=false, unshielded=true, dust=false
[11:10:36.565] INFO (17898): Wallet sync [3593]: shielded=false, unshielded=true, dust=false
[11:10:36.672] INFO (17898): Wallet sync [3594]: shielded=false, unshielded=true, dust=false
[11:10:36.772] INFO (17898): Wallet sync [3595]: shielded=false, unshielded=true, dust=false
[11:10:36.955] INFO (17898): Wallet sync [3596]: shielded=false, unshielded=true, dust=false
[11:10:37.270] INFO (17898): Wallet sync [3597]: shielded=false, unshielded=true, dust=false
[11:10:37.453] INFO (17898): Wallet sync [3598]: shielded=false, unshielded=true, dust=false
[11:10:37.526] INFO (17898): Wallet sync [3599]: shielded=false, unshielded=true, dust=false
[11:10:37.630] INFO (17898): Wallet sync [3600]: shielded=false, unshielded=true, dust=false
[11:10:37.692] INFO (17898): Wallet sync [3601]: shielded=false, unshielded=true, dust=false
[11:10:37.774] INFO (17898): Wallet sync [3602]: shielded=false, unshielded=true, dust=false
[11:10:37.828] INFO (17898): Wallet sync [3603]: shielded=false, unshielded=true, dust=false
[11:10:37.902] INFO (17898): Wallet sync [3604]: shielded=false, unshielded=true, dust=false
[11:10:37.947] INFO (17898): Wallet sync [3605]: shielded=false, unshielded=true, dust=false
[11:10:37.991] INFO (17898): Wallet sync [3606]: shielded=false, unshielded=true, dust=false
[11:10:38.035] INFO (17898): Wallet sync [3607]: shielded=false, unshielded=true, dust=false
[11:10:38.082] INFO (17898): Wallet sync [3608]: shielded=false, unshielded=true, dust=false
[11:10:38.161] INFO (17898): Wallet sync [3609]: shielded=false, unshielded=true, dust=false
[11:10:38.237] INFO (17898): Wallet sync [3610]: shielded=false, unshielded=true, dust=false
[11:10:38.346] INFO (17898): Wallet sync [3611]: shielded=false, unshielded=true, dust=false
[11:10:38.379] INFO (17898): Wallet sync [3612]: shielded=false, unshielded=true, dust=false
[11:10:38.431] INFO (17898): Wallet sync [3613]: shielded=false, unshielded=true, dust=false
[11:10:38.481] INFO (17898): Wallet sync [3614]: shielded=false, unshielded=true, dust=false
[11:10:38.567] INFO (17898): Wallet sync [3615]: shielded=false, unshielded=true, dust=false
[11:10:38.641] INFO (17898): Wallet sync [3616]: shielded=false, unshielded=true, dust=false
[11:10:38.747] INFO (17898): Wallet sync [3617]: shielded=false, unshielded=true, dust=false
[11:10:38.824] INFO (17898): Wallet sync [3618]: shielded=false, unshielded=true, dust=false
[11:10:38.872] INFO (17898): Wallet sync [3619]: shielded=false, unshielded=true, dust=false
[11:10:38.947] INFO (17898): Wallet sync [3620]: shielded=false, unshielded=true, dust=false
[11:10:39.032] INFO (17898): Wallet sync [3621]: shielded=false, unshielded=true, dust=false
[11:10:39.113] INFO (17898): Wallet sync [3622]: shielded=false, unshielded=true, dust=false
[11:10:39.206] INFO (17898): Wallet sync [3623]: shielded=false, unshielded=true, dust=false
[11:10:39.306] INFO (17898): Wallet sync [3624]: shielded=false, unshielded=true, dust=false
[11:10:39.481] INFO (17898): Wallet sync [3625]: shielded=false, unshielded=true, dust=false
[11:10:39.675] INFO (17898): Wallet sync [3626]: shielded=false, unshielded=true, dust=false
[11:10:39.880] INFO (17898): Wallet sync [3627]: shielded=false, unshielded=true, dust=false
[11:10:40.078] INFO (17898): Wallet sync [3628]: shielded=false, unshielded=true, dust=false
[11:10:40.279] INFO (17898): Wallet sync [3629]: shielded=false, unshielded=true, dust=false
[11:10:40.404] INFO (17898): Wallet sync [3630]: shielded=false, unshielded=true, dust=false
[11:10:40.561] INFO (17898): Wallet sync [3631]: shielded=false, unshielded=true, dust=false
[11:10:40.627] INFO (17898): Wallet sync [3632]: shielded=false, unshielded=true, dust=false
[11:10:40.722] INFO (17898): Wallet sync [3633]: shielded=false, unshielded=true, dust=false
[11:10:40.805] INFO (17898): Wallet sync [3634]: shielded=false, unshielded=true, dust=false
[11:10:40.859] INFO (17898): Wallet sync [3635]: shielded=false, unshielded=true, dust=false
[11:10:40.945] INFO (17898): Wallet sync [3636]: shielded=false, unshielded=true, dust=false
[11:10:41.027] INFO (17898): Wallet sync [3637]: shielded=false, unshielded=true, dust=false
[11:10:41.096] INFO (17898): Wallet sync [3638]: shielded=false, unshielded=true, dust=false
[11:10:41.153] INFO (17898): Wallet sync [3639]: shielded=false, unshielded=true, dust=false
[11:10:41.211] INFO (17898): Wallet sync [3640]: shielded=false, unshielded=true, dust=false
[11:10:41.271] INFO (17898): Wallet sync [3641]: shielded=false, unshielded=true, dust=false
[11:10:41.408] INFO (17898): Wallet sync [3642]: shielded=false, unshielded=true, dust=false
[11:10:41.471] INFO (17898): Wallet sync [3643]: shielded=false, unshielded=true, dust=false
[11:10:41.523] INFO (17898): Wallet sync [3644]: shielded=false, unshielded=true, dust=false
[11:10:41.599] INFO (17898): Wallet sync [3645]: shielded=false, unshielded=true, dust=false
[11:10:41.663] INFO (17898): Wallet sync [3646]: shielded=false, unshielded=true, dust=false
[11:10:41.715] INFO (17898): Wallet sync [3647]: shielded=false, unshielded=true, dust=false
[11:10:41.794] INFO (17898): Wallet sync [3648]: shielded=false, unshielded=true, dust=false
[11:10:41.872] INFO (17898): Wallet sync [3649]: shielded=false, unshielded=true, dust=false
[11:10:41.920] INFO (17898): Wallet sync [3650]: shielded=false, unshielded=true, dust=false
[11:10:41.987] INFO (17898): Wallet sync [3651]: shielded=false, unshielded=true, dust=false
[11:10:42.021] INFO (17898): Wallet sync [3652]: shielded=false, unshielded=true, dust=false
[11:10:42.093] INFO (17898): Wallet sync [3653]: shielded=false, unshielded=true, dust=false
[11:10:42.153] INFO (17898): Wallet sync [3654]: shielded=false, unshielded=true, dust=false
[11:10:42.219] INFO (17898): Wallet sync [3655]: shielded=false, unshielded=true, dust=false
[11:10:42.270] INFO (17898): Wallet sync [3656]: shielded=false, unshielded=true, dust=false
[11:10:42.359] INFO (17898): Wallet sync [3657]: shielded=false, unshielded=true, dust=false
[11:10:42.405] INFO (17898): Wallet sync [3658]: shielded=false, unshielded=true, dust=false
[11:10:42.461] INFO (17898): Wallet sync [3659]: shielded=false, unshielded=true, dust=false
[11:10:42.523] INFO (17898): Wallet sync [3660]: shielded=false, unshielded=true, dust=false
[11:10:42.576] INFO (17898): Wallet sync [3661]: shielded=false, unshielded=true, dust=false
[11:10:42.620] INFO (17898): Wallet sync [3662]: shielded=false, unshielded=true, dust=false
[11:10:42.750] INFO (17898): Wallet sync [3663]: shielded=false, unshielded=true, dust=false
[11:10:42.795] INFO (17898): Wallet sync [3664]: shielded=false, unshielded=true, dust=false
[11:10:42.840] INFO (17898): Wallet sync [3665]: shielded=false, unshielded=true, dust=false
[11:10:42.880] INFO (17898): Wallet sync [3666]: shielded=false, unshielded=true, dust=false
[11:10:43.023] INFO (17898): Wallet sync [3667]: shielded=false, unshielded=true, dust=false
[11:10:43.203] INFO (17898): Wallet sync [3668]: shielded=false, unshielded=true, dust=false
[11:10:43.342] INFO (17898): Wallet sync [3669]: shielded=false, unshielded=true, dust=false
[11:10:43.427] INFO (17898): Wallet sync [3670]: shielded=false, unshielded=true, dust=false
[11:10:43.501] INFO (17898): Wallet sync [3671]: shielded=false, unshielded=true, dust=false
[11:10:43.621] INFO (17898): Wallet sync [3672]: shielded=false, unshielded=true, dust=false
[11:10:43.727] INFO (17898): Wallet sync [3673]: shielded=false, unshielded=true, dust=false
[11:10:43.839] INFO (17898): Wallet sync [3674]: shielded=false, unshielded=true, dust=false
[11:10:43.993] INFO (17898): Wallet sync [3675]: shielded=false, unshielded=true, dust=false
[11:10:44.094] INFO (17898): Wallet sync [3676]: shielded=false, unshielded=true, dust=false
[11:10:44.172] INFO (17898): Wallet sync [3677]: shielded=false, unshielded=true, dust=false
[11:10:44.261] INFO (17898): Wallet sync [3678]: shielded=false, unshielded=true, dust=false
[11:10:44.339] INFO (17898): Wallet sync [3679]: shielded=false, unshielded=true, dust=false
[11:10:44.404] INFO (17898): Wallet sync [3680]: shielded=false, unshielded=true, dust=false
[11:10:44.459] INFO (17898): Wallet sync [3681]: shielded=false, unshielded=true, dust=false
[11:10:44.528] INFO (17898): Wallet sync [3682]: shielded=false, unshielded=true, dust=false
[11:10:44.618] INFO (17898): Wallet sync [3683]: shielded=false, unshielded=true, dust=false
[11:10:44.678] INFO (17898): Wallet sync [3684]: shielded=false, unshielded=true, dust=false
[11:10:44.715] INFO (17898): Wallet sync [3685]: shielded=false, unshielded=true, dust=false
[11:10:44.788] INFO (17898): Wallet sync [3686]: shielded=false, unshielded=true, dust=false
[11:10:44.828] INFO (17898): Wallet sync [3687]: shielded=false, unshielded=true, dust=false
[11:10:44.863] INFO (17898): Wallet sync [3688]: shielded=false, unshielded=true, dust=false
[11:10:44.926] INFO (17898): Wallet sync [3689]: shielded=false, unshielded=true, dust=false
[11:10:44.974] INFO (17898): Wallet sync [3690]: shielded=false, unshielded=true, dust=false
[11:10:45.018] INFO (17898): Wallet sync [3691]: shielded=false, unshielded=true, dust=false
[11:10:45.110] INFO (17898): Wallet sync [3692]: shielded=false, unshielded=true, dust=false
[11:10:45.190] INFO (17898): Wallet sync [3693]: shielded=false, unshielded=true, dust=false
[11:10:45.255] INFO (17898): Wallet sync [3694]: shielded=false, unshielded=true, dust=false
[11:10:45.365] INFO (17898): Wallet sync [3695]: shielded=false, unshielded=true, dust=false
[11:10:45.503] INFO (17898): Wallet sync [3696]: shielded=false, unshielded=true, dust=false
[11:10:45.709] INFO (17898): Wallet sync [3697]: shielded=false, unshielded=true, dust=false
[11:10:45.813] INFO (17898): Wallet sync [3698]: shielded=false, unshielded=true, dust=false
[11:10:45.887] INFO (17898): Wallet sync [3699]: shielded=false, unshielded=true, dust=false
[11:10:45.967] INFO (17898): Wallet sync [3700]: shielded=false, unshielded=true, dust=false
[11:10:46.045] INFO (17898): Wallet sync [3701]: shielded=false, unshielded=true, dust=false
[11:10:46.094] INFO (17898): Wallet sync [3702]: shielded=false, unshielded=true, dust=false
[11:10:46.195] INFO (17898): Wallet sync [3703]: shielded=false, unshielded=true, dust=false
[11:10:46.244] INFO (17898): Wallet sync [3704]: shielded=false, unshielded=true, dust=false
[11:10:46.315] INFO (17898): Wallet sync [3705]: shielded=false, unshielded=true, dust=false
[11:10:46.387] INFO (17898): Wallet sync [3706]: shielded=false, unshielded=true, dust=false
[11:10:46.447] INFO (17898): Wallet sync [3707]: shielded=false, unshielded=true, dust=false
[11:10:46.538] INFO (17898): Wallet sync [3708]: shielded=false, unshielded=true, dust=false
[11:10:46.595] INFO (17898): Wallet sync [3709]: shielded=false, unshielded=true, dust=false
[11:10:46.656] INFO (17898): Wallet sync [3710]: shielded=false, unshielded=true, dust=false
[11:10:46.709] INFO (17898): Wallet sync [3711]: shielded=false, unshielded=true, dust=false
[11:10:46.747] INFO (17898): Wallet sync [3712]: shielded=false, unshielded=true, dust=false
[11:10:46.795] INFO (17898): Wallet sync [3713]: shielded=false, unshielded=true, dust=false
[11:10:46.824] INFO (17898): Wallet sync [3714]: shielded=false, unshielded=true, dust=false
[11:10:46.888] INFO (17898): Wallet sync [3715]: shielded=false, unshielded=true, dust=false
[11:10:46.980] INFO (17898): Wallet sync [3716]: shielded=false, unshielded=true, dust=false
[11:10:47.032] INFO (17898): Wallet sync [3717]: shielded=false, unshielded=true, dust=false
[11:10:47.156] INFO (17898): Wallet sync [3718]: shielded=false, unshielded=true, dust=false
[11:10:47.270] INFO (17898): Wallet sync [3719]: shielded=false, unshielded=true, dust=false
[11:10:47.404] INFO (17898): Wallet sync [3720]: shielded=false, unshielded=true, dust=false
[11:10:47.499] INFO (17898): Wallet sync [3721]: shielded=false, unshielded=true, dust=false
[11:10:47.615] INFO (17898): Wallet sync [3722]: shielded=false, unshielded=true, dust=false
[11:10:47.678] INFO (17898): Wallet sync [3723]: shielded=false, unshielded=true, dust=false
[11:10:47.764] INFO (17898): Wallet sync [3724]: shielded=false, unshielded=true, dust=false
[11:10:47.813] INFO (17898): Wallet sync [3725]: shielded=false, unshielded=true, dust=false
[11:10:47.875] INFO (17898): Wallet sync [3726]: shielded=false, unshielded=true, dust=false
[11:10:47.942] INFO (17898): Wallet sync [3727]: shielded=false, unshielded=true, dust=false
[11:10:47.997] INFO (17898): Wallet sync [3728]: shielded=false, unshielded=true, dust=false
[11:10:48.040] INFO (17898): Wallet sync [3729]: shielded=false, unshielded=true, dust=false
[11:10:48.073] INFO (17898): Wallet sync [3730]: shielded=false, unshielded=true, dust=false
[11:10:48.182] INFO (17898): Wallet sync [3731]: shielded=false, unshielded=true, dust=false
[11:10:48.265] INFO (17898): Wallet sync [3732]: shielded=false, unshielded=true, dust=false
[11:10:48.414] INFO (17898): Wallet sync [3733]: shielded=false, unshielded=true, dust=false
[11:10:48.565] INFO (17898): Wallet sync [3734]: shielded=false, unshielded=true, dust=false
[11:10:48.669] INFO (17898): Wallet sync [3735]: shielded=false, unshielded=true, dust=false
[11:10:48.707] INFO (17898): Wallet sync [3736]: shielded=false, unshielded=true, dust=false
[11:10:48.759] INFO (17898): Wallet sync [3737]: shielded=false, unshielded=true, dust=false
[11:10:48.818] INFO (17898): Wallet sync [3738]: shielded=false, unshielded=true, dust=false
[11:10:48.859] INFO (17898): Wallet sync [3739]: shielded=false, unshielded=true, dust=false
[11:10:48.941] INFO (17898): Wallet sync [3740]: shielded=false, unshielded=true, dust=false
[11:10:49.011] INFO (17898): Wallet sync [3741]: shielded=false, unshielded=true, dust=false
[11:10:49.054] INFO (17898): Wallet sync [3742]: shielded=false, unshielded=true, dust=false
[11:10:49.107] INFO (17898): Wallet sync [3743]: shielded=false, unshielded=true, dust=false
[11:10:49.165] INFO (17898): Wallet sync [3744]: shielded=false, unshielded=true, dust=false
[11:10:49.241] INFO (17898): Wallet sync [3745]: shielded=false, unshielded=true, dust=false
[11:10:49.346] INFO (17898): Wallet sync [3746]: shielded=false, unshielded=true, dust=false
[11:10:49.420] INFO (17898): Wallet sync [3747]: shielded=false, unshielded=true, dust=false
[11:10:49.488] INFO (17898): Wallet sync [3748]: shielded=false, unshielded=true, dust=false
[11:10:49.530] INFO (17898): Wallet sync [3749]: shielded=false, unshielded=true, dust=false
[11:10:49.622] INFO (17898): Wallet sync [3750]: shielded=false, unshielded=true, dust=false
[11:10:49.672] INFO (17898): Wallet sync [3751]: shielded=false, unshielded=true, dust=false
[11:10:49.728] INFO (17898): Wallet sync [3752]: shielded=false, unshielded=true, dust=false
[11:10:49.826] INFO (17898): Wallet sync [3753]: shielded=false, unshielded=true, dust=false
[11:10:49.912] INFO (17898): Wallet sync [3754]: shielded=false, unshielded=true, dust=false
[11:10:50.009] INFO (17898): Wallet sync [3755]: shielded=false, unshielded=true, dust=false
[11:10:50.060] INFO (17898): Wallet sync [3756]: shielded=false, unshielded=true, dust=false
[11:10:50.099] INFO (17898): Wallet sync [3757]: shielded=false, unshielded=true, dust=false
[11:10:50.140] INFO (17898): Wallet sync [3758]: shielded=false, unshielded=true, dust=false
[11:10:50.207] INFO (17898): Wallet sync [3759]: shielded=false, unshielded=true, dust=false
[11:10:50.261] INFO (17898): Wallet sync [3760]: shielded=false, unshielded=true, dust=false
[11:10:50.345] INFO (17898): Wallet sync [3761]: shielded=false, unshielded=true, dust=false
[11:10:50.423] INFO (17898): Wallet sync [3762]: shielded=false, unshielded=true, dust=false
[11:10:50.496] INFO (17898): Wallet sync [3763]: shielded=false, unshielded=true, dust=false
[11:10:50.559] INFO (17898): Wallet sync [3764]: shielded=false, unshielded=true, dust=false
[11:10:50.630] INFO (17898): Wallet sync [3765]: shielded=false, unshielded=true, dust=false
[11:10:50.722] INFO (17898): Wallet sync [3766]: shielded=false, unshielded=true, dust=false
[11:10:50.893] INFO (17898): Wallet sync [3767]: shielded=false, unshielded=true, dust=false
[11:10:50.994] INFO (17898): Wallet sync [3768]: shielded=false, unshielded=true, dust=false
[11:10:51.064] INFO (17898): Wallet sync [3769]: shielded=false, unshielded=true, dust=false
[11:10:51.187] INFO (17898): Wallet sync [3770]: shielded=false, unshielded=true, dust=false
[11:10:51.276] INFO (17898): Wallet sync [3771]: shielded=false, unshielded=true, dust=false
[11:10:51.368] INFO (17898): Wallet sync [3772]: shielded=false, unshielded=true, dust=false
[11:10:51.530] INFO (17898): Wallet sync [3773]: shielded=false, unshielded=true, dust=false
[11:10:51.604] INFO (17898): Wallet sync [3774]: shielded=false, unshielded=true, dust=false
[11:10:51.686] INFO (17898): Wallet sync [3775]: shielded=false, unshielded=true, dust=false
[11:10:51.726] INFO (17898): Wallet sync [3776]: shielded=false, unshielded=true, dust=false
[11:10:51.812] INFO (17898): Wallet sync [3777]: shielded=false, unshielded=true, dust=false
[11:10:51.882] INFO (17898): Wallet sync [3778]: shielded=false, unshielded=true, dust=false
[11:10:51.939] INFO (17898): Wallet sync [3779]: shielded=false, unshielded=true, dust=false
[11:10:51.990] INFO (17898): Wallet sync [3780]: shielded=false, unshielded=true, dust=false
[11:10:52.065] INFO (17898): Wallet sync [3781]: shielded=false, unshielded=true, dust=false
[11:10:52.108] INFO (17898): Wallet sync [3782]: shielded=false, unshielded=true, dust=false
[11:10:52.181] INFO (17898): Wallet sync [3783]: shielded=false, unshielded=true, dust=false
[11:10:52.221] INFO (17898): Wallet sync [3784]: shielded=false, unshielded=true, dust=false
[11:10:52.262] INFO (17898): Wallet sync [3785]: shielded=false, unshielded=true, dust=false
[11:10:52.359] INFO (17898): Wallet sync [3786]: shielded=false, unshielded=true, dust=false
[11:10:52.416] INFO (17898): Wallet sync [3787]: shielded=false, unshielded=true, dust=false
[11:10:52.458] INFO (17898): Wallet sync [3788]: shielded=false, unshielded=true, dust=false
[11:10:52.507] INFO (17898): Wallet sync [3789]: shielded=false, unshielded=true, dust=false
[11:10:52.548] INFO (17898): Wallet sync [3790]: shielded=false, unshielded=true, dust=false
[11:10:52.624] INFO (17898): Wallet sync [3791]: shielded=false, unshielded=true, dust=false
[11:10:52.676] INFO (17898): Wallet sync [3792]: shielded=false, unshielded=true, dust=false
[11:10:52.712] INFO (17898): Wallet sync [3793]: shielded=false, unshielded=true, dust=false
[11:10:52.751] INFO (17898): Wallet sync [3794]: shielded=false, unshielded=true, dust=false
[11:10:52.831] INFO (17898): Wallet sync [3795]: shielded=false, unshielded=true, dust=false
[11:10:52.894] INFO (17898): Wallet sync [3796]: shielded=false, unshielded=true, dust=false
[11:10:52.959] INFO (17898): Wallet sync [3797]: shielded=false, unshielded=true, dust=false
[11:10:53.037] INFO (17898): Wallet sync [3798]: shielded=false, unshielded=true, dust=false
[11:10:53.112] INFO (17898): Wallet sync [3799]: shielded=false, unshielded=true, dust=false
[11:10:53.165] INFO (17898): Wallet sync [3800]: shielded=false, unshielded=true, dust=false
[11:10:53.224] INFO (17898): Wallet sync [3801]: shielded=false, unshielded=true, dust=false
[11:10:53.272] INFO (17898): Wallet sync [3802]: shielded=false, unshielded=true, dust=false
[11:10:53.343] INFO (17898): Wallet sync [3803]: shielded=false, unshielded=true, dust=false
[11:10:53.390] INFO (17898): Wallet sync [3804]: shielded=false, unshielded=true, dust=false
[11:10:53.443] INFO (17898): Wallet sync [3805]: shielded=false, unshielded=true, dust=false
[11:10:53.491] INFO (17898): Wallet sync [3806]: shielded=false, unshielded=true, dust=false
[11:10:53.556] INFO (17898): Wallet sync [3807]: shielded=false, unshielded=true, dust=false
[11:10:53.610] INFO (17898): Wallet sync [3808]: shielded=false, unshielded=true, dust=false
[11:10:53.687] INFO (17898): Wallet sync [3809]: shielded=false, unshielded=true, dust=false
[11:10:53.731] INFO (17898): Wallet sync [3810]: shielded=false, unshielded=true, dust=false
[11:10:53.868] INFO (17898): Wallet sync [3811]: shielded=false, unshielded=true, dust=false
[11:10:53.911] INFO (17898): Wallet sync [3812]: shielded=false, unshielded=true, dust=false
[11:10:53.968] INFO (17898): Wallet sync [3813]: shielded=false, unshielded=true, dust=false
[11:10:54.030] INFO (17898): Wallet sync [3814]: shielded=false, unshielded=true, dust=false
[11:10:54.081] INFO (17898): Wallet sync [3815]: shielded=false, unshielded=true, dust=false
[11:10:54.131] INFO (17898): Wallet sync [3816]: shielded=false, unshielded=true, dust=false
[11:10:54.232] INFO (17898): Wallet sync [3817]: shielded=false, unshielded=true, dust=false
[11:10:54.310] INFO (17898): Wallet sync [3818]: shielded=false, unshielded=true, dust=false
[11:10:54.502] INFO (17898): Wallet sync [3819]: shielded=false, unshielded=true, dust=false
[11:10:54.561] INFO (17898): Wallet sync [3820]: shielded=false, unshielded=true, dust=false
[11:10:54.609] INFO (17898): Wallet sync [3821]: shielded=false, unshielded=true, dust=false
[11:10:54.655] INFO (17898): Wallet sync [3822]: shielded=false, unshielded=true, dust=false
[11:10:54.689] INFO (17898): Wallet sync [3823]: shielded=false, unshielded=true, dust=false
[11:10:54.744] INFO (17898): Wallet sync [3824]: shielded=false, unshielded=true, dust=false
[11:10:54.822] INFO (17898): Wallet sync [3825]: shielded=false, unshielded=true, dust=false
[11:10:54.873] INFO (17898): Wallet sync [3826]: shielded=false, unshielded=true, dust=false
[11:10:54.991] INFO (17898): Wallet sync [3827]: shielded=false, unshielded=true, dust=false
[11:10:55.042] INFO (17898): Wallet sync [3828]: shielded=false, unshielded=true, dust=false
[11:10:55.086] INFO (17898): Wallet sync [3829]: shielded=false, unshielded=true, dust=false
[11:10:55.125] INFO (17898): Wallet sync [3830]: shielded=false, unshielded=true, dust=false
[11:10:55.166] INFO (17898): Wallet sync [3831]: shielded=false, unshielded=true, dust=false
[11:10:55.197] INFO (17898): Wallet sync [3832]: shielded=false, unshielded=true, dust=false
[11:10:55.242] INFO (17898): Wallet sync [3833]: shielded=false, unshielded=true, dust=false
[11:10:55.307] INFO (17898): Wallet sync [3834]: shielded=false, unshielded=true, dust=false
[11:10:55.379] INFO (17898): Wallet sync [3835]: shielded=false, unshielded=true, dust=false
[11:10:55.445] INFO (17898): Wallet sync [3836]: shielded=false, unshielded=true, dust=false
[11:10:55.483] INFO (17898): Wallet sync [3837]: shielded=false, unshielded=true, dust=false
[11:10:55.514] INFO (17898): Wallet sync [3838]: shielded=false, unshielded=true, dust=false
[11:10:55.556] INFO (17898): Wallet sync [3839]: shielded=false, unshielded=true, dust=false
[11:10:55.596] INFO (17898): Wallet sync [3840]: shielded=false, unshielded=true, dust=false
[11:10:55.646] INFO (17898): Wallet sync [3841]: shielded=false, unshielded=true, dust=false
[11:10:55.680] INFO (17898): Wallet sync [3842]: shielded=false, unshielded=true, dust=false
[11:10:55.762] INFO (17898): Wallet sync [3843]: shielded=false, unshielded=true, dust=false
[11:10:55.809] INFO (17898): Wallet sync [3844]: shielded=false, unshielded=true, dust=false
[11:10:55.933] INFO (17898): Wallet sync [3845]: shielded=false, unshielded=true, dust=false
[11:10:55.966] INFO (17898): Wallet sync [3846]: shielded=false, unshielded=true, dust=false
[11:10:55.972] INFO (17898): Wallet sync [3847]: shielded=false, unshielded=true, dust=false
[11:10:56.001] INFO (17898): Wallet sync [3848]: shielded=false, unshielded=true, dust=false
[11:10:56.058] INFO (17898): Wallet sync [3849]: shielded=false, unshielded=true, dust=false
[11:10:56.112] INFO (17898): Wallet sync [3850]: shielded=false, unshielded=true, dust=false
[11:10:56.144] INFO (17898): Wallet sync [3851]: shielded=false, unshielded=true, dust=false
[11:10:56.186] INFO (17898): Wallet sync [3852]: shielded=false, unshielded=true, dust=false
[11:10:56.228] INFO (17898): Wallet sync [3853]: shielded=false, unshielded=true, dust=false
[11:10:56.295] INFO (17898): Wallet sync [3854]: shielded=false, unshielded=true, dust=false
[11:10:56.362] INFO (17898): Wallet sync [3855]: shielded=false, unshielded=true, dust=false
[11:10:56.448] INFO (17898): Wallet sync [3856]: shielded=false, unshielded=true, dust=false
[11:10:56.494] INFO (17898): Wallet sync [3857]: shielded=false, unshielded=true, dust=false
[11:10:56.533] INFO (17898): Wallet sync [3858]: shielded=false, unshielded=true, dust=false
[11:10:56.578] INFO (17898): Wallet sync [3859]: shielded=false, unshielded=true, dust=false
[11:10:56.625] INFO (17898): Wallet sync [3860]: shielded=false, unshielded=true, dust=false
[11:10:56.696] INFO (17898): Wallet sync [3861]: shielded=false, unshielded=true, dust=false
[11:10:56.759] INFO (17898): Wallet sync [3862]: shielded=false, unshielded=true, dust=false
[11:10:56.818] INFO (17898): Wallet sync [3863]: shielded=false, unshielded=true, dust=false
[11:10:56.913] INFO (17898): Wallet sync [3864]: shielded=false, unshielded=true, dust=false
[11:10:56.964] INFO (17898): Wallet sync [3865]: shielded=false, unshielded=true, dust=false
[11:10:57.032] INFO (17898): Wallet sync [3866]: shielded=false, unshielded=true, dust=false
[11:10:57.086] INFO (17898): Wallet sync [3867]: shielded=false, unshielded=true, dust=false
[11:10:57.125] INFO (17898): Wallet sync [3868]: shielded=false, unshielded=true, dust=false
[11:10:57.179] INFO (17898): Wallet sync [3869]: shielded=false, unshielded=true, dust=false
[11:10:57.244] INFO (17898): Wallet sync [3870]: shielded=false, unshielded=true, dust=false
[11:10:57.321] INFO (17898): Wallet sync [3871]: shielded=false, unshielded=true, dust=false
[11:10:57.364] INFO (17898): Wallet sync [3872]: shielded=false, unshielded=true, dust=false
[11:10:57.403] INFO (17898): Wallet sync [3873]: shielded=false, unshielded=true, dust=false
[11:10:57.477] INFO (17898): Wallet sync [3874]: shielded=false, unshielded=true, dust=false
[11:10:57.525] INFO (17898): Wallet sync [3875]: shielded=false, unshielded=true, dust=false
[11:10:57.591] INFO (17898): Wallet sync [3876]: shielded=false, unshielded=true, dust=false
[11:10:57.637] INFO (17898): Wallet sync [3877]: shielded=false, unshielded=true, dust=false
[11:10:57.708] INFO (17898): Wallet sync [3878]: shielded=false, unshielded=true, dust=false
[11:10:57.766] INFO (17898): Wallet sync [3879]: shielded=false, unshielded=true, dust=false
[11:10:57.894] INFO (17898): Wallet sync [3880]: shielded=false, unshielded=true, dust=false
[11:10:58.038] INFO (17898): Wallet sync [3881]: shielded=false, unshielded=true, dust=false
[11:10:58.074] INFO (17898): Wallet sync [3882]: shielded=false, unshielded=true, dust=false
[11:10:58.129] INFO (17898): Wallet sync [3883]: shielded=false, unshielded=true, dust=false
[11:10:58.217] INFO (17898): Wallet sync [3884]: shielded=false, unshielded=true, dust=false
[11:10:58.244] INFO (17898): Wallet sync [3885]: shielded=false, unshielded=true, dust=false
[11:10:58.282] INFO (17898): Wallet sync [3886]: shielded=false, unshielded=true, dust=false
[11:10:58.355] INFO (17898): Wallet sync [3887]: shielded=false, unshielded=true, dust=false
[11:10:58.405] INFO (17898): Wallet sync [3888]: shielded=false, unshielded=true, dust=false
[11:10:58.507] INFO (17898): Wallet sync [3889]: shielded=false, unshielded=true, dust=false
[11:10:58.591] INFO (17898): Wallet sync [3890]: shielded=false, unshielded=true, dust=false
[11:10:58.651] INFO (17898): Wallet sync [3891]: shielded=false, unshielded=true, dust=false
[11:10:58.712] INFO (17898): Wallet sync [3892]: shielded=false, unshielded=true, dust=false
[11:10:58.787] INFO (17898): Wallet sync [3893]: shielded=false, unshielded=true, dust=false
[11:10:58.830] INFO (17898): Wallet sync [3894]: shielded=false, unshielded=true, dust=false
[11:10:58.877] INFO (17898): Wallet sync [3895]: shielded=false, unshielded=true, dust=false
[11:10:58.938] INFO (17898): Wallet sync [3896]: shielded=false, unshielded=true, dust=false
[11:10:58.967] INFO (17898): Wallet sync [3897]: shielded=false, unshielded=true, dust=false
[11:10:59.032] INFO (17898): Wallet sync [3898]: shielded=false, unshielded=true, dust=false
[11:10:59.088] INFO (17898): Wallet sync [3899]: shielded=false, unshielded=true, dust=false
[11:10:59.126] INFO (17898): Wallet sync [3900]: shielded=false, unshielded=true, dust=false
[11:10:59.155] INFO (17898): Wallet sync [3901]: shielded=false, unshielded=true, dust=false
[11:10:59.191] INFO (17898): Wallet sync [3902]: shielded=false, unshielded=true, dust=false
[11:10:59.234] INFO (17898): Wallet sync [3903]: shielded=false, unshielded=true, dust=false
[11:10:59.301] INFO (17898): Wallet sync [3904]: shielded=false, unshielded=true, dust=false
[11:10:59.363] INFO (17898): Wallet sync [3905]: shielded=false, unshielded=true, dust=false
[11:10:59.409] INFO (17898): Wallet sync [3906]: shielded=false, unshielded=true, dust=false
[11:10:59.441] INFO (17898): Wallet sync [3907]: shielded=false, unshielded=true, dust=false
[11:10:59.506] INFO (17898): Wallet sync [3908]: shielded=false, unshielded=true, dust=false
[11:10:59.545] INFO (17898): Wallet sync [3909]: shielded=false, unshielded=true, dust=false
[11:10:59.591] INFO (17898): Wallet sync [3910]: shielded=false, unshielded=true, dust=false
[11:10:59.644] INFO (17898): Wallet sync [3911]: shielded=false, unshielded=true, dust=false
[11:10:59.693] INFO (17898): Wallet sync [3912]: shielded=false, unshielded=true, dust=false
[11:10:59.756] INFO (17898): Wallet sync [3913]: shielded=false, unshielded=true, dust=false
[11:10:59.795] INFO (17898): Wallet sync [3914]: shielded=false, unshielded=true, dust=false
[11:10:59.823] INFO (17898): Wallet sync [3915]: shielded=false, unshielded=true, dust=false
[11:10:59.892] INFO (17898): Wallet sync [3916]: shielded=false, unshielded=true, dust=false
[11:10:59.922] INFO (17898): Wallet sync [3917]: shielded=false, unshielded=true, dust=false
[11:10:59.974] INFO (17898): Wallet sync [3918]: shielded=false, unshielded=true, dust=false
[11:11:00.051] INFO (17898): Wallet sync [3919]: shielded=false, unshielded=true, dust=false
[11:11:00.101] INFO (17898): Wallet sync [3920]: shielded=false, unshielded=true, dust=false
[11:11:00.133] INFO (17898): Wallet sync [3921]: shielded=false, unshielded=true, dust=false
[11:11:00.169] INFO (17898): Wallet sync [3922]: shielded=false, unshielded=true, dust=false
[11:11:00.206] INFO (17898): Wallet sync [3923]: shielded=false, unshielded=true, dust=false
[11:11:00.276] INFO (17898): Wallet sync [3924]: shielded=false, unshielded=true, dust=false
[11:11:00.336] INFO (17898): Wallet sync [3925]: shielded=false, unshielded=true, dust=false
[11:11:00.411] INFO (17898): Wallet sync [3926]: shielded=false, unshielded=true, dust=false
[11:11:00.447] INFO (17898): Wallet sync [3927]: shielded=false, unshielded=true, dust=false
[11:11:00.521] INFO (17898): Wallet sync [3928]: shielded=false, unshielded=true, dust=false
[11:11:00.564] INFO (17898): Wallet sync [3929]: shielded=false, unshielded=true, dust=false
[11:11:00.658] INFO (17898): Wallet sync [3930]: shielded=false, unshielded=true, dust=false
[11:11:00.695] INFO (17898): Wallet sync [3931]: shielded=false, unshielded=true, dust=false
[11:11:00.776] INFO (17898): Wallet sync [3932]: shielded=false, unshielded=true, dust=false
[11:11:00.830] INFO (17898): Wallet sync [3933]: shielded=false, unshielded=true, dust=false
[11:11:00.901] INFO (17898): Wallet sync [3934]: shielded=false, unshielded=true, dust=false
[11:11:00.944] INFO (17898): Wallet sync [3935]: shielded=false, unshielded=true, dust=false
[11:11:01.027] INFO (17898): Wallet sync [3936]: shielded=false, unshielded=true, dust=false
[11:11:01.072] INFO (17898): Wallet sync [3937]: shielded=false, unshielded=true, dust=false
[11:11:01.157] INFO (17898): Wallet sync [3938]: shielded=false, unshielded=true, dust=false
[11:11:01.206] INFO (17898): Wallet sync [3939]: shielded=false, unshielded=true, dust=false
[11:11:01.266] INFO (17898): Wallet sync [3940]: shielded=false, unshielded=true, dust=false
[11:11:01.319] INFO (17898): Wallet sync [3941]: shielded=false, unshielded=true, dust=false
[11:11:01.422] INFO (17898): Wallet sync [3942]: shielded=false, unshielded=true, dust=false
[11:11:01.454] INFO (17898): Wallet sync [3943]: shielded=false, unshielded=true, dust=false
[11:11:01.505] INFO (17898): Wallet sync [3944]: shielded=false, unshielded=true, dust=false
[11:11:01.567] INFO (17898): Wallet sync [3945]: shielded=false, unshielded=true, dust=false
[11:11:01.641] INFO (17898): Wallet sync [3946]: shielded=false, unshielded=true, dust=false
[11:11:01.704] INFO (17898): Wallet sync [3947]: shielded=false, unshielded=true, dust=false
[11:11:01.780] INFO (17898): Wallet sync [3948]: shielded=false, unshielded=true, dust=false
[11:11:01.820] INFO (17898): Wallet sync [3949]: shielded=false, unshielded=true, dust=false
[11:11:01.897] INFO (17898): Wallet sync [3950]: shielded=false, unshielded=true, dust=false
[11:11:01.929] INFO (17898): Wallet sync [3951]: shielded=false, unshielded=true, dust=false
[11:11:02.019] INFO (17898): Wallet sync [3952]: shielded=false, unshielded=true, dust=false
[11:11:02.061] INFO (17898): Wallet sync [3953]: shielded=false, unshielded=true, dust=false
[11:11:02.155] INFO (17898): Wallet sync [3954]: shielded=false, unshielded=true, dust=false
[11:11:02.194] INFO (17898): Wallet sync [3955]: shielded=false, unshielded=true, dust=false
[11:11:02.244] INFO (17898): Wallet sync [3956]: shielded=false, unshielded=true, dust=false
[11:11:02.280] INFO (17898): Wallet sync [3957]: shielded=false, unshielded=true, dust=false
[11:11:02.359] INFO (17898): Wallet sync [3958]: shielded=false, unshielded=true, dust=false
[11:11:02.397] INFO (17898): Wallet sync [3959]: shielded=false, unshielded=true, dust=false
[11:11:02.461] INFO (17898): Wallet sync [3960]: shielded=false, unshielded=true, dust=false
[11:11:02.495] INFO (17898): Wallet sync [3961]: shielded=false, unshielded=true, dust=false
[11:11:02.539] INFO (17898): Wallet sync [3962]: shielded=false, unshielded=true, dust=false
[11:11:02.577] INFO (17898): Wallet sync [3963]: shielded=false, unshielded=true, dust=false
[11:11:02.618] INFO (17898): Wallet sync [3964]: shielded=false, unshielded=true, dust=false
[11:11:02.656] INFO (17898): Wallet sync [3965]: shielded=false, unshielded=true, dust=false
[11:11:02.708] INFO (17898): Wallet sync [3966]: shielded=false, unshielded=true, dust=false
[11:11:02.745] INFO (17898): Wallet sync [3967]: shielded=false, unshielded=true, dust=false
[11:11:02.785] INFO (17898): Wallet sync [3968]: shielded=false, unshielded=true, dust=false
[11:11:02.830] INFO (17898): Wallet sync [3969]: shielded=false, unshielded=true, dust=false
[11:11:02.893] INFO (17898): Wallet sync [3970]: shielded=false, unshielded=true, dust=false
[11:11:03.003] INFO (17898): Wallet sync [3971]: shielded=false, unshielded=true, dust=false
[11:11:03.054] INFO (17898): Wallet sync [3972]: shielded=false, unshielded=true, dust=false
[11:11:03.114] INFO (17898): Wallet sync [3973]: shielded=false, unshielded=true, dust=false
[11:11:03.170] INFO (17898): Wallet sync [3974]: shielded=false, unshielded=true, dust=false
[11:11:03.228] INFO (17898): Wallet sync [3975]: shielded=false, unshielded=true, dust=false
[11:11:03.279] INFO (17898): Wallet sync [3976]: shielded=false, unshielded=true, dust=false
[11:11:03.442] INFO (17898): Wallet sync [3977]: shielded=false, unshielded=true, dust=false
[11:11:03.508] INFO (17898): Wallet sync [3978]: shielded=false, unshielded=true, dust=false
[11:11:03.633] INFO (17898): Wallet sync [3979]: shielded=false, unshielded=true, dust=false
[11:11:03.868] INFO (17898): Wallet sync [3980]: shielded=false, unshielded=true, dust=false
[11:11:04.163] INFO (17898): Wallet sync [3981]: shielded=false, unshielded=true, dust=false
[11:11:04.351] INFO (17898): Wallet sync [3982]: shielded=false, unshielded=true, dust=false
[11:11:04.489] INFO (17898): Wallet sync [3983]: shielded=false, unshielded=true, dust=false
[11:11:04.546] INFO (17898): Wallet sync [3984]: shielded=false, unshielded=true, dust=false
[11:11:04.639] INFO (17898): Wallet sync [3985]: shielded=false, unshielded=true, dust=false
[11:11:04.694] INFO (17898): Wallet sync [3986]: shielded=false, unshielded=true, dust=false
[11:11:04.826] INFO (17898): Wallet sync [3987]: shielded=false, unshielded=true, dust=false
[11:11:04.864] INFO (17898): Wallet sync [3988]: shielded=false, unshielded=true, dust=false
[11:11:04.927] INFO (17898): Wallet sync [3989]: shielded=false, unshielded=true, dust=false
[11:11:04.968] INFO (17898): Wallet sync [3990]: shielded=false, unshielded=true, dust=false
[11:11:05.009] INFO (17898): Wallet sync [3991]: shielded=false, unshielded=true, dust=false
[11:11:05.050] INFO (17898): Wallet sync [3992]: shielded=false, unshielded=true, dust=false
[11:11:05.095] INFO (17898): Wallet sync [3993]: shielded=false, unshielded=true, dust=false
[11:11:05.133] INFO (17898): Wallet sync [3994]: shielded=false, unshielded=true, dust=false
[11:11:05.220] INFO (17898): Wallet sync [3995]: shielded=false, unshielded=true, dust=false
[11:11:05.321] INFO (17898): Wallet sync [3996]: shielded=false, unshielded=true, dust=false
[11:11:05.377] INFO (17898): Wallet sync [3997]: shielded=false, unshielded=true, dust=false
[11:11:05.474] INFO (17898): Wallet sync [3998]: shielded=false, unshielded=true, dust=false
[11:11:05.537] INFO (17898): Wallet sync [3999]: shielded=false, unshielded=true, dust=false
[11:11:05.621] INFO (17898): Wallet sync [4000]: shielded=false, unshielded=true, dust=false
[11:11:05.676] INFO (17898): Wallet sync [4001]: shielded=false, unshielded=true, dust=false
[11:11:05.808] INFO (17898): Wallet sync [4002]: shielded=false, unshielded=true, dust=false
[11:11:05.851] INFO (17898): Wallet sync [4003]: shielded=false, unshielded=true, dust=false
[11:11:05.937] INFO (17898): Wallet sync [4004]: shielded=false, unshielded=true, dust=false
[11:11:05.998] INFO (17898): Wallet sync [4005]: shielded=false, unshielded=true, dust=false
[11:11:06.132] INFO (17898): Wallet sync [4006]: shielded=false, unshielded=true, dust=false
[11:11:06.370] INFO (17898): Wallet sync [4007]: shielded=false, unshielded=true, dust=false
[11:11:06.545] INFO (17898): Wallet sync [4008]: shielded=false, unshielded=true, dust=false
[11:11:06.810] INFO (17898): Wallet sync [4009]: shielded=false, unshielded=true, dust=false
[11:11:06.999] INFO (17898): Wallet sync [4010]: shielded=false, unshielded=true, dust=false
[11:11:07.076] INFO (17898): Wallet sync [4011]: shielded=false, unshielded=true, dust=false
[11:11:07.354] INFO (17898): Wallet sync [4012]: shielded=false, unshielded=true, dust=false
[11:11:07.569] INFO (17898): Wallet sync [4013]: shielded=false, unshielded=true, dust=false
[11:11:07.864] INFO (17898): Wallet sync [4014]: shielded=false, unshielded=true, dust=false
[11:11:07.942] INFO (17898): Wallet sync [4015]: shielded=false, unshielded=true, dust=false
[11:11:08.012] INFO (17898): Wallet sync [4016]: shielded=false, unshielded=true, dust=false
[11:11:08.059] INFO (17898): Wallet sync [4017]: shielded=false, unshielded=true, dust=false
[11:11:08.123] INFO (17898): Wallet sync [4018]: shielded=false, unshielded=true, dust=false
[11:11:08.175] INFO (17898): Wallet sync [4019]: shielded=false, unshielded=true, dust=false
[11:11:08.296] INFO (17898): Wallet sync [4020]: shielded=false, unshielded=true, dust=false
[11:11:08.348] INFO (17898): Wallet sync [4021]: shielded=false, unshielded=true, dust=false
[11:11:08.427] INFO (17898): Wallet sync [4022]: shielded=false, unshielded=true, dust=false
[11:11:08.468] INFO (17898): Wallet sync [4023]: shielded=false, unshielded=true, dust=false
[11:11:08.572] INFO (17898): Wallet sync [4024]: shielded=false, unshielded=true, dust=false
[11:11:08.705] INFO (17898): Wallet sync [4025]: shielded=false, unshielded=true, dust=false
[11:11:08.826] INFO (17898): Wallet sync [4026]: shielded=false, unshielded=true, dust=false
[11:11:08.874] INFO (17898): Wallet sync [4027]: shielded=false, unshielded=true, dust=false
[11:11:08.963] INFO (17898): Wallet sync [4028]: shielded=false, unshielded=true, dust=false
[11:11:08.996] INFO (17898): Wallet sync [4029]: shielded=false, unshielded=true, dust=false
[11:11:09.038] INFO (17898): Wallet sync [4030]: shielded=false, unshielded=true, dust=false
[11:11:09.087] INFO (17898): Wallet sync [4031]: shielded=false, unshielded=true, dust=false
[11:11:09.191] INFO (17898): Wallet sync [4032]: shielded=false, unshielded=true, dust=false
[11:11:09.245] INFO (17898): Wallet sync [4033]: shielded=false, unshielded=true, dust=false
[11:11:09.346] INFO (17898): Wallet sync [4034]: shielded=false, unshielded=true, dust=false
[11:11:09.391] INFO (17898): Wallet sync [4035]: shielded=false, unshielded=true, dust=false
[11:11:09.510] INFO (17898): Wallet sync [4036]: shielded=false, unshielded=true, dust=false
[11:11:09.575] INFO (17898): Wallet sync [4037]: shielded=false, unshielded=true, dust=false
[11:11:09.669] INFO (17898): Wallet sync [4038]: shielded=false, unshielded=true, dust=false
[11:11:09.764] INFO (17898): Wallet sync [4039]: shielded=false, unshielded=true, dust=false
[11:11:09.830] INFO (17898): Wallet sync [4040]: shielded=false, unshielded=true, dust=false
[11:11:09.860] INFO (17898): Wallet sync [4041]: shielded=false, unshielded=true, dust=false
[11:11:09.950] INFO (17898): Wallet sync [4042]: shielded=false, unshielded=true, dust=false
[11:11:09.993] INFO (17898): Wallet sync [4043]: shielded=false, unshielded=true, dust=false
[11:11:10.054] INFO (17898): Wallet sync [4044]: shielded=false, unshielded=true, dust=false
[11:11:10.093] INFO (17898): Wallet sync [4045]: shielded=false, unshielded=true, dust=false
[11:11:10.199] INFO (17898): Wallet sync [4046]: shielded=false, unshielded=true, dust=false
[11:11:10.238] INFO (17898): Wallet sync [4047]: shielded=false, unshielded=true, dust=false
[11:11:10.308] INFO (17898): Wallet sync [4048]: shielded=false, unshielded=true, dust=false
[11:11:10.361] INFO (17898): Wallet sync [4049]: shielded=false, unshielded=true, dust=false
[11:11:10.401] INFO (17898): Wallet sync [4050]: shielded=false, unshielded=true, dust=false
[11:11:10.431] INFO (17898): Wallet sync [4051]: shielded=false, unshielded=true, dust=false
[11:11:10.473] INFO (17898): Wallet sync [4052]: shielded=false, unshielded=true, dust=false
[11:11:10.519] INFO (17898): Wallet sync [4053]: shielded=false, unshielded=true, dust=false
[11:11:10.555] INFO (17898): Wallet sync [4054]: shielded=false, unshielded=true, dust=false
[11:11:10.600] INFO (17898): Wallet sync [4055]: shielded=false, unshielded=true, dust=false
[11:11:10.651] INFO (17898): Wallet sync [4056]: shielded=false, unshielded=true, dust=false
[11:11:10.707] INFO (17898): Wallet sync [4057]: shielded=false, unshielded=true, dust=false
[11:11:10.751] INFO (17898): Wallet sync [4058]: shielded=false, unshielded=true, dust=false
[11:11:10.814] INFO (17898): Wallet sync [4059]: shielded=false, unshielded=true, dust=false
[11:11:10.849] INFO (17898): Wallet sync [4060]: shielded=false, unshielded=true, dust=false
[11:11:10.893] INFO (17898): Wallet sync [4061]: shielded=false, unshielded=true, dust=false
[11:11:10.961] INFO (17898): Wallet sync [4062]: shielded=false, unshielded=true, dust=false
[11:11:10.999] INFO (17898): Wallet sync [4063]: shielded=false, unshielded=true, dust=false
[11:11:11.055] INFO (17898): Wallet sync [4064]: shielded=false, unshielded=true, dust=false
[11:11:11.095] INFO (17898): Wallet sync [4065]: shielded=false, unshielded=true, dust=false
[11:11:11.135] INFO (17898): Wallet sync [4066]: shielded=false, unshielded=true, dust=false
[11:11:11.170] INFO (17898): Wallet sync [4067]: shielded=false, unshielded=true, dust=false
[11:11:11.209] INFO (17898): Wallet sync [4068]: shielded=false, unshielded=true, dust=false
[11:11:11.246] INFO (17898): Wallet sync [4069]: shielded=false, unshielded=true, dust=false
[11:11:11.285] INFO (17898): Wallet sync [4070]: shielded=false, unshielded=true, dust=false
[11:11:11.354] INFO (17898): Wallet sync [4071]: shielded=false, unshielded=true, dust=false
[11:11:11.417] INFO (17898): Wallet sync [4072]: shielded=false, unshielded=true, dust=false
[11:11:11.479] INFO (17898): Wallet sync [4073]: shielded=false, unshielded=true, dust=false
[11:11:11.527] INFO (17898): Wallet sync [4074]: shielded=false, unshielded=true, dust=false
[11:11:11.610] INFO (17898): Wallet sync [4075]: shielded=false, unshielded=true, dust=false
[11:11:11.777] INFO (17898): Wallet sync [4076]: shielded=false, unshielded=true, dust=false
[11:11:11.899] INFO (17898): Wallet sync [4077]: shielded=false, unshielded=true, dust=false
[11:11:11.955] INFO (17898): Wallet sync [4078]: shielded=false, unshielded=true, dust=false
[11:11:12.024] INFO (17898): Wallet sync [4079]: shielded=false, unshielded=true, dust=false
[11:11:12.187] INFO (17898): Wallet sync [4080]: shielded=false, unshielded=true, dust=false
[11:11:12.363] INFO (17898): Wallet sync [4081]: shielded=false, unshielded=true, dust=false
[11:11:12.465] INFO (17898): Wallet sync [4082]: shielded=false, unshielded=true, dust=false
[11:11:12.640] INFO (17898): Wallet sync [4083]: shielded=false, unshielded=true, dust=false
[11:11:12.833] INFO (17898): Wallet sync [4084]: shielded=false, unshielded=true, dust=false
[11:11:12.913] INFO (17898): Wallet sync [4085]: shielded=false, unshielded=true, dust=false
[11:11:13.071] INFO (17898): Wallet sync [4086]: shielded=false, unshielded=true, dust=false
[11:11:13.130] INFO (17898): Wallet sync [4087]: shielded=false, unshielded=true, dust=false
[11:11:13.272] INFO (17898): Wallet sync [4088]: shielded=false, unshielded=true, dust=false
[11:11:13.320] INFO (17898): Wallet sync [4089]: shielded=false, unshielded=true, dust=false
[11:11:13.421] INFO (17898): Wallet sync [4090]: shielded=false, unshielded=true, dust=false
[11:11:13.456] INFO (17898): Wallet sync [4091]: shielded=false, unshielded=true, dust=false
[11:11:13.561] INFO (17898): Wallet sync [4092]: shielded=false, unshielded=true, dust=false
[11:11:13.609] INFO (17898): Wallet sync [4093]: shielded=false, unshielded=true, dust=false
[11:11:13.715] INFO (17898): Wallet sync [4094]: shielded=false, unshielded=true, dust=false
[11:11:13.764] INFO (17898): Wallet sync [4095]: shielded=false, unshielded=true, dust=false
[11:11:13.861] INFO (17898): Wallet sync [4096]: shielded=false, unshielded=true, dust=false
[11:11:13.918] INFO (17898): Wallet sync [4097]: shielded=false, unshielded=true, dust=false
[11:11:13.965] INFO (17898): Wallet sync [4098]: shielded=false, unshielded=true, dust=false
[11:11:14.029] INFO (17898): Wallet sync [4099]: shielded=false, unshielded=true, dust=false
[11:11:14.069] INFO (17898): Wallet sync [4100]: shielded=false, unshielded=true, dust=false
[11:11:14.126] INFO (17898): Wallet sync [4101]: shielded=false, unshielded=true, dust=false
[11:11:14.163] INFO (17898): Wallet sync [4102]: shielded=false, unshielded=true, dust=false
[11:11:14.219] INFO (17898): Wallet sync [4103]: shielded=false, unshielded=true, dust=false
[11:11:14.264] INFO (17898): Wallet sync [4104]: shielded=false, unshielded=true, dust=false
[11:11:14.346] INFO (17898): Wallet sync [4105]: shielded=false, unshielded=true, dust=false
[11:11:14.412] INFO (17898): Wallet sync [4106]: shielded=false, unshielded=true, dust=false
[11:11:14.497] INFO (17898): Wallet sync [4107]: shielded=false, unshielded=true, dust=false
[11:11:14.541] INFO (17898): Wallet sync [4108]: shielded=false, unshielded=true, dust=false
[11:11:14.594] INFO (17898): Wallet sync [4109]: shielded=false, unshielded=true, dust=false
[11:11:14.673] INFO (17898): Wallet sync [4110]: shielded=false, unshielded=true, dust=false
[11:11:14.723] INFO (17898): Wallet sync [4111]: shielded=false, unshielded=true, dust=false
[11:11:14.836] INFO (17898): Wallet sync [4112]: shielded=false, unshielded=true, dust=false
[11:11:14.889] INFO (17898): Wallet sync [4113]: shielded=false, unshielded=true, dust=false
[11:11:15.024] INFO (17898): Wallet sync [4114]: shielded=false, unshielded=true, dust=false
[11:11:15.189] INFO (17898): Wallet sync [4115]: shielded=false, unshielded=true, dust=false
[11:11:15.332] INFO (17898): Wallet sync [4116]: shielded=false, unshielded=true, dust=false
[11:11:15.435] INFO (17898): Wallet sync [4117]: shielded=false, unshielded=true, dust=false
[11:11:15.541] INFO (17898): Wallet sync [4118]: shielded=false, unshielded=true, dust=false
[11:11:15.580] INFO (17898): Wallet sync [4119]: shielded=false, unshielded=true, dust=false
[11:11:15.652] INFO (17898): Wallet sync [4120]: shielded=false, unshielded=true, dust=false
[11:11:15.728] INFO (17898): Wallet sync [4121]: shielded=false, unshielded=true, dust=false
[11:11:15.766] INFO (17898): Wallet sync [4122]: shielded=false, unshielded=true, dust=false
[11:11:15.805] INFO (17898): Wallet sync [4123]: shielded=false, unshielded=true, dust=false
[11:11:15.828] INFO (17898): Wallet sync [4124]: shielded=false, unshielded=true, dust=false
[11:11:15.883] INFO (17898): Wallet sync [4125]: shielded=false, unshielded=true, dust=false
[11:11:15.905] INFO (17898): Wallet sync [4126]: shielded=false, unshielded=true, dust=false
[11:11:15.961] INFO (17898): Wallet sync [4127]: shielded=false, unshielded=true, dust=false
[11:11:15.992] INFO (17898): Wallet sync [4128]: shielded=false, unshielded=true, dust=false
[11:11:16.025] INFO (17898): Wallet sync [4129]: shielded=false, unshielded=true, dust=false
[11:11:16.127] INFO (17898): Wallet sync [4130]: shielded=false, unshielded=true, dust=false
[11:11:16.169] INFO (17898): Wallet sync [4131]: shielded=false, unshielded=true, dust=false
[11:11:16.268] INFO (17898): Wallet sync [4132]: shielded=false, unshielded=true, dust=false
[11:11:16.365] INFO (17898): Wallet sync [4133]: shielded=false, unshielded=true, dust=false
[11:11:16.495] INFO (17898): Wallet sync [4134]: shielded=false, unshielded=true, dust=false
[11:11:16.527] INFO (17898): Wallet sync [4135]: shielded=false, unshielded=true, dust=false
[11:11:16.618] INFO (17898): Wallet sync [4136]: shielded=false, unshielded=true, dust=false
[11:11:16.660] INFO (17898): Wallet sync [4137]: shielded=false, unshielded=true, dust=false
[11:11:16.750] INFO (17898): Wallet sync [4138]: shielded=false, unshielded=true, dust=false
[11:11:16.799] INFO (17898): Wallet sync [4139]: shielded=false, unshielded=true, dust=false
[11:11:16.898] INFO (17898): Wallet sync [4140]: shielded=false, unshielded=true, dust=false
[11:11:16.937] INFO (17898): Wallet sync [4141]: shielded=false, unshielded=true, dust=false
[11:11:17.047] INFO (17898): Wallet sync [4142]: shielded=false, unshielded=true, dust=false
[11:11:17.128] INFO (17898): Wallet sync [4143]: shielded=false, unshielded=true, dust=false
[11:11:17.195] INFO (17898): Wallet sync [4144]: shielded=false, unshielded=true, dust=false
[11:11:17.239] INFO (17898): Wallet sync [4145]: shielded=false, unshielded=true, dust=false
[11:11:17.287] INFO (17898): Wallet sync [4146]: shielded=false, unshielded=true, dust=false
[11:11:17.356] INFO (17898): Wallet sync [4147]: shielded=false, unshielded=true, dust=false
[11:11:17.458] INFO (17898): Wallet sync [4148]: shielded=false, unshielded=true, dust=false
[11:11:17.493] INFO (17898): Wallet sync [4149]: shielded=false, unshielded=true, dust=false
[11:11:17.579] INFO (17898): Wallet sync [4150]: shielded=false, unshielded=true, dust=false
[11:11:17.630] INFO (17898): Wallet sync [4151]: shielded=false, unshielded=true, dust=false
[11:11:17.687] INFO (17898): Wallet sync [4152]: shielded=false, unshielded=true, dust=false
[11:11:17.730] INFO (17898): Wallet sync [4153]: shielded=false, unshielded=true, dust=false
[11:11:17.778] INFO (17898): Wallet sync [4154]: shielded=false, unshielded=true, dust=false
[11:11:17.808] INFO (17898): Wallet sync [4155]: shielded=false, unshielded=true, dust=false
[11:11:17.877] INFO (17898): Wallet sync [4156]: shielded=false, unshielded=true, dust=false
[11:11:17.915] INFO (17898): Wallet sync [4157]: shielded=false, unshielded=true, dust=false
[11:11:18.000] INFO (17898): Wallet sync [4158]: shielded=false, unshielded=true, dust=false
[11:11:18.055] INFO (17898): Wallet sync [4159]: shielded=false, unshielded=true, dust=false
[11:11:18.112] INFO (17898): Wallet sync [4160]: shielded=false, unshielded=true, dust=false
[11:11:18.152] INFO (17898): Wallet sync [4161]: shielded=false, unshielded=true, dust=false
[11:11:18.194] INFO (17898): Wallet sync [4162]: shielded=false, unshielded=true, dust=false
[11:11:18.251] INFO (17898): Wallet sync [4163]: shielded=false, unshielded=true, dust=false
[11:11:18.294] INFO (17898): Wallet sync [4164]: shielded=false, unshielded=true, dust=false
[11:11:18.355] INFO (17898): Wallet sync [4165]: shielded=false, unshielded=true, dust=false
[11:11:18.393] INFO (17898): Wallet sync [4166]: shielded=false, unshielded=true, dust=false
[11:11:18.443] INFO (17898): Wallet sync [4167]: shielded=false, unshielded=true, dust=false
[11:11:18.476] INFO (17898): Wallet sync [4168]: shielded=false, unshielded=true, dust=false
[11:11:18.510] INFO (17898): Wallet sync [4169]: shielded=false, unshielded=true, dust=false
[11:11:18.576] INFO (17898): Wallet sync [4170]: shielded=false, unshielded=true, dust=false
[11:11:18.609] INFO (17898): Wallet sync [4171]: shielded=false, unshielded=true, dust=false
[11:11:18.643] INFO (17898): Wallet sync [4172]: shielded=false, unshielded=true, dust=false
[11:11:18.679] INFO (17898): Wallet sync [4173]: shielded=false, unshielded=true, dust=false
[11:11:18.743] INFO (17898): Wallet sync [4174]: shielded=false, unshielded=true, dust=false
[11:11:18.802] INFO (17898): Wallet sync [4175]: shielded=false, unshielded=true, dust=false
[11:11:18.873] INFO (17898): Wallet sync [4176]: shielded=false, unshielded=true, dust=false
[11:11:18.910] INFO (17898): Wallet sync [4177]: shielded=false, unshielded=true, dust=false
[11:11:18.988] INFO (17898): Wallet sync [4178]: shielded=false, unshielded=true, dust=false
[11:11:19.028] INFO (17898): Wallet sync [4179]: shielded=false, unshielded=true, dust=false
[11:11:19.081] INFO (17898): Wallet sync [4180]: shielded=false, unshielded=true, dust=false
[11:11:19.124] INFO (17898): Wallet sync [4181]: shielded=false, unshielded=true, dust=false
[11:11:19.188] INFO (17898): Wallet sync [4182]: shielded=false, unshielded=true, dust=false
[11:11:19.237] INFO (17898): Wallet sync [4183]: shielded=false, unshielded=true, dust=false
[11:11:19.308] INFO (17898): Wallet sync [4184]: shielded=false, unshielded=true, dust=false
[11:11:19.376] INFO (17898): Wallet sync [4185]: shielded=false, unshielded=true, dust=false
[11:11:19.440] INFO (17898): Wallet sync [4186]: shielded=false, unshielded=true, dust=false
[11:11:19.493] INFO (17898): Wallet sync [4187]: shielded=false, unshielded=true, dust=false
[11:11:19.542] INFO (17898): Wallet sync [4188]: shielded=false, unshielded=true, dust=false
[11:11:19.587] INFO (17898): Wallet sync [4189]: shielded=false, unshielded=true, dust=false
[11:11:19.695] INFO (17898): Wallet sync [4190]: shielded=false, unshielded=true, dust=false
[11:11:19.745] INFO (17898): Wallet sync [4191]: shielded=false, unshielded=true, dust=false
[11:11:19.791] INFO (17898): Wallet sync [4192]: shielded=false, unshielded=true, dust=false
[11:11:19.843] INFO (17898): Wallet sync [4193]: shielded=false, unshielded=true, dust=false
[11:11:19.975] INFO (17898): Wallet sync [4194]: shielded=false, unshielded=true, dust=false
[11:11:20.028] INFO (17898): Wallet sync [4195]: shielded=false, unshielded=true, dust=false
[11:11:20.092] INFO (17898): Wallet sync [4196]: shielded=false, unshielded=true, dust=false
[11:11:20.126] INFO (17898): Wallet sync [4197]: shielded=false, unshielded=true, dust=false
[11:11:20.264] INFO (17898): Wallet sync [4198]: shielded=false, unshielded=true, dust=false
[11:11:20.323] INFO (17898): Wallet sync [4199]: shielded=false, unshielded=true, dust=false
[11:11:20.363] INFO (17898): Wallet sync [4200]: shielded=false, unshielded=true, dust=false
[11:11:20.398] INFO (17898): Wallet sync [4201]: shielded=false, unshielded=true, dust=false
[11:11:20.437] INFO (17898): Wallet sync [4202]: shielded=false, unshielded=true, dust=false
[11:11:20.477] INFO (17898): Wallet sync [4203]: shielded=false, unshielded=true, dust=false
[11:11:20.523] INFO (17898): Wallet sync [4204]: shielded=false, unshielded=true, dust=false
[11:11:20.562] INFO (17898): Wallet sync [4205]: shielded=false, unshielded=true, dust=false
[11:11:20.653] INFO (17898): Wallet sync [4206]: shielded=false, unshielded=true, dust=false
[11:11:20.725] INFO (17898): Wallet sync [4207]: shielded=false, unshielded=true, dust=false
[11:11:20.824] INFO (17898): Wallet sync [4208]: shielded=false, unshielded=true, dust=false
[11:11:20.860] INFO (17898): Wallet sync [4209]: shielded=false, unshielded=true, dust=false
[11:11:20.896] INFO (17898): Wallet sync [4210]: shielded=false, unshielded=true, dust=false
[11:11:20.940] INFO (17898): Wallet sync [4211]: shielded=false, unshielded=true, dust=false
[11:11:20.972] INFO (17898): Wallet sync [4212]: shielded=false, unshielded=true, dust=false
[11:11:21.006] INFO (17898): Wallet sync [4213]: shielded=false, unshielded=true, dust=false
[11:11:21.058] INFO (17898): Wallet sync [4214]: shielded=false, unshielded=true, dust=false
[11:11:21.094] INFO (17898): Wallet sync [4215]: shielded=false, unshielded=true, dust=false
[11:11:21.147] INFO (17898): Wallet sync [4216]: shielded=false, unshielded=true, dust=false
[11:11:21.185] INFO (17898): Wallet sync [4217]: shielded=false, unshielded=true, dust=false
[11:11:21.258] INFO (17898): Wallet sync [4218]: shielded=false, unshielded=true, dust=false
[11:11:21.301] INFO (17898): Wallet sync [4219]: shielded=false, unshielded=true, dust=false
[11:11:21.380] INFO (17898): Wallet sync [4220]: shielded=false, unshielded=true, dust=false
[11:11:21.419] INFO (17898): Wallet sync [4221]: shielded=false, unshielded=true, dust=false
[11:11:21.461] INFO (17898): Wallet sync [4222]: shielded=false, unshielded=true, dust=false
[11:11:21.506] INFO (17898): Wallet sync [4223]: shielded=false, unshielded=true, dust=false
[11:11:21.559] INFO (17898): Wallet sync [4224]: shielded=false, unshielded=true, dust=false
[11:11:21.595] INFO (17898): Wallet sync [4225]: shielded=false, unshielded=true, dust=false
[11:11:21.671] INFO (17898): Wallet sync [4226]: shielded=false, unshielded=true, dust=false
[11:11:21.703] INFO (17898): Wallet sync [4227]: shielded=false, unshielded=true, dust=false
[11:11:21.750] INFO (17898): Wallet sync [4228]: shielded=false, unshielded=true, dust=false
[11:11:21.790] INFO (17898): Wallet sync [4229]: shielded=false, unshielded=true, dust=false
[11:11:21.853] INFO (17898): Wallet sync [4230]: shielded=false, unshielded=true, dust=false
[11:11:21.886] INFO (17898): Wallet sync [4231]: shielded=false, unshielded=true, dust=false
[11:11:21.953] INFO (17898): Wallet sync [4232]: shielded=false, unshielded=true, dust=false
[11:11:21.994] INFO (17898): Wallet sync [4233]: shielded=false, unshielded=true, dust=false
[11:11:22.047] INFO (17898): Wallet sync [4234]: shielded=false, unshielded=true, dust=false
[11:11:22.091] INFO (17898): Wallet sync [4235]: shielded=false, unshielded=true, dust=false
[11:11:22.139] INFO (17898): Wallet sync [4236]: shielded=false, unshielded=true, dust=false
[11:11:22.188] INFO (17898): Wallet sync [4237]: shielded=false, unshielded=true, dust=false
[11:11:22.224] INFO (17898): Wallet sync [4238]: shielded=false, unshielded=true, dust=false
[11:11:22.260] INFO (17898): Wallet sync [4239]: shielded=false, unshielded=true, dust=false
[11:11:22.337] INFO (17898): Wallet sync [4240]: shielded=false, unshielded=true, dust=false
[11:11:22.380] INFO (17898): Wallet sync [4241]: shielded=false, unshielded=true, dust=false
[11:11:22.455] INFO (17898): Wallet sync [4242]: shielded=false, unshielded=true, dust=false
[11:11:22.493] INFO (17898): Wallet sync [4243]: shielded=false, unshielded=true, dust=false
[11:11:22.528] INFO (17898): Wallet sync [4244]: shielded=false, unshielded=true, dust=false
[11:11:22.567] INFO (17898): Wallet sync [4245]: shielded=false, unshielded=true, dust=false
[11:11:22.606] INFO (17898): Wallet sync [4246]: shielded=false, unshielded=true, dust=false
[11:11:22.663] INFO (17898): Wallet sync [4247]: shielded=false, unshielded=true, dust=false
[11:11:22.714] INFO (17898): Wallet sync [4248]: shielded=false, unshielded=true, dust=false
[11:11:22.753] INFO (17898): Wallet sync [4249]: shielded=false, unshielded=true, dust=false
[11:11:22.776] INFO (17898): Wallet sync [4250]: shielded=false, unshielded=true, dust=false
[11:11:22.824] INFO (17898): Wallet sync [4251]: shielded=false, unshielded=true, dust=false
[11:11:22.897] INFO (17898): Wallet sync [4252]: shielded=false, unshielded=true, dust=false
[11:11:22.919] INFO (17898): Wallet sync [4253]: shielded=false, unshielded=true, dust=false
[11:11:22.956] INFO (17898): Wallet sync [4254]: shielded=false, unshielded=true, dust=false
[11:11:23.015] INFO (17898): Wallet sync [4255]: shielded=false, unshielded=true, dust=false
[11:11:23.071] INFO (17898): Wallet sync [4256]: shielded=false, unshielded=true, dust=false
[11:11:23.121] INFO (17898): Wallet sync [4257]: shielded=false, unshielded=true, dust=false
[11:11:23.185] INFO (17898): Wallet sync [4258]: shielded=false, unshielded=true, dust=false
[11:11:23.219] INFO (17898): Wallet sync [4259]: shielded=false, unshielded=true, dust=false
[11:11:23.257] INFO (17898): Wallet sync [4260]: shielded=false, unshielded=true, dust=false
[11:11:23.297] INFO (17898): Wallet sync [4261]: shielded=false, unshielded=true, dust=false
[11:11:23.330] INFO (17898): Wallet sync [4262]: shielded=false, unshielded=true, dust=false
[11:11:23.388] INFO (17898): Wallet sync [4263]: shielded=false, unshielded=true, dust=false
[11:11:23.447] INFO (17898): Wallet sync [4264]: shielded=false, unshielded=true, dust=false
[11:11:23.450] INFO (17898): Wallet sync [4265]: shielded=false, unshielded=true, dust=false
[11:11:23.513] INFO (17898): Wallet sync [4266]: shielded=false, unshielded=true, dust=false
[11:11:23.556] INFO (17898): Wallet sync [4267]: shielded=false, unshielded=true, dust=false
[11:11:23.597] INFO (17898): Wallet sync [4268]: shielded=false, unshielded=true, dust=false
[11:11:23.653] INFO (17898): Wallet sync [4269]: shielded=false, unshielded=true, dust=false
[11:11:23.723] INFO (17898): Wallet sync [4270]: shielded=false, unshielded=true, dust=false
[11:11:23.782] INFO (17898): Wallet sync [4271]: shielded=false, unshielded=true, dust=false
[11:11:23.830] INFO (17898): Wallet sync [4272]: shielded=false, unshielded=true, dust=false
[11:11:23.884] INFO (17898): Wallet sync [4273]: shielded=false, unshielded=true, dust=false
[11:11:23.918] INFO (17898): Wallet sync [4274]: shielded=false, unshielded=true, dust=false
[11:11:23.980] INFO (17898): Wallet sync [4275]: shielded=false, unshielded=true, dust=false
[11:11:24.023] INFO (17898): Wallet sync [4276]: shielded=false, unshielded=true, dust=false
[11:11:24.064] INFO (17898): Wallet sync [4277]: shielded=false, unshielded=true, dust=false
[11:11:24.118] INFO (17898): Wallet sync [4278]: shielded=false, unshielded=true, dust=false
[11:11:24.146] INFO (17898): Wallet sync [4279]: shielded=false, unshielded=true, dust=false
[11:11:24.213] INFO (17898): Wallet sync [4280]: shielded=false, unshielded=true, dust=false
[11:11:24.253] INFO (17898): Wallet sync [4281]: shielded=false, unshielded=true, dust=false
[11:11:24.289] INFO (17898): Wallet sync [4282]: shielded=false, unshielded=true, dust=false
[11:11:24.319] INFO (17898): Wallet sync [4283]: shielded=false, unshielded=true, dust=false
[11:11:24.356] INFO (17898): Wallet sync [4284]: shielded=false, unshielded=true, dust=false
[11:11:24.398] INFO (17898): Wallet sync [4285]: shielded=false, unshielded=true, dust=false
[11:11:24.449] INFO (17898): Wallet sync [4286]: shielded=false, unshielded=true, dust=false
[11:11:24.487] INFO (17898): Wallet sync [4287]: shielded=false, unshielded=true, dust=false
[11:11:24.546] INFO (17898): Wallet sync [4288]: shielded=false, unshielded=true, dust=false
[11:11:24.574] INFO (17898): Wallet sync [4289]: shielded=false, unshielded=true, dust=false
[11:11:24.609] INFO (17898): Wallet sync [4290]: shielded=false, unshielded=true, dust=false
[11:11:24.655] INFO (17898): Wallet sync [4291]: shielded=false, unshielded=true, dust=false
[11:11:24.713] INFO (17898): Wallet sync [4292]: shielded=false, unshielded=true, dust=false
[11:11:24.753] INFO (17898): Wallet sync [4293]: shielded=false, unshielded=true, dust=false
[11:11:24.797] INFO (17898): Wallet sync [4294]: shielded=false, unshielded=true, dust=false
[11:11:24.852] INFO (17898): Wallet sync [4295]: shielded=false, unshielded=true, dust=false
[11:11:24.903] INFO (17898): Wallet sync [4296]: shielded=false, unshielded=true, dust=false
[11:11:24.928] INFO (17898): Wallet sync [4297]: shielded=false, unshielded=true, dust=false
[11:11:24.963] INFO (17898): Wallet sync [4298]: shielded=false, unshielded=true, dust=false
[11:11:25.003] INFO (17898): Wallet sync [4299]: shielded=false, unshielded=true, dust=false
[11:11:25.060] INFO (17898): Wallet sync [4300]: shielded=false, unshielded=true, dust=false
[11:11:25.089] INFO (17898): Wallet sync [4301]: shielded=false, unshielded=true, dust=false
[11:11:25.148] INFO (17898): Wallet sync [4302]: shielded=false, unshielded=true, dust=false
[11:11:25.198] INFO (17898): Wallet sync [4303]: shielded=false, unshielded=true, dust=false
[11:11:25.253] INFO (17898): Wallet sync [4304]: shielded=false, unshielded=true, dust=false
[11:11:25.290] INFO (17898): Wallet sync [4305]: shielded=false, unshielded=true, dust=false
[11:11:25.343] INFO (17898): Wallet sync [4306]: shielded=false, unshielded=true, dust=false
[11:11:25.384] INFO (17898): Wallet sync [4307]: shielded=false, unshielded=true, dust=false
[11:11:25.448] INFO (17898): Wallet sync [4308]: shielded=false, unshielded=true, dust=false
[11:11:25.489] INFO (17898): Wallet sync [4309]: shielded=false, unshielded=true, dust=false
[11:11:25.521] INFO (17898): Wallet sync [4310]: shielded=false, unshielded=true, dust=false
[11:11:25.553] INFO (17898): Wallet sync [4311]: shielded=false, unshielded=true, dust=false
[11:11:25.614] INFO (17898): Wallet sync [4312]: shielded=false, unshielded=true, dust=false
[11:11:25.654] INFO (17898): Wallet sync [4313]: shielded=false, unshielded=true, dust=false
[11:11:25.707] INFO (17898): Wallet sync [4314]: shielded=false, unshielded=true, dust=false
[11:11:25.758] INFO (17898): Wallet sync [4315]: shielded=false, unshielded=true, dust=false
[11:11:25.767] INFO (17898): Wallet sync [4316]: shielded=false, unshielded=true, dust=false
[11:11:25.801] INFO (17898): Wallet sync [4317]: shielded=false, unshielded=true, dust=false
[11:11:25.862] INFO (17898): Wallet sync [4318]: shielded=false, unshielded=true, dust=false
[11:11:25.915] INFO (17898): Wallet sync [4319]: shielded=false, unshielded=true, dust=false
[11:11:25.978] INFO (17898): Wallet sync [4320]: shielded=false, unshielded=true, dust=false
[11:11:26.031] INFO (17898): Wallet sync [4321]: shielded=false, unshielded=true, dust=false
[11:11:26.061] INFO (17898): Wallet sync [4322]: shielded=false, unshielded=true, dust=false
[11:11:26.143] INFO (17898): Wallet sync [4323]: shielded=false, unshielded=true, dust=false
[11:11:26.178] INFO (17898): Wallet sync [4324]: shielded=false, unshielded=true, dust=false
[11:11:26.214] INFO (17898): Wallet sync [4325]: shielded=false, unshielded=true, dust=false
[11:11:26.254] INFO (17898): Wallet sync [4326]: shielded=false, unshielded=true, dust=false
[11:11:26.291] INFO (17898): Wallet sync [4327]: shielded=false, unshielded=true, dust=false
[11:11:26.324] INFO (17898): Wallet sync [4328]: shielded=false, unshielded=true, dust=false
[11:11:26.369] INFO (17898): Wallet sync [4329]: shielded=false, unshielded=true, dust=false
[11:11:26.408] INFO (17898): Wallet sync [4330]: shielded=false, unshielded=true, dust=false
[11:11:26.444] INFO (17898): Wallet sync [4331]: shielded=false, unshielded=true, dust=false
[11:11:26.493] INFO (17898): Wallet sync [4332]: shielded=false, unshielded=true, dust=false
[11:11:26.543] INFO (17898): Wallet sync [4333]: shielded=false, unshielded=true, dust=false
[11:11:26.591] INFO (17898): Wallet sync [4334]: shielded=false, unshielded=true, dust=false
[11:11:26.644] INFO (17898): Wallet sync [4335]: shielded=false, unshielded=true, dust=false
[11:11:26.676] INFO (17898): Wallet sync [4336]: shielded=false, unshielded=true, dust=false
[11:11:26.709] INFO (17898): Wallet sync [4337]: shielded=false, unshielded=true, dust=false
[11:11:26.753] INFO (17898): Wallet sync [4338]: shielded=false, unshielded=true, dust=false
[11:11:26.801] INFO (17898): Wallet sync [4339]: shielded=false, unshielded=true, dust=false
[11:11:26.842] INFO (17898): Wallet sync [4340]: shielded=false, unshielded=true, dust=false
[11:11:26.895] INFO (17898): Wallet sync [4341]: shielded=false, unshielded=true, dust=false
[11:11:26.952] INFO (17898): Wallet sync [4342]: shielded=false, unshielded=true, dust=false
[11:11:26.995] INFO (17898): Wallet sync [4343]: shielded=false, unshielded=true, dust=false
[11:11:27.050] INFO (17898): Wallet sync [4344]: shielded=false, unshielded=true, dust=false
[11:11:27.089] INFO (17898): Wallet sync [4345]: shielded=false, unshielded=true, dust=false
[11:11:27.161] INFO (17898): Wallet sync [4346]: shielded=false, unshielded=true, dust=false
[11:11:27.205] INFO (17898): Wallet sync [4347]: shielded=false, unshielded=true, dust=false
[11:11:27.276] INFO (17898): Wallet sync [4348]: shielded=false, unshielded=true, dust=false
[11:11:27.327] INFO (17898): Wallet sync [4349]: shielded=false, unshielded=true, dust=false
[11:11:27.383] INFO (17898): Wallet sync [4350]: shielded=false, unshielded=true, dust=false
[11:11:27.446] INFO (17898): Wallet sync [4351]: shielded=false, unshielded=true, dust=false
[11:11:27.508] INFO (17898): Wallet sync [4352]: shielded=false, unshielded=true, dust=false
[11:11:27.549] INFO (17898): Wallet sync [4353]: shielded=false, unshielded=true, dust=false
[11:11:27.591] INFO (17898): Wallet sync [4354]: shielded=false, unshielded=true, dust=false
[11:11:27.654] INFO (17898): Wallet sync [4355]: shielded=false, unshielded=true, dust=false
[11:11:27.735] INFO (17898): Wallet sync [4356]: shielded=false, unshielded=true, dust=false
[11:11:27.795] INFO (17898): Wallet sync [4357]: shielded=false, unshielded=true, dust=false
[11:11:27.826] INFO (17898): Wallet sync [4358]: shielded=false, unshielded=true, dust=false
[11:11:27.870] INFO (17898): Wallet sync [4359]: shielded=false, unshielded=true, dust=false
[11:11:27.940] INFO (17898): Wallet sync [4360]: shielded=false, unshielded=true, dust=false
[11:11:27.981] INFO (17898): Wallet sync [4361]: shielded=false, unshielded=true, dust=false
[11:11:28.051] INFO (17898): Wallet sync [4362]: shielded=false, unshielded=true, dust=false
[11:11:28.107] INFO (17898): Wallet sync [4363]: shielded=false, unshielded=true, dust=false
[11:11:28.165] INFO (17898): Wallet sync [4364]: shielded=false, unshielded=true, dust=false
[11:11:28.217] INFO (17898): Wallet sync [4365]: shielded=false, unshielded=true, dust=false
[11:11:28.269] INFO (17898): Wallet sync [4366]: shielded=false, unshielded=true, dust=false
[11:11:28.325] INFO (17898): Wallet sync [4367]: shielded=false, unshielded=true, dust=false
[11:11:28.356] INFO (17898): Wallet sync [4368]: shielded=false, unshielded=true, dust=false
[11:11:28.412] INFO (17898): Wallet sync [4369]: shielded=false, unshielded=true, dust=false
[11:11:28.465] INFO (17898): Wallet sync [4370]: shielded=false, unshielded=true, dust=false
[11:11:28.505] INFO (17898): Wallet sync [4371]: shielded=false, unshielded=true, dust=false
[11:11:28.571] INFO (17898): Wallet sync [4372]: shielded=false, unshielded=true, dust=false
[11:11:28.642] INFO (17898): Wallet sync [4373]: shielded=false, unshielded=true, dust=false
[11:11:28.725] INFO (17898): Wallet sync [4374]: shielded=false, unshielded=true, dust=false
[11:11:28.802] INFO (17898): Wallet sync [4375]: shielded=false, unshielded=true, dust=false
[11:11:28.861] INFO (17898): Wallet sync [4376]: shielded=false, unshielded=true, dust=false
[11:11:28.920] INFO (17898): Wallet sync [4377]: shielded=false, unshielded=true, dust=false
[11:11:29.007] INFO (17898): Wallet sync [4378]: shielded=false, unshielded=true, dust=false
[11:11:29.090] INFO (17898): Wallet sync [4379]: shielded=false, unshielded=true, dust=false
[11:11:29.138] INFO (17898): Wallet sync [4380]: shielded=false, unshielded=true, dust=false
[11:11:29.180] INFO (17898): Wallet sync [4381]: shielded=false, unshielded=true, dust=false
[11:11:29.262] INFO (17898): Wallet sync [4382]: shielded=false, unshielded=true, dust=false
[11:11:29.321] INFO (17898): Wallet sync [4383]: shielded=false, unshielded=true, dust=false
[11:11:29.405] INFO (17898): Wallet sync [4384]: shielded=false, unshielded=true, dust=false
[11:11:29.476] INFO (17898): Wallet sync [4385]: shielded=false, unshielded=true, dust=false
[11:11:29.557] INFO (17898): Wallet sync [4386]: shielded=false, unshielded=true, dust=false
[11:11:29.641] INFO (17898): Wallet sync [4387]: shielded=false, unshielded=true, dust=false
[11:11:29.721] INFO (17898): Wallet sync [4388]: shielded=false, unshielded=true, dust=false
[11:11:29.784] INFO (17898): Wallet sync [4389]: shielded=false, unshielded=true, dust=false
[11:11:29.861] INFO (17898): Wallet sync [4390]: shielded=false, unshielded=true, dust=false
[11:11:29.930] INFO (17898): Wallet sync [4391]: shielded=false, unshielded=true, dust=false
[11:11:30.024] INFO (17898): Wallet sync [4392]: shielded=false, unshielded=true, dust=false
[11:11:30.069] INFO (17898): Wallet sync [4393]: shielded=false, unshielded=true, dust=false
[11:11:30.145] INFO (17898): Wallet sync [4394]: shielded=false, unshielded=true, dust=false
[11:11:30.195] INFO (17898): Wallet sync [4395]: shielded=false, unshielded=true, dust=false
[11:11:30.271] INFO (17898): Wallet sync [4396]: shielded=false, unshielded=true, dust=false
[11:11:30.313] INFO (17898): Wallet sync [4397]: shielded=false, unshielded=true, dust=false
[11:11:30.403] INFO (17898): Wallet sync [4398]: shielded=false, unshielded=true, dust=false
[11:11:30.468] INFO (17898): Wallet sync [4399]: shielded=false, unshielded=true, dust=false
[11:11:30.550] INFO (17898): Wallet sync [4400]: shielded=false, unshielded=true, dust=false
[11:11:30.626] INFO (17898): Wallet sync [4401]: shielded=false, unshielded=true, dust=false
[11:11:30.681] INFO (17898): Wallet sync [4402]: shielded=false, unshielded=true, dust=false
[11:11:30.759] INFO (17898): Wallet sync [4403]: shielded=false, unshielded=true, dust=false
[11:11:30.834] INFO (17898): Wallet sync [4404]: shielded=false, unshielded=true, dust=false
[11:11:30.909] INFO (17898): Wallet sync [4405]: shielded=false, unshielded=true, dust=false
[11:11:31.004] INFO (17898): Wallet sync [4406]: shielded=false, unshielded=true, dust=false
[11:11:31.064] INFO (17898): Wallet sync [4407]: shielded=false, unshielded=true, dust=false
[11:11:31.125] INFO (17898): Wallet sync [4408]: shielded=false, unshielded=true, dust=false
[11:11:31.195] INFO (17898): Wallet sync [4409]: shielded=false, unshielded=true, dust=false
[11:11:31.259] INFO (17898): Wallet sync [4410]: shielded=false, unshielded=true, dust=false
[11:11:31.328] INFO (17898): Wallet sync [4411]: shielded=false, unshielded=true, dust=false
[11:11:31.394] INFO (17898): Wallet sync [4412]: shielded=false, unshielded=true, dust=false
[11:11:31.467] INFO (17898): Wallet sync [4413]: shielded=false, unshielded=true, dust=false
[11:11:31.525] INFO (17898): Wallet sync [4414]: shielded=false, unshielded=true, dust=false
[11:11:31.610] INFO (17898): Wallet sync [4415]: shielded=false, unshielded=true, dust=false
[11:11:31.665] INFO (17898): Wallet sync [4416]: shielded=false, unshielded=true, dust=false
[11:11:31.749] INFO (17898): Wallet sync [4417]: shielded=false, unshielded=true, dust=false
[11:11:31.792] INFO (17898): Wallet sync [4418]: shielded=false, unshielded=true, dust=false
[11:11:31.869] INFO (17898): Wallet sync [4419]: shielded=false, unshielded=true, dust=false
[11:11:31.928] INFO (17898): Wallet sync [4420]: shielded=false, unshielded=true, dust=false
[11:11:32.004] INFO (17898): Wallet sync [4421]: shielded=false, unshielded=true, dust=false
[11:11:32.062] INFO (17898): Wallet sync [4422]: shielded=false, unshielded=true, dust=false
[11:11:32.137] INFO (17898): Wallet sync [4423]: shielded=false, unshielded=true, dust=false
[11:11:32.245] INFO (17898): Wallet sync [4424]: shielded=false, unshielded=true, dust=false
[11:11:32.409] INFO (17898): Wallet sync [4425]: shielded=false, unshielded=true, dust=false
[11:11:32.498] INFO (17898): Wallet sync [4426]: shielded=false, unshielded=true, dust=false
[11:11:32.632] INFO (17898): Wallet sync [4427]: shielded=false, unshielded=true, dust=false
[11:11:32.730] INFO (17898): Wallet sync [4428]: shielded=false, unshielded=true, dust=false
[11:11:32.799] INFO (17898): Wallet sync [4429]: shielded=false, unshielded=true, dust=false
[11:11:32.906] INFO (17898): Wallet sync [4430]: shielded=false, unshielded=true, dust=false
[11:11:32.984] INFO (17898): Wallet sync [4431]: shielded=false, unshielded=true, dust=false
[11:11:33.068] INFO (17898): Wallet sync [4432]: shielded=false, unshielded=true, dust=false
[11:11:33.130] INFO (17898): Wallet sync [4433]: shielded=false, unshielded=true, dust=false
[11:11:33.164] INFO (17898): Wallet sync [4434]: shielded=false, unshielded=true, dust=false
[11:11:33.208] INFO (17898): Wallet sync [4435]: shielded=false, unshielded=true, dust=false
[11:11:33.247] INFO (17898): Wallet sync [4436]: shielded=false, unshielded=true, dust=false
[11:11:33.314] INFO (17898): Wallet sync [4437]: shielded=false, unshielded=true, dust=false
[11:11:33.371] INFO (17898): Wallet sync [4438]: shielded=false, unshielded=true, dust=false
[11:11:33.415] INFO (17898): Wallet sync [4439]: shielded=false, unshielded=true, dust=false
[11:11:33.460] INFO (17898): Wallet sync [4440]: shielded=false, unshielded=true, dust=false
[11:11:33.514] INFO (17898): Wallet sync [4441]: shielded=false, unshielded=true, dust=false
[11:11:33.577] INFO (17898): Wallet sync [4442]: shielded=false, unshielded=true, dust=false
[11:11:33.640] INFO (17898): Wallet sync [4443]: shielded=false, unshielded=true, dust=false
[11:11:33.677] INFO (17898): Wallet sync [4444]: shielded=false, unshielded=true, dust=false
[11:11:33.744] INFO (17898): Wallet sync [4445]: shielded=false, unshielded=true, dust=false
[11:11:33.805] INFO (17898): Wallet sync [4446]: shielded=false, unshielded=true, dust=false
[11:11:33.888] INFO (17898): Wallet sync [4447]: shielded=false, unshielded=true, dust=false
[11:11:33.955] INFO (17898): Wallet sync [4448]: shielded=false, unshielded=true, dust=false
[11:11:34.028] INFO (17898): Wallet sync [4449]: shielded=false, unshielded=true, dust=false
[11:11:34.077] INFO (17898): Wallet sync [4450]: shielded=false, unshielded=true, dust=false
[11:11:34.138] INFO (17898): Wallet sync [4451]: shielded=false, unshielded=true, dust=false
[11:11:34.221] INFO (17898): Wallet sync [4452]: shielded=false, unshielded=true, dust=false
[11:11:34.292] INFO (17898): Wallet sync [4453]: shielded=false, unshielded=true, dust=false
[11:11:34.403] INFO (17898): Wallet sync [4454]: shielded=false, unshielded=true, dust=false
[11:11:34.516] INFO (17898): Wallet sync [4455]: shielded=false, unshielded=true, dust=false
[11:11:34.607] INFO (17898): Wallet sync [4456]: shielded=false, unshielded=true, dust=false
[11:11:34.691] INFO (17898): Wallet sync [4457]: shielded=false, unshielded=true, dust=false
[11:11:34.779] INFO (17898): Wallet sync [4458]: shielded=false, unshielded=true, dust=false
[11:11:34.862] INFO (17898): Wallet sync [4459]: shielded=false, unshielded=true, dust=false
[11:11:34.986] INFO (17898): Wallet sync [4460]: shielded=false, unshielded=true, dust=false
[11:11:35.125] INFO (17898): Wallet sync [4461]: shielded=false, unshielded=true, dust=false
[11:11:35.199] INFO (17898): Wallet sync [4462]: shielded=false, unshielded=true, dust=false
[11:11:35.337] INFO (17898): Wallet sync [4463]: shielded=false, unshielded=true, dust=false
[11:11:35.446] INFO (17898): Wallet sync [4464]: shielded=false, unshielded=true, dust=false
[11:11:35.553] INFO (17898): Wallet sync [4465]: shielded=false, unshielded=true, dust=false
[11:11:35.609] INFO (17898): Wallet sync [4466]: shielded=false, unshielded=true, dust=false
[11:11:35.648] INFO (17898): Wallet sync [4467]: shielded=false, unshielded=true, dust=false
[11:11:35.724] INFO (17898): Wallet sync [4468]: shielded=false, unshielded=true, dust=false
[11:11:35.793] INFO (17898): Wallet sync [4469]: shielded=false, unshielded=true, dust=false
[11:11:35.843] INFO (17898): Wallet sync [4470]: shielded=false, unshielded=true, dust=false
[11:11:35.920] INFO (17898): Wallet sync [4471]: shielded=false, unshielded=true, dust=false
[11:11:35.969] INFO (17898): Wallet sync [4472]: shielded=false, unshielded=true, dust=false
[11:11:36.039] INFO (17898): Wallet sync [4473]: shielded=false, unshielded=true, dust=false
[11:11:36.093] INFO (17898): Wallet sync [4474]: shielded=false, unshielded=true, dust=false
[11:11:36.156] INFO (17898): Wallet sync [4475]: shielded=false, unshielded=true, dust=false
[11:11:36.211] INFO (17898): Wallet sync [4476]: shielded=false, unshielded=true, dust=false
[11:11:36.252] INFO (17898): Wallet sync [4477]: shielded=false, unshielded=true, dust=false
[11:11:36.325] INFO (17898): Wallet sync [4478]: shielded=false, unshielded=true, dust=false
[11:11:36.379] INFO (17898): Wallet sync [4479]: shielded=false, unshielded=true, dust=false
[11:11:36.440] INFO (17898): Wallet sync [4480]: shielded=false, unshielded=true, dust=false
[11:11:36.520] INFO (17898): Wallet sync [4481]: shielded=false, unshielded=true, dust=false
[11:11:36.594] INFO (17898): Wallet sync [4482]: shielded=false, unshielded=true, dust=false
[11:11:36.638] INFO (17898): Wallet sync [4483]: shielded=false, unshielded=true, dust=false
[11:11:36.686] INFO (17898): Wallet sync [4484]: shielded=false, unshielded=true, dust=false
[11:11:36.764] INFO (17898): Wallet sync [4485]: shielded=false, unshielded=true, dust=false
[11:11:36.808] INFO (17898): Wallet sync [4486]: shielded=false, unshielded=true, dust=false
[11:11:36.847] INFO (17898): Wallet sync [4487]: shielded=false, unshielded=true, dust=false
[11:11:36.882] INFO (17898): Wallet sync [4488]: shielded=false, unshielded=true, dust=false
[11:11:36.960] INFO (17898): Wallet sync [4489]: shielded=false, unshielded=true, dust=false
[11:11:37.009] INFO (17898): Wallet sync [4490]: shielded=false, unshielded=true, dust=false
[11:11:37.050] INFO (17898): Wallet sync [4491]: shielded=false, unshielded=true, dust=false
[11:11:37.107] INFO (17898): Wallet sync [4492]: shielded=false, unshielded=true, dust=false
[11:11:37.151] INFO (17898): Wallet sync [4493]: shielded=false, unshielded=true, dust=false
[11:11:37.187] INFO (17898): Wallet sync [4494]: shielded=false, unshielded=true, dust=false
[11:11:37.277] INFO (17898): Wallet sync [4495]: shielded=false, unshielded=true, dust=false
[11:11:37.350] INFO (17898): Wallet sync [4496]: shielded=false, unshielded=true, dust=false
[11:11:37.418] INFO (17898): Wallet sync [4497]: shielded=false, unshielded=true, dust=false
[11:11:37.482] INFO (17898): Wallet sync [4498]: shielded=false, unshielded=true, dust=false
[11:11:37.547] INFO (17898): Wallet sync [4499]: shielded=false, unshielded=true, dust=false
[11:11:37.584] INFO (17898): Wallet sync [4500]: shielded=false, unshielded=true, dust=false
[11:11:37.646] INFO (17898): Wallet sync [4501]: shielded=false, unshielded=true, dust=false
[11:11:37.679] INFO (17898): Wallet sync [4502]: shielded=false, unshielded=true, dust=false
[11:11:37.777] INFO (17898): Wallet sync [4503]: shielded=false, unshielded=true, dust=false
[11:11:37.856] INFO (17898): Wallet sync [4504]: shielded=false, unshielded=true, dust=false
[11:11:37.915] INFO (17898): Wallet sync [4505]: shielded=false, unshielded=true, dust=false
[11:11:37.985] INFO (17898): Wallet sync [4506]: shielded=false, unshielded=true, dust=false
[11:11:38.027] INFO (17898): Wallet sync [4507]: shielded=false, unshielded=true, dust=false
[11:11:38.101] INFO (17898): Wallet sync [4508]: shielded=false, unshielded=true, dust=false
[11:11:38.159] INFO (17898): Wallet sync [4509]: shielded=false, unshielded=true, dust=false
[11:11:38.197] INFO (17898): Wallet sync [4510]: shielded=false, unshielded=true, dust=false
[11:11:38.267] INFO (17898): Wallet sync [4511]: shielded=false, unshielded=true, dust=false
[11:11:38.329] INFO (17898): Wallet sync [4512]: shielded=false, unshielded=true, dust=false
[11:11:38.396] INFO (17898): Wallet sync [4513]: shielded=false, unshielded=true, dust=false
[11:11:38.447] INFO (17898): Wallet sync [4514]: shielded=false, unshielded=true, dust=false
[11:11:38.495] INFO (17898): Wallet sync [4515]: shielded=false, unshielded=true, dust=false
[11:11:38.596] INFO (17898): Wallet sync [4516]: shielded=false, unshielded=true, dust=false
[11:11:38.667] INFO (17898): Wallet sync [4517]: shielded=false, unshielded=true, dust=false
[11:11:38.734] INFO (17898): Wallet sync [4518]: shielded=false, unshielded=true, dust=false
[11:11:38.785] INFO (17898): Wallet sync [4519]: shielded=false, unshielded=true, dust=false
[11:11:38.864] INFO (17898): Wallet sync [4520]: shielded=false, unshielded=true, dust=false
[11:11:38.935] INFO (17898): Wallet sync [4521]: shielded=false, unshielded=true, dust=false
[11:11:38.974] INFO (17898): Wallet sync [4522]: shielded=false, unshielded=true, dust=false
[11:11:39.048] INFO (17898): Wallet sync [4523]: shielded=false, unshielded=true, dust=false
[11:11:39.123] INFO (17898): Wallet sync [4524]: shielded=false, unshielded=true, dust=false
[11:11:39.194] INFO (17898): Wallet sync [4525]: shielded=false, unshielded=true, dust=false
[11:11:39.249] INFO (17898): Wallet sync [4526]: shielded=false, unshielded=true, dust=false
[11:11:39.413] INFO (17898): Wallet sync [4527]: shielded=false, unshielded=true, dust=false
[11:11:39.542] INFO (17898): Wallet sync [4528]: shielded=false, unshielded=true, dust=false
[11:11:39.615] INFO (17898): Wallet sync [4529]: shielded=false, unshielded=true, dust=false
[11:11:39.684] INFO (17898): Wallet sync [4530]: shielded=false, unshielded=true, dust=false
[11:11:39.760] INFO (17898): Wallet sync [4531]: shielded=false, unshielded=true, dust=false
[11:11:39.811] INFO (17898): Wallet sync [4532]: shielded=false, unshielded=true, dust=false
[11:11:39.874] INFO (17898): Wallet sync [4533]: shielded=false, unshielded=true, dust=false
[11:11:39.927] INFO (17898): Wallet sync [4534]: shielded=false, unshielded=true, dust=false
[11:11:39.996] INFO (17898): Wallet sync [4535]: shielded=false, unshielded=true, dust=false
[11:11:40.063] INFO (17898): Wallet sync [4536]: shielded=false, unshielded=true, dust=false
[11:11:40.142] INFO (17898): Wallet sync [4537]: shielded=false, unshielded=true, dust=false
[11:11:40.210] INFO (17898): Wallet sync [4538]: shielded=false, unshielded=true, dust=false
[11:11:40.280] INFO (17898): Wallet sync [4539]: shielded=false, unshielded=true, dust=false
[11:11:40.342] INFO (17898): Wallet sync [4540]: shielded=false, unshielded=true, dust=false
[11:11:40.409] INFO (17898): Wallet sync [4541]: shielded=false, unshielded=true, dust=false
[11:11:40.469] INFO (17898): Wallet sync [4542]: shielded=false, unshielded=true, dust=false
[11:11:40.529] INFO (17898): Wallet sync [4543]: shielded=false, unshielded=true, dust=false
[11:11:40.578] INFO (17898): Wallet sync [4544]: shielded=false, unshielded=true, dust=false
[11:11:40.639] INFO (17898): Wallet sync [4545]: shielded=false, unshielded=true, dust=false
[11:11:40.689] INFO (17898): Wallet sync [4546]: shielded=false, unshielded=true, dust=false
[11:11:40.758] INFO (17898): Wallet sync [4547]: shielded=false, unshielded=true, dust=false
[11:11:40.811] INFO (17898): Wallet sync [4548]: shielded=false, unshielded=true, dust=false
[11:11:40.873] INFO (17898): Wallet sync [4549]: shielded=false, unshielded=true, dust=false
[11:11:40.921] INFO (17898): Wallet sync [4550]: shielded=false, unshielded=true, dust=false
[11:11:40.987] INFO (17898): Wallet sync [4551]: shielded=false, unshielded=true, dust=false
[11:11:41.021] INFO (17898): Wallet sync [4552]: shielded=false, unshielded=true, dust=false
[11:11:41.088] INFO (17898): Wallet sync [4553]: shielded=false, unshielded=true, dust=false
[11:11:41.143] INFO (17898): Wallet sync [4554]: shielded=false, unshielded=true, dust=false
[11:11:41.227] INFO (17898): Wallet sync [4555]: shielded=false, unshielded=true, dust=false
[11:11:41.313] INFO (17898): Wallet sync [4556]: shielded=false, unshielded=true, dust=false
[11:11:41.387] INFO (17898): Wallet sync [4557]: shielded=false, unshielded=true, dust=false
[11:11:41.485] INFO (17898): Wallet sync [4558]: shielded=false, unshielded=true, dust=false
[11:11:41.561] INFO (17898): Wallet sync [4559]: shielded=false, unshielded=true, dust=false
[11:11:41.645] INFO (17898): Wallet sync [4560]: shielded=false, unshielded=true, dust=false
[11:11:41.725] INFO (17898): Wallet sync [4561]: shielded=false, unshielded=true, dust=false
[11:11:41.814] INFO (17898): Wallet sync [4562]: shielded=false, unshielded=true, dust=false
[11:11:41.883] INFO (17898): Wallet sync [4563]: shielded=false, unshielded=true, dust=false
[11:11:41.936] INFO (17898): Wallet sync [4564]: shielded=false, unshielded=true, dust=false
[11:11:41.991] INFO (17898): Wallet sync [4565]: shielded=false, unshielded=true, dust=false
[11:11:42.047] INFO (17898): Wallet sync [4566]: shielded=false, unshielded=true, dust=false
[11:11:42.103] INFO (17898): Wallet sync [4567]: shielded=false, unshielded=true, dust=false
[11:11:42.148] INFO (17898): Wallet sync [4568]: shielded=false, unshielded=true, dust=false
[11:11:42.212] INFO (17898): Wallet sync [4569]: shielded=false, unshielded=true, dust=false
[11:11:42.254] INFO (17898): Wallet sync [4570]: shielded=false, unshielded=true, dust=false
[11:11:42.314] INFO (17898): Wallet sync [4571]: shielded=false, unshielded=true, dust=false
[11:11:42.375] INFO (17898): Wallet sync [4572]: shielded=false, unshielded=true, dust=false
[11:11:42.440] INFO (17898): Wallet sync [4573]: shielded=false, unshielded=true, dust=false
[11:11:42.497] INFO (17898): Wallet sync [4574]: shielded=false, unshielded=true, dust=false
[11:11:42.558] INFO (17898): Wallet sync [4575]: shielded=false, unshielded=true, dust=false
[11:11:42.596] INFO (17898): Wallet sync [4576]: shielded=false, unshielded=true, dust=false
[11:11:42.668] INFO (17898): Wallet sync [4577]: shielded=false, unshielded=true, dust=false
[11:11:42.742] INFO (17898): Wallet sync [4578]: shielded=false, unshielded=true, dust=false
[11:11:42.807] INFO (17898): Wallet sync [4579]: shielded=false, unshielded=true, dust=false
[11:11:42.880] INFO (17898): Wallet sync [4580]: shielded=false, unshielded=true, dust=false
[11:11:42.979] INFO (17898): Wallet sync [4581]: shielded=false, unshielded=true, dust=false
[11:11:43.043] INFO (17898): Wallet sync [4582]: shielded=false, unshielded=true, dust=false
[11:11:43.109] INFO (17898): Wallet sync [4583]: shielded=false, unshielded=true, dust=false
[11:11:43.171] INFO (17898): Wallet sync [4584]: shielded=false, unshielded=true, dust=false
[11:11:43.245] INFO (17898): Wallet sync [4585]: shielded=false, unshielded=true, dust=false
[11:11:43.298] INFO (17898): Wallet sync [4586]: shielded=false, unshielded=true, dust=false
[11:11:43.365] INFO (17898): Wallet sync [4587]: shielded=false, unshielded=true, dust=false
[11:11:43.437] INFO (17898): Wallet sync [4588]: shielded=false, unshielded=true, dust=false
[11:11:43.480] INFO (17898): Wallet sync [4589]: shielded=false, unshielded=true, dust=false
[11:11:43.547] INFO (17898): Wallet sync [4590]: shielded=false, unshielded=true, dust=false
[11:11:43.643] INFO (17898): Wallet sync [4591]: shielded=false, unshielded=true, dust=false
[11:11:43.725] INFO (17898): Wallet sync [4592]: shielded=false, unshielded=true, dust=false
[11:11:43.882] INFO (17898): Wallet sync [4593]: shielded=false, unshielded=true, dust=false
[11:11:43.959] INFO (17898): Wallet sync [4594]: shielded=false, unshielded=true, dust=false
[11:11:44.028] INFO (17898): Wallet sync [4595]: shielded=false, unshielded=true, dust=false
[11:11:44.092] INFO (17898): Wallet sync [4596]: shielded=false, unshielded=true, dust=false
[11:11:44.175] INFO (17898): Wallet sync [4597]: shielded=false, unshielded=true, dust=false
[11:11:44.251] INFO (17898): Wallet sync [4598]: shielded=false, unshielded=true, dust=false
[11:11:44.386] INFO (17898): Wallet sync [4599]: shielded=false, unshielded=true, dust=false
[11:11:44.546] INFO (17898): Wallet sync [4600]: shielded=false, unshielded=true, dust=false
[11:11:44.689] INFO (17898): Wallet sync [4601]: shielded=false, unshielded=true, dust=false
[11:11:44.772] INFO (17898): Wallet sync [4602]: shielded=false, unshielded=true, dust=false
[11:11:44.892] INFO (17898): Wallet sync [4603]: shielded=false, unshielded=true, dust=false
[11:11:44.975] INFO (17898): Wallet sync [4604]: shielded=false, unshielded=true, dust=false
[11:11:45.077] INFO (17898): Wallet sync [4605]: shielded=false, unshielded=true, dust=false
[11:11:45.175] INFO (17898): Wallet sync [4606]: shielded=false, unshielded=true, dust=false
[11:11:45.299] INFO (17898): Wallet sync [4607]: shielded=false, unshielded=true, dust=false
[11:11:45.395] INFO (17898): Wallet sync [4608]: shielded=false, unshielded=true, dust=false
[11:11:45.522] INFO (17898): Wallet sync [4609]: shielded=false, unshielded=true, dust=false
[11:11:45.601] INFO (17898): Wallet sync [4610]: shielded=false, unshielded=true, dust=false
[11:11:45.671] INFO (17898): Wallet sync [4611]: shielded=false, unshielded=true, dust=false
[11:11:45.769] INFO (17898): Wallet sync [4612]: shielded=false, unshielded=true, dust=false
[11:11:45.880] INFO (17898): Wallet sync [4613]: shielded=false, unshielded=true, dust=false
[11:11:45.961] INFO (17898): Wallet sync [4614]: shielded=false, unshielded=true, dust=false
[11:11:46.056] INFO (17898): Wallet sync [4615]: shielded=false, unshielded=true, dust=false
[11:11:46.157] INFO (17898): Wallet sync [4616]: shielded=false, unshielded=true, dust=false
[11:11:46.277] INFO (17898): Wallet sync [4617]: shielded=false, unshielded=true, dust=false
[11:11:46.355] INFO (17898): Wallet sync [4618]: shielded=false, unshielded=true, dust=false
[11:11:46.466] INFO (17898): Wallet sync [4619]: shielded=false, unshielded=true, dust=false
[11:11:46.640] INFO (17898): Wallet sync [4620]: shielded=false, unshielded=true, dust=false
[11:11:46.828] INFO (17898): Wallet sync [4621]: shielded=false, unshielded=true, dust=false
[11:11:46.929] INFO (17898): Wallet sync [4622]: shielded=false, unshielded=true, dust=false
[11:11:47.042] INFO (17898): Wallet sync [4623]: shielded=false, unshielded=true, dust=false
[11:11:47.145] INFO (17898): Wallet sync [4624]: shielded=false, unshielded=true, dust=false
[11:11:47.234] INFO (17898): Wallet sync [4625]: shielded=false, unshielded=true, dust=false
[11:11:47.316] INFO (17898): Wallet sync [4626]: shielded=false, unshielded=true, dust=false
[11:11:47.396] INFO (17898): Wallet sync [4627]: shielded=false, unshielded=true, dust=false
[11:11:47.516] INFO (17898): Wallet sync [4628]: shielded=false, unshielded=true, dust=false
[11:11:47.633] INFO (17898): Wallet sync [4629]: shielded=false, unshielded=true, dust=false
[11:11:47.719] INFO (17898): Wallet sync [4630]: shielded=false, unshielded=true, dust=false
[11:11:47.817] INFO (17898): Wallet sync [4631]: shielded=false, unshielded=true, dust=false
[11:11:47.881] INFO (17898): Wallet sync [4632]: shielded=false, unshielded=true, dust=false
[11:11:47.967] INFO (17898): Wallet sync [4633]: shielded=false, unshielded=true, dust=false
[11:11:48.032] INFO (17898): Wallet sync [4634]: shielded=false, unshielded=true, dust=false
[11:11:48.109] INFO (17898): Wallet sync [4635]: shielded=false, unshielded=true, dust=false
[11:11:48.201] INFO (17898): Wallet sync [4636]: shielded=false, unshielded=true, dust=false
[11:11:48.476] INFO (17898): Wallet sync [4637]: shielded=false, unshielded=true, dust=false
[11:11:48.664] INFO (17898): Wallet sync [4638]: shielded=false, unshielded=true, dust=false
[11:11:48.880] INFO (17898): Wallet sync [4639]: shielded=false, unshielded=true, dust=false
[11:11:49.102] INFO (17898): Wallet sync [4640]: shielded=false, unshielded=true, dust=false
[11:11:49.260] INFO (17898): Wallet sync [4641]: shielded=false, unshielded=true, dust=false
[11:11:49.430] INFO (17898): Wallet sync [4642]: shielded=false, unshielded=true, dust=false
[11:11:49.588] INFO (17898): Wallet sync [4643]: shielded=false, unshielded=true, dust=false
[11:11:49.710] INFO (17898): Wallet sync [4644]: shielded=false, unshielded=true, dust=false
[11:11:49.832] INFO (17898): Wallet sync [4645]: shielded=false, unshielded=true, dust=false
[11:11:49.946] INFO (17898): Wallet sync [4646]: shielded=false, unshielded=true, dust=false
[11:11:50.038] INFO (17898): Wallet sync [4647]: shielded=false, unshielded=true, dust=false
[11:11:50.143] INFO (17898): Wallet sync [4648]: shielded=false, unshielded=true, dust=false
[11:11:50.236] INFO (17898): Wallet sync [4649]: shielded=false, unshielded=true, dust=false
[11:11:50.308] INFO (17898): Wallet sync [4650]: shielded=false, unshielded=true, dust=false
[11:11:50.433] INFO (17898): Wallet sync [4651]: shielded=false, unshielded=true, dust=false
[11:11:50.535] INFO (17898): Wallet sync [4652]: shielded=false, unshielded=true, dust=false
[11:11:50.739] INFO (17898): Wallet sync [4653]: shielded=false, unshielded=true, dust=false
[11:11:51.015] INFO (17898): Wallet sync [4654]: shielded=false, unshielded=true, dust=false
[11:11:51.278] INFO (17898): Wallet sync [4655]: shielded=false, unshielded=true, dust=false
[11:11:51.451] INFO (17898): Wallet sync [4656]: shielded=false, unshielded=true, dust=false
[11:11:51.654] INFO (17898): Wallet sync [4657]: shielded=false, unshielded=true, dust=false
[11:11:51.818] INFO (17898): Wallet sync [4658]: shielded=false, unshielded=true, dust=false
[11:11:52.020] INFO (17898): Wallet sync [4659]: shielded=false, unshielded=true, dust=false
[11:11:52.236] INFO (17898): Wallet sync [4660]: shielded=false, unshielded=true, dust=false
[11:11:52.384] INFO (17898): Wallet sync [4661]: shielded=false, unshielded=true, dust=false
[11:11:52.508] INFO (17898): Wallet sync [4662]: shielded=false, unshielded=true, dust=false
[11:11:52.647] INFO (17898): Wallet sync [4663]: shielded=false, unshielded=true, dust=false
[11:11:52.798] INFO (17898): Wallet sync [4664]: shielded=false, unshielded=true, dust=false
[11:11:52.939] INFO (17898): Wallet sync [4665]: shielded=false, unshielded=true, dust=false
[11:11:53.102] INFO (17898): Wallet sync [4666]: shielded=false, unshielded=true, dust=false
[11:11:53.320] INFO (17898): Wallet sync [4667]: shielded=false, unshielded=true, dust=false
[11:11:53.392] INFO (17898): Wallet sync [4668]: shielded=false, unshielded=true, dust=false
[11:11:53.485] INFO (17898): Wallet sync [4669]: shielded=false, unshielded=true, dust=false
[11:11:53.560] INFO (17898): Wallet sync [4670]: shielded=false, unshielded=true, dust=false
[11:11:53.639] INFO (17898): Wallet sync [4671]: shielded=false, unshielded=true, dust=false
[11:11:53.711] INFO (17898): Wallet sync [4672]: shielded=false, unshielded=true, dust=false
[11:11:53.798] INFO (17898): Wallet sync [4673]: shielded=false, unshielded=true, dust=false
[11:11:53.865] INFO (17898): Wallet sync [4674]: shielded=false, unshielded=true, dust=false
[11:11:53.944] INFO (17898): Wallet sync [4675]: shielded=false, unshielded=true, dust=false
[11:11:54.026] INFO (17898): Wallet sync [4676]: shielded=false, unshielded=true, dust=false
[11:11:54.104] INFO (17898): Wallet sync [4677]: shielded=false, unshielded=true, dust=false
[11:11:54.177] INFO (17898): Wallet sync [4678]: shielded=false, unshielded=true, dust=false
[11:11:54.257] INFO (17898): Wallet sync [4679]: shielded=false, unshielded=true, dust=false
[11:11:54.385] INFO (17898): Wallet sync [4680]: shielded=false, unshielded=true, dust=false
[11:11:54.510] INFO (17898): Wallet sync [4681]: shielded=false, unshielded=true, dust=false
[11:11:54.597] INFO (17898): Wallet sync [4682]: shielded=false, unshielded=true, dust=false
[11:11:54.664] INFO (17898): Wallet sync [4683]: shielded=false, unshielded=true, dust=false
[11:11:54.716] INFO (17898): Wallet sync [4684]: shielded=false, unshielded=true, dust=false
[11:11:54.779] INFO (17898): Wallet sync [4685]: shielded=false, unshielded=true, dust=false
[11:11:54.853] INFO (17898): Wallet sync [4686]: shielded=false, unshielded=true, dust=false
[11:11:54.911] INFO (17898): Wallet sync [4687]: shielded=false, unshielded=true, dust=false
[11:11:54.961] INFO (17898): Wallet sync [4688]: shielded=false, unshielded=true, dust=false
[11:11:55.029] INFO (17898): Wallet sync [4689]: shielded=false, unshielded=true, dust=false
[11:11:55.085] INFO (17898): Wallet sync [4690]: shielded=false, unshielded=true, dust=false
[11:11:55.145] INFO (17898): Wallet sync [4691]: shielded=false, unshielded=true, dust=false
[11:11:55.198] INFO (17898): Wallet sync [4692]: shielded=false, unshielded=true, dust=false
[11:11:55.271] INFO (17898): Wallet sync [4693]: shielded=false, unshielded=true, dust=false
[11:11:55.321] INFO (17898): Wallet sync [4694]: shielded=false, unshielded=true, dust=false
[11:11:55.390] INFO (17898): Wallet sync [4695]: shielded=false, unshielded=true, dust=false
[11:11:55.453] INFO (17898): Wallet sync [4696]: shielded=false, unshielded=true, dust=false
[11:11:55.504] INFO (17898): Wallet sync [4697]: shielded=false, unshielded=true, dust=false
[11:11:55.570] INFO (17898): Wallet sync [4698]: shielded=false, unshielded=true, dust=false
[11:11:55.640] INFO (17898): Wallet sync [4699]: shielded=false, unshielded=true, dust=false
[11:11:55.681] INFO (17898): Wallet sync [4700]: shielded=false, unshielded=true, dust=false
[11:11:55.748] INFO (17898): Wallet sync [4701]: shielded=false, unshielded=true, dust=false
[11:11:55.794] INFO (17898): Wallet sync [4702]: shielded=false, unshielded=true, dust=false
[11:11:55.805] INFO (17898): Wallet sync [4703]: shielded=false, unshielded=true, dust=false
[11:11:55.839] INFO (17898): Wallet sync [4704]: shielded=false, unshielded=true, dust=false
[11:11:55.897] INFO (17898): Wallet sync [4705]: shielded=false, unshielded=true, dust=false
[11:11:55.959] INFO (17898): Wallet sync [4706]: shielded=false, unshielded=true, dust=false
[11:11:56.010] INFO (17898): Wallet sync [4707]: shielded=false, unshielded=true, dust=false
[11:11:56.075] INFO (17898): Wallet sync [4708]: shielded=false, unshielded=true, dust=false
[11:11:56.127] INFO (17898): Wallet sync [4709]: shielded=false, unshielded=true, dust=false
[11:11:56.189] INFO (17898): Wallet sync [4710]: shielded=false, unshielded=true, dust=false
[11:11:56.251] INFO (17898): Wallet sync [4711]: shielded=false, unshielded=true, dust=false
[11:11:56.322] INFO (17898): Wallet sync [4712]: shielded=false, unshielded=true, dust=false
[11:11:56.371] INFO (17898): Wallet sync [4713]: shielded=false, unshielded=true, dust=false
[11:11:56.429] INFO (17898): Wallet sync [4714]: shielded=false, unshielded=true, dust=false
[11:11:56.482] INFO (17898): Wallet sync [4715]: shielded=false, unshielded=true, dust=false
[11:11:56.550] INFO (17898): Wallet sync [4716]: shielded=false, unshielded=true, dust=false
[11:11:56.607] INFO (17898): Wallet sync [4717]: shielded=false, unshielded=true, dust=false
[11:11:56.676] INFO (17898): Wallet sync [4718]: shielded=false, unshielded=true, dust=false
[11:11:56.726] INFO (17898): Wallet sync [4719]: shielded=false, unshielded=true, dust=false
[11:11:56.767] INFO (17898): Wallet sync [4720]: shielded=false, unshielded=true, dust=false
[11:11:56.824] INFO (17898): Wallet sync [4721]: shielded=false, unshielded=true, dust=false
[11:11:56.894] INFO (17898): Wallet sync [4722]: shielded=false, unshielded=true, dust=false
[11:11:56.973] INFO (17898): Wallet sync [4723]: shielded=false, unshielded=true, dust=false
[11:11:57.013] INFO (17898): Wallet sync [4724]: shielded=false, unshielded=true, dust=false
[11:11:57.230] INFO (17898): Wallet sync [4725]: shielded=false, unshielded=true, dust=false
[11:11:57.347] INFO (17898): Wallet sync [4726]: shielded=false, unshielded=true, dust=false
[11:11:57.495] INFO (17898): Wallet sync [4727]: shielded=false, unshielded=true, dust=false
[11:11:57.612] INFO (17898): Wallet sync [4728]: shielded=false, unshielded=true, dust=false
[11:11:57.662] INFO (17898): Wallet sync [4729]: shielded=false, unshielded=true, dust=false
[11:11:57.719] INFO (17898): Wallet sync [4730]: shielded=false, unshielded=true, dust=false
[11:11:57.777] INFO (17898): Wallet sync [4731]: shielded=false, unshielded=true, dust=false
[11:11:57.846] INFO (17898): Wallet sync [4732]: shielded=false, unshielded=true, dust=false
[11:11:57.896] INFO (17898): Wallet sync [4733]: shielded=false, unshielded=true, dust=false
[11:11:57.957] INFO (17898): Wallet sync [4734]: shielded=false, unshielded=true, dust=false
[11:11:58.011] INFO (17898): Wallet sync [4735]: shielded=false, unshielded=true, dust=false
[11:11:58.080] INFO (17898): Wallet sync [4736]: shielded=false, unshielded=true, dust=false
[11:11:58.131] INFO (17898): Wallet sync [4737]: shielded=false, unshielded=true, dust=false
[11:11:58.198] INFO (17898): Wallet sync [4738]: shielded=false, unshielded=true, dust=false
[11:11:58.253] INFO (17898): Wallet sync [4739]: shielded=false, unshielded=true, dust=false
[11:11:58.342] INFO (17898): Wallet sync [4740]: shielded=false, unshielded=true, dust=false
[11:11:58.390] INFO (17898): Wallet sync [4741]: shielded=false, unshielded=true, dust=false
[11:11:58.456] INFO (17898): Wallet sync [4742]: shielded=false, unshielded=true, dust=false
[11:11:58.513] INFO (17898): Wallet sync [4743]: shielded=false, unshielded=true, dust=false
[11:11:58.574] INFO (17898): Wallet sync [4744]: shielded=false, unshielded=true, dust=false
[11:11:58.624] INFO (17898): Wallet sync [4745]: shielded=false, unshielded=true, dust=false
[11:11:58.687] INFO (17898): Wallet sync [4746]: shielded=false, unshielded=true, dust=false
[11:11:58.740] INFO (17898): Wallet sync [4747]: shielded=false, unshielded=true, dust=false
[11:11:58.805] INFO (17898): Wallet sync [4748]: shielded=false, unshielded=true, dust=false
[11:11:58.863] INFO (17898): Wallet sync [4749]: shielded=false, unshielded=true, dust=false
[11:11:58.904] INFO (17898): Wallet sync [4750]: shielded=false, unshielded=true, dust=false
[11:11:58.953] INFO (17898): Wallet sync [4751]: shielded=false, unshielded=true, dust=false
[11:11:59.020] INFO (17898): Wallet sync [4752]: shielded=false, unshielded=true, dust=false
[11:11:59.069] INFO (17898): Wallet sync [4753]: shielded=false, unshielded=true, dust=false
[11:11:59.138] INFO (17898): Wallet sync [4754]: shielded=false, unshielded=true, dust=false
[11:11:59.210] INFO (17898): Wallet sync [4755]: shielded=false, unshielded=true, dust=false
[11:11:59.274] INFO (17898): Wallet sync [4756]: shielded=false, unshielded=true, dust=false
[11:11:59.324] INFO (17898): Wallet sync [4757]: shielded=false, unshielded=true, dust=false
[11:11:59.386] INFO (17898): Wallet sync [4758]: shielded=false, unshielded=true, dust=false
[11:11:59.447] INFO (17898): Wallet sync [4759]: shielded=false, unshielded=true, dust=false
[11:11:59.516] INFO (17898): Wallet sync [4760]: shielded=false, unshielded=true, dust=false
[11:11:59.581] INFO (17898): Wallet sync [4761]: shielded=false, unshielded=true, dust=false
[11:11:59.646] INFO (17898): Wallet sync [4762]: shielded=false, unshielded=true, dust=false
[11:11:59.697] INFO (17898): Wallet sync [4763]: shielded=false, unshielded=true, dust=false
[11:11:59.754] INFO (17898): Wallet sync [4764]: shielded=false, unshielded=true, dust=false
[11:11:59.815] INFO (17898): Wallet sync [4765]: shielded=false, unshielded=true, dust=false
[11:11:59.874] INFO (17898): Wallet sync [4766]: shielded=false, unshielded=true, dust=false
[11:11:59.922] INFO (17898): Wallet sync [4767]: shielded=false, unshielded=true, dust=false
[11:11:59.979] INFO (17898): Wallet sync [4768]: shielded=false, unshielded=true, dust=false
[11:12:00.048] INFO (17898): Wallet sync [4769]: shielded=false, unshielded=true, dust=false
[11:12:00.123] INFO (17898): Wallet sync [4770]: shielded=false, unshielded=true, dust=false
[11:12:00.171] INFO (17898): Wallet sync [4771]: shielded=false, unshielded=true, dust=false
[11:12:00.234] INFO (17898): Wallet sync [4772]: shielded=false, unshielded=true, dust=false
[11:12:00.290] INFO (17898): Wallet sync [4773]: shielded=false, unshielded=true, dust=false
[11:12:00.366] INFO (17898): Wallet sync [4774]: shielded=false, unshielded=true, dust=false
[11:12:00.430] INFO (17898): Wallet sync [4775]: shielded=false, unshielded=true, dust=false
[11:12:00.491] INFO (17898): Wallet sync [4776]: shielded=false, unshielded=true, dust=false
[11:12:00.544] INFO (17898): Wallet sync [4777]: shielded=false, unshielded=true, dust=false
[11:12:00.611] INFO (17898): Wallet sync [4778]: shielded=false, unshielded=true, dust=false
[11:12:00.678] INFO (17898): Wallet sync [4779]: shielded=false, unshielded=true, dust=false
[11:12:00.736] INFO (17898): Wallet sync [4780]: shielded=false, unshielded=true, dust=false
[11:12:00.787] INFO (17898): Wallet sync [4781]: shielded=false, unshielded=true, dust=false
[11:12:00.847] INFO (17898): Wallet sync [4782]: shielded=false, unshielded=true, dust=false
[11:12:00.905] INFO (17898): Wallet sync [4783]: shielded=false, unshielded=true, dust=false
[11:12:00.963] INFO (17898): Wallet sync [4784]: shielded=false, unshielded=true, dust=false
[11:12:01.015] INFO (17898): Wallet sync [4785]: shielded=false, unshielded=true, dust=false
[11:12:01.091] INFO (17898): Wallet sync [4786]: shielded=false, unshielded=true, dust=false
[11:12:01.154] INFO (17898): Wallet sync [4787]: shielded=false, unshielded=true, dust=false
[11:12:01.243] INFO (17898): Wallet sync [4788]: shielded=false, unshielded=true, dust=false
[11:12:01.315] INFO (17898): Wallet sync [4789]: shielded=false, unshielded=true, dust=false
[11:12:01.388] INFO (17898): Wallet sync [4790]: shielded=false, unshielded=true, dust=false
[11:12:01.437] INFO (17898): Wallet sync [4791]: shielded=false, unshielded=true, dust=false
[11:12:01.480] INFO (17898): Wallet sync [4792]: shielded=false, unshielded=true, dust=false
[11:12:01.537] INFO (17898): Wallet sync [4793]: shielded=false, unshielded=true, dust=false
[11:12:01.576] INFO (17898): Wallet sync [4794]: shielded=false, unshielded=true, dust=false
[11:12:01.637] INFO (17898): Wallet sync [4795]: shielded=false, unshielded=true, dust=false
[11:12:01.700] INFO (17898): Wallet sync [4796]: shielded=false, unshielded=true, dust=false
[11:12:01.755] INFO (17898): Wallet sync [4797]: shielded=false, unshielded=true, dust=false
[11:12:01.824] INFO (17898): Wallet sync [4798]: shielded=false, unshielded=true, dust=false
[11:12:01.877] INFO (17898): Wallet sync [4799]: shielded=false, unshielded=true, dust=false
[11:12:01.972] INFO (17898): Wallet sync [4800]: shielded=false, unshielded=true, dust=false
[11:12:02.042] INFO (17898): Wallet sync [4801]: shielded=false, unshielded=true, dust=false
[11:12:02.095] INFO (17898): Wallet sync [4802]: shielded=false, unshielded=true, dust=false
[11:12:02.139] INFO (17898): Wallet sync [4803]: shielded=false, unshielded=true, dust=false
[11:12:02.182] INFO (17898): Wallet sync [4804]: shielded=false, unshielded=true, dust=false
[11:12:02.247] INFO (17898): Wallet sync [4805]: shielded=false, unshielded=true, dust=false
[11:12:02.319] INFO (17898): Wallet sync [4806]: shielded=false, unshielded=true, dust=false
[11:12:02.380] INFO (17898): Wallet sync [4807]: shielded=false, unshielded=true, dust=false
[11:12:02.443] INFO (17898): Wallet sync [4808]: shielded=false, unshielded=true, dust=false
[11:12:02.506] INFO (17898): Wallet sync [4809]: shielded=false, unshielded=true, dust=false
[11:12:02.606] INFO (17898): Wallet sync [4810]: shielded=false, unshielded=true, dust=false
[11:12:02.782] INFO (17898): Wallet sync [4811]: shielded=false, unshielded=true, dust=false
[11:12:02.995] INFO (17898): Wallet sync [4812]: shielded=false, unshielded=true, dust=false
[11:12:03.143] INFO (17898): Wallet sync [4813]: shielded=false, unshielded=true, dust=false
[11:12:03.267] INFO (17898): Wallet sync [4814]: shielded=false, unshielded=true, dust=false
[11:12:03.353] INFO (17898): Wallet sync [4815]: shielded=false, unshielded=true, dust=false
[11:12:03.421] INFO (17898): Wallet sync [4816]: shielded=false, unshielded=true, dust=false
[11:12:03.492] INFO (17898): Wallet sync [4817]: shielded=false, unshielded=true, dust=false
[11:12:03.575] INFO (17898): Wallet sync [4818]: shielded=false, unshielded=true, dust=false
[11:12:03.641] INFO (17898): Wallet sync [4819]: shielded=false, unshielded=true, dust=false
[11:12:03.711] INFO (17898): Wallet sync [4820]: shielded=false, unshielded=true, dust=false
[11:12:03.771] INFO (17898): Wallet sync [4821]: shielded=false, unshielded=true, dust=false
[11:12:03.829] INFO (17898): Wallet sync [4822]: shielded=false, unshielded=true, dust=false
[11:12:03.908] INFO (17898): Wallet sync [4823]: shielded=false, unshielded=true, dust=false
[11:12:03.986] INFO (17898): Wallet sync [4824]: shielded=false, unshielded=true, dust=false
[11:12:04.069] INFO (17898): Wallet sync [4825]: shielded=false, unshielded=true, dust=false
[11:12:04.183] INFO (17898): Wallet sync [4826]: shielded=false, unshielded=true, dust=false
[11:12:04.242] INFO (17898): Wallet sync [4827]: shielded=false, unshielded=true, dust=false
[11:12:04.322] INFO (17898): Wallet sync [4828]: shielded=false, unshielded=true, dust=false
[11:12:04.377] INFO (17898): Wallet sync [4829]: shielded=false, unshielded=true, dust=false
[11:12:04.441] INFO (17898): Wallet sync [4830]: shielded=false, unshielded=true, dust=false
[11:12:04.499] INFO (17898): Wallet sync [4831]: shielded=false, unshielded=true, dust=false
[11:12:04.566] INFO (17898): Wallet sync [4832]: shielded=false, unshielded=true, dust=false
[11:12:04.615] INFO (17898): Wallet sync [4833]: shielded=false, unshielded=true, dust=false
[11:12:04.674] INFO (17898): Wallet sync [4834]: shielded=false, unshielded=true, dust=false
[11:12:04.734] INFO (17898): Wallet sync [4835]: shielded=false, unshielded=true, dust=false
[11:12:04.808] INFO (17898): Wallet sync [4836]: shielded=false, unshielded=true, dust=false
[11:12:04.863] INFO (17898): Wallet sync [4837]: shielded=false, unshielded=true, dust=false
[11:12:04.919] INFO (17898): Wallet sync [4838]: shielded=false, unshielded=true, dust=false
[11:12:04.974] INFO (17898): Wallet sync [4839]: shielded=false, unshielded=true, dust=false
[11:12:05.043] INFO (17898): Wallet sync [4840]: shielded=false, unshielded=true, dust=false
[11:12:05.098] INFO (17898): Wallet sync [4841]: shielded=false, unshielded=true, dust=false
[11:12:05.143] INFO (17898): Wallet sync [4842]: shielded=false, unshielded=true, dust=false
[11:12:05.182] INFO (17898): Wallet sync [4843]: shielded=false, unshielded=true, dust=false
[11:12:05.247] INFO (17898): Wallet sync [4844]: shielded=false, unshielded=true, dust=false
[11:12:05.327] INFO (17898): Wallet sync [4845]: shielded=false, unshielded=true, dust=false
[11:12:05.386] INFO (17898): Wallet sync [4846]: shielded=false, unshielded=true, dust=false
[11:12:05.436] INFO (17898): Wallet sync [4847]: shielded=false, unshielded=true, dust=false
[11:12:05.501] INFO (17898): Wallet sync [4848]: shielded=false, unshielded=true, dust=false
[11:12:05.568] INFO (17898): Wallet sync [4849]: shielded=false, unshielded=true, dust=false
[11:12:05.629] INFO (17898): Wallet sync [4850]: shielded=false, unshielded=true, dust=false
[11:12:05.681] INFO (17898): Wallet sync [4851]: shielded=false, unshielded=true, dust=false
[11:12:05.748] INFO (17898): Wallet sync [4852]: shielded=false, unshielded=true, dust=false
[11:12:05.812] INFO (17898): Wallet sync [4853]: shielded=false, unshielded=true, dust=false
[11:12:05.875] INFO (17898): Wallet sync [4854]: shielded=false, unshielded=true, dust=false
[11:12:05.930] INFO (17898): Wallet sync [4855]: shielded=false, unshielded=true, dust=false
[11:12:05.989] INFO (17898): Wallet sync [4856]: shielded=false, unshielded=true, dust=false
[11:12:06.047] INFO (17898): Wallet sync [4857]: shielded=false, unshielded=true, dust=false
[11:12:06.157] INFO (17898): Wallet sync [4858]: shielded=false, unshielded=true, dust=false
[11:12:06.211] INFO (17898): Wallet sync [4859]: shielded=false, unshielded=true, dust=false
[11:12:06.270] INFO (17898): Wallet sync [4860]: shielded=false, unshielded=true, dust=false
[11:12:06.320] INFO (17898): Wallet sync [4861]: shielded=false, unshielded=true, dust=false
[11:12:06.383] INFO (17898): Wallet sync [4862]: shielded=false, unshielded=true, dust=false
[11:12:06.455] INFO (17898): Wallet sync [4863]: shielded=false, unshielded=true, dust=false
[11:12:06.543] INFO (17898): Wallet sync [4864]: shielded=false, unshielded=true, dust=false
[11:12:06.592] INFO (17898): Wallet sync [4865]: shielded=false, unshielded=true, dust=false
[11:12:06.665] INFO (17898): Wallet sync [4866]: shielded=false, unshielded=true, dust=false
[11:12:06.721] INFO (17898): Wallet sync [4867]: shielded=false, unshielded=true, dust=false
[11:12:06.780] INFO (17898): Wallet sync [4868]: shielded=false, unshielded=true, dust=false
[11:12:06.847] INFO (17898): Wallet sync [4869]: shielded=false, unshielded=true, dust=false
[11:12:06.914] INFO (17898): Wallet sync [4870]: shielded=false, unshielded=true, dust=false
[11:12:06.962] INFO (17898): Wallet sync [4871]: shielded=false, unshielded=true, dust=false
[11:12:07.025] INFO (17898): Wallet sync [4872]: shielded=false, unshielded=true, dust=false
[11:12:07.080] INFO (17898): Wallet sync [4873]: shielded=false, unshielded=true, dust=false
[11:12:07.125] INFO (17898): Wallet sync [4874]: shielded=false, unshielded=true, dust=false
[11:12:07.182] INFO (17898): Wallet sync [4875]: shielded=false, unshielded=true, dust=false
[11:12:07.244] INFO (17898): Wallet sync [4876]: shielded=false, unshielded=true, dust=false
[11:12:07.292] INFO (17898): Wallet sync [4877]: shielded=false, unshielded=true, dust=false
[11:12:07.331] INFO (17898): Wallet sync [4878]: shielded=false, unshielded=true, dust=false
[11:12:07.394] INFO (17898): Wallet sync [4879]: shielded=false, unshielded=true, dust=false
[11:12:07.464] INFO (17898): Wallet sync [4880]: shielded=false, unshielded=true, dust=false
[11:12:07.524] INFO (17898): Wallet sync [4881]: shielded=false, unshielded=true, dust=false
[11:12:07.585] INFO (17898): Wallet sync [4882]: shielded=false, unshielded=true, dust=false
[11:12:07.646] INFO (17898): Wallet sync [4883]: shielded=false, unshielded=true, dust=false
[11:12:07.710] INFO (17898): Wallet sync [4884]: shielded=false, unshielded=true, dust=false
[11:12:07.764] INFO (17898): Wallet sync [4885]: shielded=false, unshielded=true, dust=false
[11:12:07.803] INFO (17898): Wallet sync [4886]: shielded=false, unshielded=true, dust=false
[11:12:07.854] INFO (17898): Wallet sync [4887]: shielded=false, unshielded=true, dust=false
[11:12:07.928] INFO (17898): Wallet sync [4888]: shielded=false, unshielded=true, dust=false
[11:12:07.984] INFO (17898): Wallet sync [4889]: shielded=false, unshielded=true, dust=false
[11:12:08.047] INFO (17898): Wallet sync [4890]: shielded=false, unshielded=true, dust=false
[11:12:08.109] INFO (17898): Wallet sync [4891]: shielded=false, unshielded=true, dust=false
[11:12:08.162] INFO (17898): Wallet sync [4892]: shielded=false, unshielded=true, dust=false
[11:12:08.219] INFO (17898): Wallet sync [4893]: shielded=false, unshielded=true, dust=false
[11:12:08.280] INFO (17898): Wallet sync [4894]: shielded=false, unshielded=true, dust=false
[11:12:08.330] INFO (17898): Wallet sync [4895]: shielded=false, unshielded=true, dust=false
[11:12:08.397] INFO (17898): Wallet sync [4896]: shielded=false, unshielded=true, dust=false
[11:12:08.457] INFO (17898): Wallet sync [4897]: shielded=false, unshielded=true, dust=false
[11:12:08.526] INFO (17898): Wallet sync [4898]: shielded=false, unshielded=true, dust=false
[11:12:08.585] INFO (17898): Wallet sync [4899]: shielded=false, unshielded=true, dust=false
[11:12:08.654] INFO (17898): Wallet sync [4900]: shielded=false, unshielded=true, dust=false
[11:12:08.708] INFO (17898): Wallet sync [4901]: shielded=false, unshielded=true, dust=false
[11:12:08.778] INFO (17898): Wallet sync [4902]: shielded=false, unshielded=true, dust=false
[11:12:08.836] INFO (17898): Wallet sync [4903]: shielded=false, unshielded=true, dust=false
[11:12:08.895] INFO (17898): Wallet sync [4904]: shielded=false, unshielded=true, dust=false
[11:12:08.968] INFO (17898): Wallet sync [4905]: shielded=false, unshielded=true, dust=false
[11:12:09.045] INFO (17898): Wallet sync [4906]: shielded=false, unshielded=true, dust=false
[11:12:09.093] INFO (17898): Wallet sync [4907]: shielded=false, unshielded=true, dust=false
[11:12:09.157] INFO (17898): Wallet sync [4908]: shielded=false, unshielded=true, dust=false
[11:12:09.217] INFO (17898): Wallet sync [4909]: shielded=false, unshielded=true, dust=false
[11:12:09.287] INFO (17898): Wallet sync [4910]: shielded=false, unshielded=true, dust=false
[11:12:09.338] INFO (17898): Wallet sync [4911]: shielded=false, unshielded=true, dust=false
[11:12:09.407] INFO (17898): Wallet sync [4912]: shielded=false, unshielded=true, dust=false
[11:12:09.456] INFO (17898): Wallet sync [4913]: shielded=false, unshielded=true, dust=false
[11:12:09.529] INFO (17898): Wallet sync [4914]: shielded=false, unshielded=true, dust=false
[11:12:09.589] INFO (17898): Wallet sync [4915]: shielded=false, unshielded=true, dust=false
[11:12:09.646] INFO (17898): Wallet sync [4916]: shielded=false, unshielded=true, dust=false
[11:12:09.702] INFO (17898): Wallet sync [4917]: shielded=false, unshielded=true, dust=false
[11:12:09.779] INFO (17898): Wallet sync [4918]: shielded=false, unshielded=true, dust=false
[11:12:09.828] INFO (17898): Wallet sync [4919]: shielded=false, unshielded=true, dust=false
[11:12:09.893] INFO (17898): Wallet sync [4920]: shielded=false, unshielded=true, dust=false
[11:12:09.953] INFO (17898): Wallet sync [4921]: shielded=false, unshielded=true, dust=false
[11:12:10.017] INFO (17898): Wallet sync [4922]: shielded=false, unshielded=true, dust=false
[11:12:10.067] INFO (17898): Wallet sync [4923]: shielded=false, unshielded=true, dust=false
[11:12:10.137] INFO (17898): Wallet sync [4924]: shielded=false, unshielded=true, dust=false
[11:12:10.173] INFO (17898): Wallet sync [4925]: shielded=false, unshielded=true, dust=false
[11:12:10.230] INFO (17898): Wallet sync [4926]: shielded=false, unshielded=true, dust=false
[11:12:10.282] INFO (17898): Wallet sync [4927]: shielded=false, unshielded=true, dust=false
[11:12:10.348] INFO (17898): Wallet sync [4928]: shielded=false, unshielded=true, dust=false
[11:12:10.398] INFO (17898): Wallet sync [4929]: shielded=false, unshielded=true, dust=false
[11:12:10.460] INFO (17898): Wallet sync [4930]: shielded=false, unshielded=true, dust=false
[11:12:10.510] INFO (17898): Wallet sync [4931]: shielded=false, unshielded=true, dust=false
[11:12:10.580] INFO (17898): Wallet sync [4932]: shielded=false, unshielded=true, dust=false
[11:12:10.631] INFO (17898): Wallet sync [4933]: shielded=false, unshielded=true, dust=false
[11:12:10.690] INFO (17898): Wallet sync [4934]: shielded=false, unshielded=true, dust=false
[11:12:10.738] INFO (17898): Wallet sync [4935]: shielded=false, unshielded=true, dust=false
[11:12:10.796] INFO (17898): Wallet sync [4936]: shielded=false, unshielded=true, dust=false
[11:12:10.846] INFO (17898): Wallet sync [4937]: shielded=false, unshielded=true, dust=false
[11:12:10.908] INFO (17898): Wallet sync [4938]: shielded=false, unshielded=true, dust=false
[11:12:10.958] INFO (17898): Wallet sync [4939]: shielded=false, unshielded=true, dust=false
[11:12:11.012] INFO (17898): Wallet sync [4940]: shielded=false, unshielded=true, dust=false
[11:12:11.081] INFO (17898): Wallet sync [4941]: shielded=false, unshielded=true, dust=false
[11:12:11.149] INFO (17898): Wallet sync [4942]: shielded=false, unshielded=true, dust=false
[11:12:11.200] INFO (17898): Wallet sync [4943]: shielded=false, unshielded=true, dust=false
[11:12:11.257] INFO (17898): Wallet sync [4944]: shielded=false, unshielded=true, dust=false
[11:12:11.304] INFO (17898): Wallet sync [4945]: shielded=false, unshielded=true, dust=false
[11:12:11.375] INFO (17898): Wallet sync [4946]: shielded=false, unshielded=true, dust=false
[11:12:11.429] INFO (17898): Wallet sync [4947]: shielded=false, unshielded=true, dust=false
[11:12:11.489] INFO (17898): Wallet sync [4948]: shielded=false, unshielded=true, dust=false
[11:12:11.541] INFO (17898): Wallet sync [4949]: shielded=false, unshielded=true, dust=false
[11:12:11.597] INFO (17898): Wallet sync [4950]: shielded=false, unshielded=true, dust=false
[11:12:11.648] INFO (17898): Wallet sync [4951]: shielded=false, unshielded=true, dust=false
[11:12:11.708] INFO (17898): Wallet sync [4952]: shielded=false, unshielded=true, dust=false
[11:12:11.770] INFO (17898): Wallet sync [4953]: shielded=false, unshielded=true, dust=false
[11:12:11.848] INFO (17898): Wallet sync [4954]: shielded=false, unshielded=true, dust=false
[11:12:11.898] INFO (17898): Wallet sync [4955]: shielded=false, unshielded=true, dust=false
[11:12:11.961] INFO (17898): Wallet sync [4956]: shielded=false, unshielded=true, dust=false
[11:12:12.012] INFO (17898): Wallet sync [4957]: shielded=false, unshielded=true, dust=false
[11:12:12.077] INFO (17898): Wallet sync [4958]: shielded=false, unshielded=true, dust=false
[11:12:12.130] INFO (17898): Wallet sync [4959]: shielded=false, unshielded=true, dust=false
[11:12:12.193] INFO (17898): Wallet sync [4960]: shielded=false, unshielded=true, dust=false
[11:12:12.240] INFO (17898): Wallet sync [4961]: shielded=false, unshielded=true, dust=false
[11:12:12.304] INFO (17898): Wallet sync [4962]: shielded=false, unshielded=true, dust=false
[11:12:12.355] INFO (17898): Wallet sync [4963]: shielded=false, unshielded=true, dust=false
[11:12:12.415] INFO (17898): Wallet sync [4964]: shielded=false, unshielded=true, dust=false
[11:12:12.472] INFO (17898): Wallet sync [4965]: shielded=false, unshielded=true, dust=false
[11:12:12.537] INFO (17898): Wallet sync [4966]: shielded=false, unshielded=true, dust=false
[11:12:12.590] INFO (17898): Wallet sync [4967]: shielded=false, unshielded=true, dust=false
[11:12:12.651] INFO (17898): Wallet sync [4968]: shielded=false, unshielded=true, dust=false
[11:12:12.687] INFO (17898): Wallet sync [4969]: shielded=false, unshielded=true, dust=false
[11:12:12.754] INFO (17898): Wallet sync [4970]: shielded=false, unshielded=true, dust=false
[11:12:12.809] INFO (17898): Wallet sync [4971]: shielded=false, unshielded=true, dust=false
[11:12:12.870] INFO (17898): Wallet sync [4972]: shielded=false, unshielded=true, dust=false
[11:12:12.940] INFO (17898): Wallet sync [4973]: shielded=false, unshielded=true, dust=false
[11:12:13.005] INFO (17898): Wallet sync [4974]: shielded=false, unshielded=true, dust=false
[11:12:13.054] INFO (17898): Wallet sync [4975]: shielded=false, unshielded=true, dust=false
[11:12:13.108] INFO (17898): Wallet sync [4976]: shielded=false, unshielded=true, dust=false
[11:12:13.177] INFO (17898): Wallet sync [4977]: shielded=false, unshielded=true, dust=false
[11:12:13.271] INFO (17898): Wallet sync [4978]: shielded=false, unshielded=true, dust=false
[11:12:13.315] INFO (17898): Wallet sync [4979]: shielded=false, unshielded=true, dust=false
[11:12:13.383] INFO (17898): Wallet sync [4980]: shielded=false, unshielded=true, dust=false
[11:12:13.432] INFO (17898): Wallet sync [4981]: shielded=false, unshielded=true, dust=false
[11:12:13.499] INFO (17898): Wallet sync [4982]: shielded=false, unshielded=true, dust=false
[11:12:13.560] INFO (17898): Wallet sync [4983]: shielded=false, unshielded=true, dust=false
[11:12:13.628] INFO (17898): Wallet sync [4984]: shielded=false, unshielded=true, dust=false
[11:12:13.724] INFO (17898): Wallet sync [4985]: shielded=false, unshielded=true, dust=false
[11:12:13.784] INFO (17898): Wallet sync [4986]: shielded=false, unshielded=true, dust=false
[11:12:13.842] INFO (17898): Wallet sync [4987]: shielded=false, unshielded=true, dust=false
[11:12:13.917] INFO (17898): Wallet sync [4988]: shielded=false, unshielded=true, dust=false
[11:12:14.007] INFO (17898): Wallet sync [4989]: shielded=false, unshielded=true, dust=false
[11:12:14.072] INFO (17898): Wallet sync [4990]: shielded=false, unshielded=true, dust=false
[11:12:14.148] INFO (17898): Wallet sync [4991]: shielded=false, unshielded=true, dust=false
[11:12:14.229] INFO (17898): Wallet sync [4992]: shielded=false, unshielded=true, dust=false
[11:12:14.320] INFO (17898): Wallet sync [4993]: shielded=false, unshielded=true, dust=false
[11:12:14.386] INFO (17898): Wallet sync [4994]: shielded=false, unshielded=true, dust=false
[11:12:14.478] INFO (17898): Wallet sync [4995]: shielded=false, unshielded=true, dust=false
[11:12:14.563] INFO (17898): Wallet sync [4996]: shielded=false, unshielded=true, dust=false
[11:12:14.613] INFO (17898): Wallet sync [4997]: shielded=false, unshielded=true, dust=false
[11:12:14.719] INFO (17898): Wallet sync [4998]: shielded=false, unshielded=true, dust=false
[11:12:14.837] INFO (17898): Wallet sync [4999]: shielded=false, unshielded=true, dust=false
[11:12:14.913] INFO (17898): Wallet sync [5000]: shielded=false, unshielded=true, dust=false
[11:12:14.959] INFO (17898): Wallet sync [5001]: shielded=false, unshielded=true, dust=false
[11:12:15.043] INFO (17898): Wallet sync [5002]: shielded=false, unshielded=true, dust=false
[11:12:15.111] INFO (17898): Wallet sync [5003]: shielded=false, unshielded=true, dust=false
[11:12:15.197] INFO (17898): Wallet sync [5004]: shielded=false, unshielded=true, dust=false
[11:12:15.303] INFO (17898): Wallet sync [5005]: shielded=false, unshielded=true, dust=false
[11:12:15.380] INFO (17898): Wallet sync [5006]: shielded=false, unshielded=true, dust=false
[11:12:15.459] INFO (17898): Wallet sync [5007]: shielded=false, unshielded=true, dust=false
[11:12:15.646] INFO (17898): Wallet sync [5008]: shielded=false, unshielded=true, dust=false
[11:12:15.749] INFO (17898): Wallet sync [5009]: shielded=false, unshielded=true, dust=false
[11:12:15.841] INFO (17898): Wallet sync [5010]: shielded=false, unshielded=true, dust=false
[11:12:15.974] INFO (17898): Wallet sync [5011]: shielded=false, unshielded=true, dust=false
[11:12:16.054] INFO (17898): Wallet sync [5012]: shielded=false, unshielded=true, dust=false
[11:12:16.108] INFO (17898): Wallet sync [5013]: shielded=false, unshielded=true, dust=false
[11:12:16.177] INFO (17898): Wallet sync [5014]: shielded=false, unshielded=true, dust=false
[11:12:16.229] INFO (17898): Wallet sync [5015]: shielded=false, unshielded=true, dust=false
[11:12:16.448] INFO (17898): Wallet sync [5016]: shielded=false, unshielded=true, dust=false
[11:12:16.761] INFO (17898): Wallet sync [5017]: shielded=false, unshielded=true, dust=false
[11:12:16.915] INFO (17898): Wallet sync [5018]: shielded=false, unshielded=true, dust=false
[11:12:16.999] INFO (17898): Wallet sync [5019]: shielded=false, unshielded=true, dust=false
[11:12:17.134] INFO (17898): Wallet sync [5020]: shielded=false, unshielded=true, dust=false
[11:12:17.244] INFO (17898): Wallet sync [5021]: shielded=false, unshielded=true, dust=false
[11:12:17.379] INFO (17898): Wallet sync [5022]: shielded=false, unshielded=true, dust=false
[11:12:17.604] INFO (17898): Wallet sync [5023]: shielded=false, unshielded=true, dust=false
[11:12:17.940] INFO (17898): Wallet sync [5024]: shielded=false, unshielded=true, dust=false
[11:12:18.105] INFO (17898): Wallet sync [5025]: shielded=false, unshielded=true, dust=false
[11:12:18.188] INFO (17898): Wallet sync [5026]: shielded=false, unshielded=true, dust=false
[11:12:18.297] INFO (17898): Wallet sync [5027]: shielded=false, unshielded=true, dust=false
[11:12:18.429] INFO (17898): Wallet sync [5028]: shielded=false, unshielded=true, dust=false
[11:12:18.542] INFO (17898): Wallet sync [5029]: shielded=false, unshielded=true, dust=false
[11:12:18.708] INFO (17898): Wallet sync [5030]: shielded=false, unshielded=true, dust=false
[11:12:18.820] INFO (17898): Wallet sync [5031]: shielded=false, unshielded=true, dust=false
[11:12:18.994] INFO (17898): Wallet sync [5032]: shielded=false, unshielded=true, dust=false
[11:12:19.071] INFO (17898): Wallet sync [5033]: shielded=false, unshielded=true, dust=false
[11:12:19.177] INFO (17898): Wallet sync [5034]: shielded=false, unshielded=true, dust=false
[11:12:19.242] INFO (17898): Wallet sync [5035]: shielded=false, unshielded=true, dust=false
[11:12:19.309] INFO (17898): Wallet sync [5036]: shielded=false, unshielded=true, dust=false
[11:12:19.348] INFO (17898): Wallet sync [5037]: shielded=false, unshielded=true, dust=false
[11:12:19.449] INFO (17898): Wallet sync [5038]: shielded=false, unshielded=true, dust=false
[11:12:19.525] INFO (17898): Wallet sync [5039]: shielded=false, unshielded=true, dust=false
[11:12:19.623] INFO (17898): Wallet sync [5040]: shielded=false, unshielded=true, dust=false
[11:12:19.722] INFO (17898): Wallet sync [5041]: shielded=false, unshielded=true, dust=false
[11:12:19.888] INFO (17898): Wallet sync [5042]: shielded=false, unshielded=true, dust=false
[11:12:19.943] INFO (17898): Wallet sync [5043]: shielded=false, unshielded=true, dust=false
[11:12:20.046] INFO (17898): Wallet sync [5044]: shielded=false, unshielded=true, dust=false
[11:12:20.132] INFO (17898): Wallet sync [5045]: shielded=false, unshielded=true, dust=false
[11:12:20.255] INFO (17898): Wallet sync [5046]: shielded=false, unshielded=true, dust=false
[11:12:20.346] INFO (17898): Wallet sync [5047]: shielded=false, unshielded=true, dust=false
[11:12:20.437] INFO (17898): Wallet sync [5048]: shielded=false, unshielded=true, dust=false
[11:12:20.505] INFO (17898): Wallet sync [5049]: shielded=false, unshielded=true, dust=false
[11:12:20.641] INFO (17898): Wallet sync [5050]: shielded=false, unshielded=true, dust=false
[11:12:20.712] INFO (17898): Wallet sync [5051]: shielded=false, unshielded=true, dust=false
[11:12:20.785] INFO (17898): Wallet sync [5052]: shielded=false, unshielded=true, dust=false
[11:12:20.858] INFO (17898): Wallet sync [5053]: shielded=false, unshielded=true, dust=false
[11:12:20.911] INFO (17898): Wallet sync [5054]: shielded=false, unshielded=true, dust=false
[11:12:20.981] INFO (17898): Wallet sync [5055]: shielded=false, unshielded=true, dust=false
[11:12:21.047] INFO (17898): Wallet sync [5056]: shielded=false, unshielded=true, dust=false
[11:12:21.126] INFO (17898): Wallet sync [5057]: shielded=false, unshielded=true, dust=false
[11:12:21.192] INFO (17898): Wallet sync [5058]: shielded=false, unshielded=true, dust=false
[11:12:21.246] INFO (17898): Wallet sync [5059]: shielded=false, unshielded=true, dust=false
[11:12:21.305] INFO (17898): Wallet sync [5060]: shielded=false, unshielded=true, dust=false
[11:12:21.374] INFO (17898): Wallet sync [5061]: shielded=false, unshielded=true, dust=false
[11:12:21.442] INFO (17898): Wallet sync [5062]: shielded=false, unshielded=true, dust=false
[11:12:21.479] INFO (17898): Wallet sync [5063]: shielded=false, unshielded=true, dust=false
[11:12:21.577] INFO (17898): Wallet sync [5064]: shielded=false, unshielded=true, dust=false
[11:12:21.671] INFO (17898): Wallet sync [5065]: shielded=false, unshielded=true, dust=false
[11:12:21.807] INFO (17898): Wallet sync [5066]: shielded=false, unshielded=true, dust=false
[11:12:21.885] INFO (17898): Wallet sync [5067]: shielded=false, unshielded=true, dust=false
[11:12:22.039] INFO (17898): Wallet sync [5068]: shielded=false, unshielded=true, dust=false
[11:12:22.145] INFO (17898): Wallet sync [5069]: shielded=false, unshielded=true, dust=false
[11:12:22.261] INFO (17898): Wallet sync [5070]: shielded=false, unshielded=true, dust=false
[11:12:22.387] INFO (17898): Wallet sync [5071]: shielded=false, unshielded=true, dust=false
[11:12:22.487] INFO (17898): Wallet sync [5072]: shielded=false, unshielded=true, dust=false
[11:12:22.528] INFO (17898): Wallet sync [5073]: shielded=false, unshielded=true, dust=false
[11:12:22.591] INFO (17898): Wallet sync [5074]: shielded=false, unshielded=true, dust=false
[11:12:22.661] INFO (17898): Wallet sync [5075]: shielded=false, unshielded=true, dust=false
[11:12:22.729] INFO (17898): Wallet sync [5076]: shielded=false, unshielded=true, dust=false
[11:12:22.794] INFO (17898): Wallet sync [5077]: shielded=false, unshielded=true, dust=false
[11:12:22.862] INFO (17898): Wallet sync [5078]: shielded=false, unshielded=true, dust=false
[11:12:22.912] INFO (17898): Wallet sync [5079]: shielded=false, unshielded=true, dust=false
[11:12:22.985] INFO (17898): Wallet sync [5080]: shielded=false, unshielded=true, dust=false
[11:12:23.072] INFO (17898): Wallet sync [5081]: shielded=false, unshielded=true, dust=false
[11:12:23.138] INFO (17898): Wallet sync [5082]: shielded=false, unshielded=true, dust=false
[11:12:23.234] INFO (17898): Wallet sync [5083]: shielded=false, unshielded=true, dust=false
[11:12:23.344] INFO (17898): Wallet sync [5084]: shielded=false, unshielded=true, dust=false
[11:12:23.375] INFO (17898): Wallet sync [5085]: shielded=false, unshielded=true, dust=false
[11:12:23.456] INFO (17898): Wallet sync [5086]: shielded=false, unshielded=true, dust=false
[11:12:23.517] INFO (17898): Wallet sync [5087]: shielded=false, unshielded=true, dust=false
[11:12:23.597] INFO (17898): Wallet sync [5088]: shielded=false, unshielded=true, dust=false
[11:12:23.682] INFO (17898): Wallet sync [5089]: shielded=false, unshielded=true, dust=false
[11:12:23.752] INFO (17898): Wallet sync [5090]: shielded=false, unshielded=true, dust=false
[11:12:23.803] INFO (17898): Wallet sync [5091]: shielded=false, unshielded=true, dust=false
[11:12:23.847] INFO (17898): Wallet sync [5092]: shielded=false, unshielded=true, dust=false
[11:12:23.897] INFO (17898): Wallet sync [5093]: shielded=false, unshielded=true, dust=false
[11:12:23.962] INFO (17898): Wallet sync [5094]: shielded=false, unshielded=true, dust=false
[11:12:24.028] INFO (17898): Wallet sync [5095]: shielded=false, unshielded=true, dust=false
[11:12:24.099] INFO (17898): Wallet sync [5096]: shielded=false, unshielded=true, dust=false
[11:12:24.152] INFO (17898): Wallet sync [5097]: shielded=false, unshielded=true, dust=false
[11:12:24.238] INFO (17898): Wallet sync [5098]: shielded=false, unshielded=true, dust=false
[11:12:24.331] INFO (17898): Wallet sync [5099]: shielded=false, unshielded=true, dust=false
[11:12:24.373] INFO (17898): Wallet sync [5100]: shielded=false, unshielded=true, dust=false
[11:12:24.443] INFO (17898): Wallet sync [5101]: shielded=false, unshielded=true, dust=false
[11:12:24.484] INFO (17898): Wallet sync [5102]: shielded=false, unshielded=true, dust=false
[11:12:24.566] INFO (17898): Wallet sync [5103]: shielded=false, unshielded=true, dust=false
[11:12:24.615] INFO (17898): Wallet sync [5104]: shielded=false, unshielded=true, dust=false
[11:12:24.679] INFO (17898): Wallet sync [5105]: shielded=false, unshielded=true, dust=false
[11:12:24.717] INFO (17898): Wallet sync [5106]: shielded=false, unshielded=true, dust=false
[11:12:24.775] INFO (17898): Wallet sync [5107]: shielded=false, unshielded=true, dust=false
[11:12:24.832] INFO (17898): Wallet sync [5108]: shielded=false, unshielded=true, dust=false
[11:12:24.885] INFO (17898): Wallet sync [5109]: shielded=false, unshielded=true, dust=false
[11:12:24.949] INFO (17898): Wallet sync [5110]: shielded=false, unshielded=true, dust=false
[11:12:24.992] INFO (17898): Wallet sync [5111]: shielded=false, unshielded=true, dust=false
[11:12:25.053] INFO (17898): Wallet sync [5112]: shielded=false, unshielded=true, dust=false
[11:12:25.112] INFO (17898): Wallet sync [5113]: shielded=false, unshielded=true, dust=false
[11:12:25.193] INFO (17898): Wallet sync [5114]: shielded=false, unshielded=true, dust=false
[11:12:25.273] INFO (17898): Wallet sync [5115]: shielded=false, unshielded=true, dust=false
[11:12:25.338] INFO (17898): Wallet sync [5116]: shielded=false, unshielded=true, dust=false
[11:12:25.407] INFO (17898): Wallet sync [5117]: shielded=false, unshielded=true, dust=false
[11:12:25.470] INFO (17898): Wallet sync [5118]: shielded=false, unshielded=true, dust=false
[11:12:25.508] INFO (17898): Wallet sync [5119]: shielded=false, unshielded=true, dust=false
[11:12:25.567] INFO (17898): Wallet sync [5120]: shielded=false, unshielded=true, dust=false
[11:12:25.596] INFO (17898): Wallet sync [5121]: shielded=false, unshielded=true, dust=false
[11:12:25.658] INFO (17898): Wallet sync [5122]: shielded=false, unshielded=true, dust=false
[11:12:25.701] INFO (17898): Wallet sync [5123]: shielded=false, unshielded=true, dust=false
[11:12:25.771] INFO (17898): Wallet sync [5124]: shielded=false, unshielded=true, dust=false
[11:12:25.831] INFO (17898): Wallet sync [5125]: shielded=false, unshielded=true, dust=false
[11:12:25.840] INFO (17898): Wallet sync [5126]: shielded=false, unshielded=true, dust=false
[11:12:25.901] INFO (17898): Wallet sync [5127]: shielded=false, unshielded=true, dust=false
[11:12:25.954] INFO (17898): Wallet sync [5128]: shielded=false, unshielded=true, dust=false
[11:12:26.010] INFO (17898): Wallet sync [5129]: shielded=false, unshielded=true, dust=false
[11:12:26.044] INFO (17898): Wallet sync [5130]: shielded=false, unshielded=true, dust=false
[11:12:26.113] INFO (17898): Wallet sync [5131]: shielded=false, unshielded=true, dust=false
[11:12:26.146] INFO (17898): Wallet sync [5132]: shielded=false, unshielded=true, dust=false
[11:12:26.207] INFO (17898): Wallet sync [5133]: shielded=false, unshielded=true, dust=false
[11:12:26.253] INFO (17898): Wallet sync [5134]: shielded=false, unshielded=true, dust=false
[11:12:26.310] INFO (17898): Wallet sync [5135]: shielded=false, unshielded=true, dust=false
[11:12:26.363] INFO (17898): Wallet sync [5136]: shielded=false, unshielded=true, dust=false
[11:12:26.451] INFO (17898): Wallet sync [5137]: shielded=false, unshielded=true, dust=false
[11:12:26.515] INFO (17898): Wallet sync [5138]: shielded=false, unshielded=true, dust=false
[11:12:26.574] INFO (17898): Wallet sync [5139]: shielded=false, unshielded=true, dust=false
[11:12:26.623] INFO (17898): Wallet sync [5140]: shielded=false, unshielded=true, dust=false
[11:12:26.690] INFO (17898): Wallet sync [5141]: shielded=false, unshielded=true, dust=false
[11:12:26.751] INFO (17898): Wallet sync [5142]: shielded=false, unshielded=true, dust=false
[11:12:26.809] INFO (17898): Wallet sync [5143]: shielded=false, unshielded=true, dust=false
[11:12:26.851] INFO (17898): Wallet sync [5144]: shielded=false, unshielded=true, dust=false
[11:12:26.912] INFO (17898): Wallet sync [5145]: shielded=false, unshielded=true, dust=false
[11:12:26.953] INFO (17898): Wallet sync [5146]: shielded=false, unshielded=true, dust=false
[11:12:26.990] INFO (17898): Wallet sync [5147]: shielded=false, unshielded=true, dust=false
[11:12:27.051] INFO (17898): Wallet sync [5148]: shielded=false, unshielded=true, dust=false
[11:12:27.093] INFO (17898): Wallet sync [5149]: shielded=false, unshielded=true, dust=false
[11:12:27.147] INFO (17898): Wallet sync [5150]: shielded=false, unshielded=true, dust=false
[11:12:27.211] INFO (17898): Wallet sync [5151]: shielded=false, unshielded=true, dust=false
[11:12:27.244] INFO (17898): Wallet sync [5152]: shielded=false, unshielded=true, dust=false
[11:12:27.295] INFO (17898): Wallet sync [5153]: shielded=false, unshielded=true, dust=false
[11:12:27.340] INFO (17898): Wallet sync [5154]: shielded=false, unshielded=true, dust=false
[11:12:27.419] INFO (17898): Wallet sync [5155]: shielded=false, unshielded=true, dust=false
[11:12:27.453] INFO (17898): Wallet sync [5156]: shielded=false, unshielded=true, dust=false
[11:12:27.564] INFO (17898): Wallet sync [5157]: shielded=false, unshielded=true, dust=false
[11:12:27.627] INFO (17898): Wallet sync [5158]: shielded=false, unshielded=true, dust=false
[11:12:27.737] INFO (17898): Wallet sync [5159]: shielded=false, unshielded=true, dust=false
[11:12:27.788] INFO (17898): Wallet sync [5160]: shielded=false, unshielded=true, dust=false
[11:12:27.873] INFO (17898): Wallet sync [5161]: shielded=false, unshielded=true, dust=false
[11:12:27.956] INFO (17898): Wallet sync [5162]: shielded=false, unshielded=true, dust=false
[11:12:28.060] INFO (17898): Wallet sync [5163]: shielded=false, unshielded=true, dust=false
[11:12:28.121] INFO (17898): Wallet sync [5164]: shielded=false, unshielded=true, dust=false
[11:12:28.201] INFO (17898): Wallet sync [5165]: shielded=false, unshielded=true, dust=false
[11:12:28.243] INFO (17898): Wallet sync [5166]: shielded=false, unshielded=true, dust=false
[11:12:28.299] INFO (17898): Wallet sync [5167]: shielded=false, unshielded=true, dust=false
[11:12:28.336] INFO (17898): Wallet sync [5168]: shielded=false, unshielded=true, dust=false
[11:12:28.402] INFO (17898): Wallet sync [5169]: shielded=false, unshielded=true, dust=false
[11:12:28.460] INFO (17898): Wallet sync [5170]: shielded=false, unshielded=true, dust=false
[11:12:28.522] INFO (17898): Wallet sync [5171]: shielded=false, unshielded=true, dust=false
[11:12:28.552] INFO (17898): Wallet sync [5172]: shielded=false, unshielded=true, dust=false
[11:12:28.616] INFO (17898): Wallet sync [5173]: shielded=false, unshielded=true, dust=false
[11:12:28.661] INFO (17898): Wallet sync [5174]: shielded=false, unshielded=true, dust=false
[11:12:28.706] INFO (17898): Wallet sync [5175]: shielded=false, unshielded=true, dust=false
[11:12:28.777] INFO (17898): Wallet sync [5176]: shielded=false, unshielded=true, dust=false
[11:12:28.827] INFO (17898): Wallet sync [5177]: shielded=false, unshielded=true, dust=false
[11:12:28.904] INFO (17898): Wallet sync [5178]: shielded=false, unshielded=true, dust=false
[11:12:28.958] INFO (17898): Wallet sync [5179]: shielded=false, unshielded=true, dust=false
[11:12:29.013] INFO (17898): Wallet sync [5180]: shielded=false, unshielded=true, dust=false
[11:12:29.064] INFO (17898): Wallet sync [5181]: shielded=false, unshielded=true, dust=false
[11:12:29.122] INFO (17898): Wallet sync [5182]: shielded=false, unshielded=true, dust=false
[11:12:29.210] INFO (17898): Wallet sync [5183]: shielded=false, unshielded=true, dust=false
[11:12:29.328] INFO (17898): Wallet sync [5184]: shielded=false, unshielded=true, dust=false
[11:12:29.403] INFO (17898): Wallet sync [5185]: shielded=false, unshielded=true, dust=false
[11:12:29.462] INFO (17898): Wallet sync [5186]: shielded=false, unshielded=true, dust=false
[11:12:29.517] INFO (17898): Wallet sync [5187]: shielded=false, unshielded=true, dust=false
[11:12:29.570] INFO (17898): Wallet sync [5188]: shielded=false, unshielded=true, dust=false
[11:12:29.624] INFO (17898): Wallet sync [5189]: shielded=false, unshielded=true, dust=false
[11:12:29.715] INFO (17898): Wallet sync [5190]: shielded=false, unshielded=true, dust=false
[11:12:29.777] INFO (17898): Wallet sync [5191]: shielded=false, unshielded=true, dust=false
[11:12:29.849] INFO (17898): Wallet sync [5192]: shielded=false, unshielded=true, dust=false
[11:12:29.906] INFO (17898): Wallet sync [5193]: shielded=false, unshielded=true, dust=false
[11:12:29.935] INFO (17898): Wallet sync [5194]: shielded=false, unshielded=true, dust=false
[11:12:29.989] INFO (17898): Wallet sync [5195]: shielded=false, unshielded=true, dust=false
[11:12:30.039] INFO (17898): Wallet sync [5196]: shielded=false, unshielded=true, dust=false
[11:12:30.105] INFO (17898): Wallet sync [5197]: shielded=false, unshielded=true, dust=false
[11:12:30.127] INFO (17898): Wallet sync [5198]: shielded=false, unshielded=true, dust=false
[11:12:30.189] INFO (17898): Wallet sync [5199]: shielded=false, unshielded=true, dust=false
[11:12:30.248] INFO (17898): Wallet sync [5200]: shielded=false, unshielded=true, dust=false
[11:12:30.310] INFO (17898): Wallet sync [5201]: shielded=false, unshielded=true, dust=false
[11:12:30.346] INFO (17898): Wallet sync [5202]: shielded=false, unshielded=true, dust=false
[11:12:30.396] INFO (17898): Wallet sync [5203]: shielded=false, unshielded=true, dust=false
[11:12:30.462] INFO (17898): Wallet sync [5204]: shielded=false, unshielded=true, dust=false
[11:12:30.535] INFO (17898): Wallet sync [5205]: shielded=false, unshielded=true, dust=false
[11:12:30.603] INFO (17898): Wallet sync [5206]: shielded=false, unshielded=true, dust=false
[11:12:30.662] INFO (17898): Wallet sync [5207]: shielded=false, unshielded=true, dust=false
[11:12:30.754] INFO (17898): Wallet sync [5208]: shielded=false, unshielded=true, dust=false
[11:12:30.821] INFO (17898): Wallet sync [5209]: shielded=false, unshielded=true, dust=false
[11:12:30.888] INFO (17898): Wallet sync [5210]: shielded=false, unshielded=true, dust=false
[11:12:30.985] INFO (17898): Wallet sync [5211]: shielded=false, unshielded=true, dust=false
[11:12:31.056] INFO (17898): Wallet sync [5212]: shielded=false, unshielded=true, dust=false
[11:12:31.119] INFO (17898): Wallet sync [5213]: shielded=false, unshielded=true, dust=false
[11:12:31.193] INFO (17898): Wallet sync [5214]: shielded=false, unshielded=true, dust=false
[11:12:31.255] INFO (17898): Wallet sync [5215]: shielded=false, unshielded=true, dust=false
[11:12:31.327] INFO (17898): Wallet sync [5216]: shielded=false, unshielded=true, dust=false
[11:12:31.401] INFO (17898): Wallet sync [5217]: shielded=false, unshielded=true, dust=false
[11:12:31.468] INFO (17898): Wallet sync [5218]: shielded=false, unshielded=true, dust=false
[11:12:31.543] INFO (17898): Wallet sync [5219]: shielded=false, unshielded=true, dust=false
[11:12:31.600] INFO (17898): Wallet sync [5220]: shielded=false, unshielded=true, dust=false
[11:12:31.670] INFO (17898): Wallet sync [5221]: shielded=false, unshielded=true, dust=false
[11:12:31.714] INFO (17898): Wallet sync [5222]: shielded=false, unshielded=true, dust=false
[11:12:31.774] INFO (17898): Wallet sync [5223]: shielded=false, unshielded=true, dust=false
[11:12:31.824] INFO (17898): Wallet sync [5224]: shielded=false, unshielded=true, dust=false
[11:12:31.892] INFO (17898): Wallet sync [5225]: shielded=false, unshielded=true, dust=false
[11:12:31.939] INFO (17898): Wallet sync [5226]: shielded=false, unshielded=true, dust=false
[11:12:31.997] INFO (17898): Wallet sync [5227]: shielded=false, unshielded=true, dust=false
[11:12:32.043] INFO (17898): Wallet sync [5228]: shielded=false, unshielded=true, dust=false
[11:12:32.129] INFO (17898): Wallet sync [5229]: shielded=false, unshielded=true, dust=false
[11:12:32.191] INFO (17898): Wallet sync [5230]: shielded=false, unshielded=true, dust=false
[11:12:32.261] INFO (17898): Wallet sync [5231]: shielded=false, unshielded=true, dust=false
[11:12:32.342] INFO (17898): Wallet sync [5232]: shielded=false, unshielded=true, dust=false
[11:12:32.495] INFO (17898): Wallet sync [5233]: shielded=false, unshielded=true, dust=false
[11:12:32.553] INFO (17898): Wallet sync [5234]: shielded=false, unshielded=true, dust=false
[11:12:32.615] INFO (17898): Wallet sync [5235]: shielded=false, unshielded=true, dust=false
[11:12:32.703] INFO (17898): Wallet sync [5236]: shielded=false, unshielded=true, dust=false
[11:12:32.761] INFO (17898): Wallet sync [5237]: shielded=false, unshielded=true, dust=false
[11:12:32.807] INFO (17898): Wallet sync [5238]: shielded=false, unshielded=true, dust=false
[11:12:32.846] INFO (17898): Wallet sync [5239]: shielded=false, unshielded=true, dust=false
[11:12:32.895] INFO (17898): Wallet sync [5240]: shielded=false, unshielded=true, dust=false
[11:12:32.953] INFO (17898): Wallet sync [5241]: shielded=false, unshielded=true, dust=false
[11:12:32.995] INFO (17898): Wallet sync [5242]: shielded=false, unshielded=true, dust=false
[11:12:33.045] INFO (17898): Wallet sync [5243]: shielded=false, unshielded=true, dust=false
[11:12:33.111] INFO (17898): Wallet sync [5244]: shielded=false, unshielded=true, dust=false
[11:12:33.160] INFO (17898): Wallet sync [5245]: shielded=false, unshielded=true, dust=false
[11:12:33.240] INFO (17898): Wallet sync [5246]: shielded=false, unshielded=true, dust=false
[11:12:33.288] INFO (17898): Wallet sync [5247]: shielded=false, unshielded=true, dust=false
[11:12:33.362] INFO (17898): Wallet sync [5248]: shielded=false, unshielded=true, dust=false
[11:12:33.440] INFO (17898): Wallet sync [5249]: shielded=false, unshielded=true, dust=false
[11:12:33.495] INFO (17898): Wallet sync [5250]: shielded=false, unshielded=true, dust=false
[11:12:33.567] INFO (17898): Wallet sync [5251]: shielded=false, unshielded=true, dust=false
[11:12:33.626] INFO (17898): Wallet sync [5252]: shielded=false, unshielded=true, dust=false
[11:12:33.693] INFO (17898): Wallet sync [5253]: shielded=false, unshielded=true, dust=false
[11:12:33.755] INFO (17898): Wallet sync [5254]: shielded=false, unshielded=true, dust=false
[11:12:33.826] INFO (17898): Wallet sync [5255]: shielded=false, unshielded=true, dust=false
[11:12:33.890] INFO (17898): Wallet sync [5256]: shielded=false, unshielded=true, dust=false
[11:12:33.953] INFO (17898): Wallet sync [5257]: shielded=false, unshielded=true, dust=false
[11:12:33.998] INFO (17898): Wallet sync [5258]: shielded=false, unshielded=true, dust=false
[11:12:34.069] INFO (17898): Wallet sync [5259]: shielded=false, unshielded=true, dust=false
[11:12:34.127] INFO (17898): Wallet sync [5260]: shielded=false, unshielded=true, dust=false
[11:12:34.194] INFO (17898): Wallet sync [5261]: shielded=false, unshielded=true, dust=false
[11:12:34.237] INFO (17898): Wallet sync [5262]: shielded=false, unshielded=true, dust=false
[11:12:34.313] INFO (17898): Wallet sync [5263]: shielded=false, unshielded=true, dust=false
[11:12:34.378] INFO (17898): Wallet sync [5264]: shielded=false, unshielded=true, dust=false
[11:12:34.445] INFO (17898): Wallet sync [5265]: shielded=false, unshielded=true, dust=false
[11:12:34.529] INFO (17898): Wallet sync [5266]: shielded=false, unshielded=true, dust=false
[11:12:34.608] INFO (17898): Wallet sync [5267]: shielded=false, unshielded=true, dust=false
[11:12:34.695] INFO (17898): Wallet sync [5268]: shielded=false, unshielded=true, dust=false
[11:12:34.748] INFO (17898): Wallet sync [5269]: shielded=false, unshielded=true, dust=false
[11:12:34.843] INFO (17898): Wallet sync [5270]: shielded=true, unshielded=true, dust=false
[11:12:34.918] INFO (17898): Wallet sync [5271]: shielded=true, unshielded=true, dust=false
[11:12:34.960] INFO (17898): Wallet sync [5272]: shielded=true, unshielded=true, dust=false
[11:12:35.062] INFO (17898): Wallet sync [5273]: shielded=true, unshielded=true, dust=false
[11:12:35.172] INFO (17898): Wallet sync [5274]: shielded=true, unshielded=true, dust=false
[11:12:35.209] INFO (17898): Wallet sync [5275]: shielded=true, unshielded=true, dust=false
[11:12:35.262] INFO (17898): Wallet sync [5276]: shielded=true, unshielded=true, dust=false
[11:12:35.355] INFO (17898): Wallet sync [5277]: shielded=true, unshielded=true, dust=false
[11:12:35.402] INFO (17898): Wallet sync [5278]: shielded=true, unshielded=true, dust=false
[11:12:35.471] INFO (17898): Wallet sync [5279]: shielded=true, unshielded=true, dust=false
[11:12:35.529] INFO (17898): Wallet sync [5280]: shielded=true, unshielded=true, dust=false
[11:12:35.572] INFO (17898): Wallet sync [5281]: shielded=true, unshielded=true, dust=false
[11:12:35.608] INFO (17898): Wallet sync [5282]: shielded=true, unshielded=true, dust=false
[11:12:35.680] INFO (17898): Wallet sync [5283]: shielded=true, unshielded=true, dust=false
[11:12:35.756] INFO (17898): Wallet sync [5284]: shielded=true, unshielded=true, dust=false
[11:12:35.815] INFO (17898): Wallet sync [5285]: shielded=true, unshielded=true, dust=false
[11:12:35.858] INFO (17898): Wallet sync [5286]: shielded=true, unshielded=true, dust=false
[11:12:35.912] INFO (17898): Wallet sync [5287]: shielded=true, unshielded=true, dust=false
[11:12:35.956] INFO (17898): Wallet sync [5288]: shielded=true, unshielded=true, dust=false
[11:12:36.013] INFO (17898): Wallet sync [5289]: shielded=true, unshielded=true, dust=false
[11:12:36.064] INFO (17898): Wallet sync [5290]: shielded=true, unshielded=true, dust=false
[11:12:36.181] INFO (17898): Wallet sync [5291]: shielded=true, unshielded=true, dust=false
[11:12:36.343] INFO (17898): Wallet sync [5292]: shielded=true, unshielded=true, dust=false
[11:12:36.558] INFO (17898): Wallet sync [5293]: shielded=true, unshielded=true, dust=false
[11:12:36.648] INFO (17898): Wallet sync [5294]: shielded=true, unshielded=true, dust=false
[11:12:36.720] INFO (17898): Wallet sync [5295]: shielded=true, unshielded=true, dust=false
[11:12:36.781] INFO (17898): Wallet sync [5296]: shielded=true, unshielded=true, dust=false
[11:12:36.844] INFO (17898): Wallet sync [5297]: shielded=true, unshielded=true, dust=false
[11:12:36.926] INFO (17898): Wallet sync [5298]: shielded=true, unshielded=true, dust=false
[11:12:36.985] INFO (17898): Wallet sync [5299]: shielded=true, unshielded=true, dust=false
[11:12:37.030] INFO (17898): Wallet sync [5300]: shielded=true, unshielded=true, dust=false
[11:12:37.071] INFO (17898): Wallet sync [5301]: shielded=true, unshielded=true, dust=false
[11:12:37.110] INFO (17898): Wallet sync [5302]: shielded=true, unshielded=true, dust=false
[11:12:37.148] INFO (17898): Wallet sync [5303]: shielded=true, unshielded=true, dust=false
[11:12:37.194] INFO (17898): Wallet sync [5304]: shielded=true, unshielded=true, dust=false
[11:12:37.247] INFO (17898): Wallet sync [5305]: shielded=true, unshielded=true, dust=false
[11:12:37.287] INFO (17898): Wallet sync [5306]: shielded=true, unshielded=true, dust=false
[11:12:37.325] INFO (17898): Wallet sync [5307]: shielded=true, unshielded=true, dust=false
[11:12:37.393] INFO (17898): Wallet sync [5308]: shielded=true, unshielded=true, dust=false
[11:12:37.456] INFO (17898): Wallet sync [5309]: shielded=true, unshielded=true, dust=false
[11:12:37.492] INFO (17898): Wallet sync [5310]: shielded=true, unshielded=true, dust=false
[11:12:37.544] INFO (17898): Wallet sync [5311]: shielded=true, unshielded=true, dust=false
[11:12:37.580] INFO (17898): Wallet sync [5312]: shielded=true, unshielded=true, dust=false
[11:12:37.639] INFO (17898): Wallet sync [5313]: shielded=true, unshielded=true, dust=false
[11:12:37.704] INFO (17898): Wallet sync [5314]: shielded=true, unshielded=true, dust=false
[11:12:37.740] INFO (17898): Wallet sync [5315]: shielded=true, unshielded=true, dust=false
[11:12:37.810] INFO (17898): Wallet sync [5316]: shielded=true, unshielded=true, dust=false
[11:12:37.857] INFO (17898): Wallet sync [5317]: shielded=true, unshielded=true, dust=false
[11:12:37.943] INFO (17898): Wallet sync [5318]: shielded=true, unshielded=true, dust=false
[11:12:37.996] INFO (17898): Wallet sync [5319]: shielded=true, unshielded=true, dust=false
[11:12:38.031] INFO (17898): Wallet sync [5320]: shielded=true, unshielded=true, dust=false
[11:12:38.096] INFO (17898): Wallet sync [5321]: shielded=true, unshielded=true, dust=false
[11:12:38.155] INFO (17898): Wallet sync [5322]: shielded=true, unshielded=true, dust=false
[11:12:38.209] INFO (17898): Wallet sync [5323]: shielded=true, unshielded=true, dust=false
[11:12:38.264] INFO (17898): Wallet sync [5324]: shielded=true, unshielded=true, dust=false
[11:12:38.303] INFO (17898): Wallet sync [5325]: shielded=true, unshielded=true, dust=false
[11:12:38.346] INFO (17898): Wallet sync [5326]: shielded=true, unshielded=true, dust=false
[11:12:38.396] INFO (17898): Wallet sync [5327]: shielded=true, unshielded=true, dust=false
[11:12:38.442] INFO (17898): Wallet sync [5328]: shielded=true, unshielded=true, dust=false
[11:12:38.489] INFO (17898): Wallet sync [5329]: shielded=true, unshielded=true, dust=false
[11:12:38.559] INFO (17898): Wallet sync [5330]: shielded=true, unshielded=true, dust=false
[11:12:38.608] INFO (17898): Wallet sync [5331]: shielded=true, unshielded=true, dust=false
[11:12:38.690] INFO (17898): Wallet sync [5332]: shielded=true, unshielded=true, dust=false
[11:12:38.728] INFO (17898): Wallet sync [5333]: shielded=true, unshielded=true, dust=false
[11:12:38.801] INFO (17898): Wallet sync [5334]: shielded=true, unshielded=true, dust=false
[11:12:38.878] INFO (17898): Wallet sync [5335]: shielded=true, unshielded=true, dust=false
[11:12:38.972] INFO (17898): Wallet sync [5336]: shielded=true, unshielded=true, dust=false
[11:12:39.072] INFO (17898): Wallet sync [5337]: shielded=true, unshielded=true, dust=false
[11:12:39.158] INFO (17898): Wallet sync [5338]: shielded=true, unshielded=true, dust=false
[11:12:39.239] INFO (17898): Wallet sync [5339]: shielded=true, unshielded=true, dust=false
[11:12:39.356] INFO (17898): Wallet sync [5340]: shielded=true, unshielded=true, dust=false
[11:12:39.536] INFO (17898): Wallet sync [5341]: shielded=true, unshielded=true, dust=false
[11:12:39.621] INFO (17898): Wallet sync [5342]: shielded=true, unshielded=true, dust=false
[11:12:39.690] INFO (17898): Wallet sync [5343]: shielded=true, unshielded=true, dust=false
[11:12:39.739] INFO (17898): Wallet sync [5344]: shielded=true, unshielded=true, dust=false
[11:12:39.801] INFO (17898): Wallet sync [5345]: shielded=true, unshielded=true, dust=false
[11:12:39.882] INFO (17898): Wallet sync [5346]: shielded=true, unshielded=true, dust=false
[11:12:39.961] INFO (17898): Wallet sync [5347]: shielded=true, unshielded=true, dust=false
[11:12:40.027] INFO (17898): Wallet sync [5348]: shielded=true, unshielded=true, dust=false
[11:12:40.095] INFO (17898): Wallet sync [5349]: shielded=true, unshielded=true, dust=false
[11:12:40.159] INFO (17898): Wallet sync [5350]: shielded=true, unshielded=true, dust=false
[11:12:40.215] INFO (17898): Wallet sync [5351]: shielded=true, unshielded=true, dust=false
[11:12:40.276] INFO (17898): Wallet sync [5352]: shielded=true, unshielded=true, dust=false
[11:12:40.373] INFO (17898): Wallet sync [5353]: shielded=true, unshielded=true, dust=false
[11:12:40.427] INFO (17898): Wallet sync [5354]: shielded=true, unshielded=true, dust=false
[11:12:40.491] INFO (17898): Wallet sync [5355]: shielded=true, unshielded=true, dust=false
[11:12:40.553] INFO (17898): Wallet sync [5356]: shielded=true, unshielded=true, dust=false
[11:12:40.622] INFO (17898): Wallet sync [5357]: shielded=true, unshielded=true, dust=false
[11:12:40.683] INFO (17898): Wallet sync [5358]: shielded=true, unshielded=true, dust=false
[11:12:40.719] INFO (17898): Wallet sync [5359]: shielded=true, unshielded=true, dust=false
[11:12:40.796] INFO (17898): Wallet sync [5360]: shielded=true, unshielded=true, dust=false
[11:12:40.849] INFO (17898): Wallet sync [5361]: shielded=true, unshielded=true, dust=false
[11:12:40.888] INFO (17898): Wallet sync [5362]: shielded=true, unshielded=true, dust=false
[11:12:40.939] INFO (17898): Wallet sync [5363]: shielded=true, unshielded=true, dust=false
[11:12:40.985] INFO (17898): Wallet sync [5364]: shielded=true, unshielded=true, dust=false
[11:12:41.028] INFO (17898): Wallet sync [5365]: shielded=true, unshielded=true, dust=false
[11:12:41.078] INFO (17898): Wallet sync [5366]: shielded=true, unshielded=true, dust=false
[11:12:41.147] INFO (17898): Wallet sync [5367]: shielded=true, unshielded=true, dust=false
[11:12:41.216] INFO (17898): Wallet sync [5368]: shielded=true, unshielded=true, dust=false
[11:12:41.249] INFO (17898): Wallet sync [5369]: shielded=true, unshielded=true, dust=false
[11:12:41.310] INFO (17898): Wallet sync [5370]: shielded=true, unshielded=true, dust=false
[11:12:41.366] INFO (17898): Wallet sync [5371]: shielded=true, unshielded=true, dust=false
[11:12:41.427] INFO (17898): Wallet sync [5372]: shielded=true, unshielded=true, dust=false
[11:12:41.490] INFO (17898): Wallet sync [5373]: shielded=true, unshielded=true, dust=false
[11:12:41.561] INFO (17898): Wallet sync [5374]: shielded=true, unshielded=true, dust=false
[11:12:41.622] INFO (17898): Wallet sync [5375]: shielded=true, unshielded=true, dust=false
[11:12:41.672] INFO (17898): Wallet sync [5376]: shielded=true, unshielded=true, dust=false
[11:12:41.739] INFO (17898): Wallet sync [5377]: shielded=true, unshielded=true, dust=false
[11:12:41.794] INFO (17898): Wallet sync [5378]: shielded=true, unshielded=true, dust=false
[11:12:41.856] INFO (17898): Wallet sync [5379]: shielded=true, unshielded=true, dust=false
[11:12:41.913] INFO (17898): Wallet sync [5380]: shielded=true, unshielded=true, dust=false
[11:12:41.987] INFO (17898): Wallet sync [5381]: shielded=true, unshielded=true, dust=false
[11:12:42.020] INFO (17898): Wallet sync [5382]: shielded=true, unshielded=true, dust=false
[11:12:42.060] INFO (17898): Wallet sync [5383]: shielded=true, unshielded=true, dust=false
[11:12:42.099] INFO (17898): Wallet sync [5384]: shielded=true, unshielded=true, dust=false
[11:12:42.138] INFO (17898): Wallet sync [5385]: shielded=true, unshielded=true, dust=false
[11:12:42.175] INFO (17898): Wallet sync [5386]: shielded=true, unshielded=true, dust=false
[11:12:42.220] INFO (17898): Wallet sync [5387]: shielded=true, unshielded=true, dust=false
[11:12:42.256] INFO (17898): Wallet sync [5388]: shielded=true, unshielded=true, dust=false
[11:12:42.292] INFO (17898): Wallet sync [5389]: shielded=true, unshielded=true, dust=false
[11:12:42.329] INFO (17898): Wallet sync [5390]: shielded=true, unshielded=true, dust=false
[11:12:42.372] INFO (17898): Wallet sync [5391]: shielded=true, unshielded=true, dust=false
[11:12:42.429] INFO (17898): Wallet sync [5392]: shielded=true, unshielded=true, dust=false
[11:12:42.493] INFO (17898): Wallet sync [5393]: shielded=true, unshielded=true, dust=false
[11:12:42.568] INFO (17898): Wallet sync [5394]: shielded=true, unshielded=true, dust=false
[11:12:42.626] INFO (17898): Wallet sync [5395]: shielded=true, unshielded=true, dust=false
[11:12:42.689] INFO (17898): Wallet sync [5396]: shielded=true, unshielded=true, dust=false
[11:12:42.755] INFO (17898): Wallet sync [5397]: shielded=true, unshielded=true, dust=false
[11:12:42.820] INFO (17898): Wallet sync [5398]: shielded=true, unshielded=true, dust=false
[11:12:42.887] INFO (17898): Wallet sync [5399]: shielded=true, unshielded=true, dust=false
[11:12:42.947] INFO (17898): Wallet sync [5400]: shielded=true, unshielded=true, dust=false
[11:12:43.010] INFO (17898): Wallet sync [5401]: shielded=true, unshielded=true, dust=false
[11:12:43.090] INFO (17898): Wallet sync [5402]: shielded=true, unshielded=true, dust=false
[11:12:43.153] INFO (17898): Wallet sync [5403]: shielded=true, unshielded=true, dust=false
[11:12:43.190] INFO (17898): Wallet sync [5404]: shielded=true, unshielded=true, dust=false
[11:12:43.249] INFO (17898): Wallet sync [5405]: shielded=true, unshielded=true, dust=false
[11:12:43.309] INFO (17898): Wallet sync [5406]: shielded=true, unshielded=true, dust=false
[11:12:43.371] INFO (17898): Wallet sync [5407]: shielded=true, unshielded=true, dust=false
[11:12:43.431] INFO (17898): Wallet sync [5408]: shielded=true, unshielded=true, dust=false
[11:12:43.521] INFO (17898): Wallet sync [5409]: shielded=true, unshielded=true, dust=false
[11:12:43.554] INFO (17898): Wallet sync [5410]: shielded=true, unshielded=true, dust=false
[11:12:43.592] INFO (17898): Wallet sync [5411]: shielded=true, unshielded=true, dust=false
[11:12:43.660] INFO (17898): Wallet sync [5412]: shielded=true, unshielded=true, dust=false
[11:12:43.743] INFO (17898): Wallet sync [5413]: shielded=true, unshielded=true, dust=false
[11:12:43.814] INFO (17898): Wallet sync [5414]: shielded=true, unshielded=true, dust=false
[11:12:43.871] INFO (17898): Wallet sync [5415]: shielded=true, unshielded=true, dust=false
[11:12:43.949] INFO (17898): Wallet sync [5416]: shielded=true, unshielded=true, dust=false
[11:12:43.986] INFO (17898): Wallet sync [5417]: shielded=true, unshielded=true, dust=false
[11:12:44.057] INFO (17898): Wallet sync [5418]: shielded=true, unshielded=true, dust=false
[11:12:44.116] INFO (17898): Wallet sync [5419]: shielded=true, unshielded=true, dust=false
[11:12:44.188] INFO (17898): Wallet sync [5420]: shielded=true, unshielded=true, dust=false
[11:12:44.261] INFO (17898): Wallet sync [5421]: shielded=true, unshielded=true, dust=false
[11:12:44.326] INFO (17898): Wallet sync [5422]: shielded=true, unshielded=true, dust=false
[11:12:44.387] INFO (17898): Wallet sync [5423]: shielded=true, unshielded=true, dust=false
[11:12:44.456] INFO (17898): Wallet sync [5424]: shielded=true, unshielded=true, dust=false
[11:12:44.491] INFO (17898): Wallet sync [5425]: shielded=true, unshielded=true, dust=false
[11:12:44.548] INFO (17898): Wallet sync [5426]: shielded=true, unshielded=true, dust=false
[11:12:44.608] INFO (17898): Wallet sync [5427]: shielded=true, unshielded=true, dust=false
[11:12:44.684] INFO (17898): Wallet sync [5428]: shielded=true, unshielded=true, dust=false
[11:12:44.754] INFO (17898): Wallet sync [5429]: shielded=true, unshielded=true, dust=false
[11:12:44.810] INFO (17898): Wallet sync [5430]: shielded=true, unshielded=true, dust=false
[11:12:44.898] INFO (17898): Wallet sync [5431]: shielded=true, unshielded=true, dust=false
[11:12:44.961] INFO (17898): Wallet sync [5432]: shielded=true, unshielded=true, dust=false
[11:12:45.025] INFO (17898): Wallet sync [5433]: shielded=true, unshielded=true, dust=false
[11:12:45.061] INFO (17898): Wallet sync [5434]: shielded=true, unshielded=true, dust=false
[11:12:45.133] INFO (17898): Wallet sync [5435]: shielded=true, unshielded=true, dust=false
[11:12:45.189] INFO (17898): Wallet sync [5436]: shielded=true, unshielded=true, dust=false
[11:12:45.228] INFO (17898): Wallet sync [5437]: shielded=true, unshielded=true, dust=false
[11:12:45.314] INFO (17898): Wallet sync [5438]: shielded=true, unshielded=true, dust=false
[11:12:45.378] INFO (17898): Wallet sync [5439]: shielded=true, unshielded=true, dust=false
[11:12:45.442] INFO (17898): Wallet sync [5440]: shielded=true, unshielded=true, dust=false
[11:12:45.495] INFO (17898): Wallet sync [5441]: shielded=true, unshielded=true, dust=false
[11:12:45.560] INFO (17898): Wallet sync [5442]: shielded=true, unshielded=true, dust=false
[11:12:45.627] INFO (17898): Wallet sync [5443]: shielded=true, unshielded=true, dust=false
[11:12:45.698] INFO (17898): Wallet sync [5444]: shielded=true, unshielded=true, dust=false
[11:12:45.758] INFO (17898): Wallet sync [5445]: shielded=true, unshielded=true, dust=false
[11:12:45.824] INFO (17898): Wallet sync [5446]: shielded=true, unshielded=true, dust=false
[11:12:45.882] INFO (17898): Wallet sync [5447]: shielded=true, unshielded=true, dust=false
[11:12:45.957] INFO (17898): Wallet sync [5448]: shielded=true, unshielded=true, dust=false
[11:12:46.037] INFO (17898): Wallet sync [5449]: shielded=true, unshielded=true, dust=false
[11:12:46.121] INFO (17898): Wallet sync [5450]: shielded=true, unshielded=true, dust=false
[11:12:46.184] INFO (17898): Wallet sync [5451]: shielded=true, unshielded=true, dust=false
[11:12:46.255] INFO (17898): Wallet sync [5452]: shielded=true, unshielded=true, dust=false
[11:12:46.320] INFO (17898): Wallet sync [5453]: shielded=true, unshielded=true, dust=false
[11:12:46.389] INFO (17898): Wallet sync [5454]: shielded=true, unshielded=true, dust=false
[11:12:46.453] INFO (17898): Wallet sync [5455]: shielded=true, unshielded=true, dust=false
[11:12:46.547] INFO (17898): Wallet sync [5456]: shielded=true, unshielded=true, dust=false
[11:12:46.586] INFO (17898): Wallet sync [5457]: shielded=true, unshielded=true, dust=false
[11:12:46.652] INFO (17898): Wallet sync [5458]: shielded=true, unshielded=true, dust=false
[11:12:46.709] INFO (17898): Wallet sync [5459]: shielded=true, unshielded=true, dust=false
[11:12:46.746] INFO (17898): Wallet sync [5460]: shielded=true, unshielded=true, dust=false
[11:12:46.814] INFO (17898): Wallet sync [5461]: shielded=true, unshielded=true, dust=false
[11:12:46.890] INFO (17898): Wallet sync [5462]: shielded=true, unshielded=true, dust=false
[11:12:46.932] INFO (17898): Wallet sync [5463]: shielded=true, unshielded=true, dust=false
[11:12:46.998] INFO (17898): Wallet sync [5464]: shielded=true, unshielded=true, dust=false
[11:12:47.060] INFO (17898): Wallet sync [5465]: shielded=true, unshielded=true, dust=false
[11:12:47.120] INFO (17898): Wallet sync [5466]: shielded=true, unshielded=true, dust=false
[11:12:47.183] INFO (17898): Wallet sync [5467]: shielded=true, unshielded=true, dust=false
[11:12:47.217] INFO (17898): Wallet sync [5468]: shielded=true, unshielded=true, dust=false
[11:12:47.280] INFO (17898): Wallet sync [5469]: shielded=true, unshielded=true, dust=false
[11:12:47.343] INFO (17898): Wallet sync [5470]: shielded=true, unshielded=true, dust=false
[11:12:47.406] INFO (17898): Wallet sync [5471]: shielded=true, unshielded=true, dust=false
[11:12:47.468] INFO (17898): Wallet sync [5472]: shielded=true, unshielded=true, dust=false
[11:12:47.538] INFO (17898): Wallet sync [5473]: shielded=true, unshielded=true, dust=false
[11:12:47.594] INFO (17898): Wallet sync [5474]: shielded=true, unshielded=true, dust=false
[11:12:47.662] INFO (17898): Wallet sync [5475]: shielded=true, unshielded=true, dust=false
[11:12:47.725] INFO (17898): Wallet sync [5476]: shielded=true, unshielded=true, dust=false
[11:12:47.790] INFO (17898): Wallet sync [5477]: shielded=true, unshielded=true, dust=false
[11:12:47.828] INFO (17898): Wallet sync [5478]: shielded=true, unshielded=true, dust=false
[11:12:47.900] INFO (17898): Wallet sync [5479]: shielded=true, unshielded=true, dust=false
[11:12:47.966] INFO (17898): Wallet sync [5480]: shielded=true, unshielded=true, dust=false
[11:12:48.071] INFO (17898): Wallet sync [5481]: shielded=true, unshielded=true, dust=false
[11:12:48.210] INFO (17898): Wallet sync [5482]: shielded=true, unshielded=true, dust=false
[11:12:48.330] INFO (17898): Wallet sync [5483]: shielded=true, unshielded=true, dust=false
[11:12:48.427] INFO (17898): Wallet sync [5484]: shielded=true, unshielded=true, dust=false
[11:12:48.519] INFO (17898): Wallet sync [5485]: shielded=true, unshielded=true, dust=false
[11:12:48.608] INFO (17898): Wallet sync [5486]: shielded=true, unshielded=true, dust=false
[11:12:48.689] INFO (17898): Wallet sync [5487]: shielded=true, unshielded=true, dust=false
[11:12:48.751] INFO (17898): Wallet sync [5488]: shielded=true, unshielded=true, dust=false
[11:12:48.816] INFO (17898): Wallet sync [5489]: shielded=true, unshielded=true, dust=false
[11:12:48.877] INFO (17898): Wallet sync [5490]: shielded=true, unshielded=true, dust=false
[11:12:48.934] INFO (17898): Wallet sync [5491]: shielded=true, unshielded=true, dust=false
[11:12:48.975] INFO (17898): Wallet sync [5492]: shielded=true, unshielded=true, dust=false
[11:12:49.038] INFO (17898): Wallet sync [5493]: shielded=true, unshielded=true, dust=false
[11:12:49.097] INFO (17898): Wallet sync [5494]: shielded=true, unshielded=true, dust=false
[11:12:49.168] INFO (17898): Wallet sync [5495]: shielded=true, unshielded=true, dust=false
[11:12:49.236] INFO (17898): Wallet sync [5496]: shielded=true, unshielded=true, dust=false
[11:12:49.295] INFO (17898): Wallet sync [5497]: shielded=true, unshielded=true, dust=false
[11:12:49.353] INFO (17898): Wallet sync [5498]: shielded=true, unshielded=true, dust=false
[11:12:49.431] INFO (17898): Wallet sync [5499]: shielded=true, unshielded=true, dust=false
[11:12:49.463] INFO (17898): Wallet sync [5500]: shielded=true, unshielded=true, dust=false
[11:12:49.532] INFO (17898): Wallet sync [5501]: shielded=true, unshielded=true, dust=false
[11:12:49.591] INFO (17898): Wallet sync [5502]: shielded=true, unshielded=true, dust=false
[11:12:49.638] INFO (17898): Wallet sync [5503]: shielded=true, unshielded=true, dust=false
[11:12:52.297] INFO (17898): Wallet sync [5504]: shielded=true, unshielded=true, dust=false
[11:12:52.380] INFO (17898): Wallet sync [5505]: shielded=true, unshielded=true, dust=false
[11:12:52.431] INFO (17898): Wallet sync [5506]: shielded=true, unshielded=true, dust=false
[11:12:52.470] INFO (17898): Wallet sync [5507]: shielded=true, unshielded=true, dust=false
[11:12:52.555] INFO (17898): Wallet sync [5508]: shielded=true, unshielded=true, dust=false
[11:12:52.585] INFO (17898): Wallet sync [5509]: shielded=true, unshielded=true, dust=false
[11:12:52.619] INFO (17898): Wallet sync [5510]: shielded=true, unshielded=true, dust=false
[11:12:52.688] INFO (17898): Wallet sync [5511]: shielded=true, unshielded=true, dust=false
[11:12:52.745] INFO (17898): Wallet sync [5512]: shielded=true, unshielded=true, dust=false
[11:12:52.789] INFO (17898): Wallet sync [5513]: shielded=true, unshielded=true, dust=false
[11:12:52.862] INFO (17898): Wallet sync [5514]: shielded=true, unshielded=true, dust=false
[11:12:52.924] INFO (17898): Wallet sync [5515]: shielded=true, unshielded=true, dust=false
[11:12:52.974] INFO (17898): Wallet sync [5516]: shielded=true, unshielded=true, dust=false
[11:12:53.033] INFO (17898): Wallet sync [5517]: shielded=true, unshielded=true, dust=false
[11:12:53.087] INFO (17898): Wallet sync [5518]: shielded=true, unshielded=true, dust=false
[11:12:53.120] INFO (17898): Wallet sync [5519]: shielded=true, unshielded=true, dust=false
[11:12:53.183] INFO (17898): Wallet sync [5520]: shielded=true, unshielded=true, dust=false
[11:12:53.252] INFO (17898): Wallet sync [5521]: shielded=true, unshielded=true, dust=false
[11:12:53.312] INFO (17898): Wallet sync [5522]: shielded=true, unshielded=true, dust=false
[11:12:53.390] INFO (17898): Wallet sync [5523]: shielded=true, unshielded=true, dust=false
[11:12:53.463] INFO (17898): Wallet sync [5524]: shielded=true, unshielded=true, dust=false
[11:12:53.544] INFO (17898): Wallet sync [5525]: shielded=true, unshielded=true, dust=false
[11:12:53.664] INFO (17898): Wallet sync [5526]: shielded=true, unshielded=true, dust=false
[11:12:53.721] INFO (17898): Wallet sync [5527]: shielded=true, unshielded=true, dust=false
[11:12:53.798] INFO (17898): Wallet sync [5528]: shielded=true, unshielded=true, dust=false
[11:12:53.932] INFO (17898): Wallet sync [5529]: shielded=true, unshielded=true, dust=false
[11:12:54.009] INFO (17898): Wallet sync [5530]: shielded=true, unshielded=true, dust=false
[11:12:54.065] INFO (17898): Wallet sync [5531]: shielded=true, unshielded=true, dust=false
[11:12:54.135] INFO (17898): Wallet sync [5532]: shielded=true, unshielded=true, dust=false
[11:12:54.207] INFO (17898): Wallet sync [5533]: shielded=true, unshielded=true, dust=false
[11:12:54.246] INFO (17898): Wallet sync [5534]: shielded=true, unshielded=true, dust=false
[11:12:54.307] INFO (17898): Wallet sync [5535]: shielded=true, unshielded=true, dust=false
[11:12:54.374] INFO (17898): Wallet sync [5536]: shielded=true, unshielded=true, dust=false
[11:12:54.447] INFO (17898): Wallet sync [5537]: shielded=true, unshielded=true, dust=false
[11:12:54.504] INFO (17898): Wallet sync [5538]: shielded=true, unshielded=true, dust=false
[11:12:54.564] INFO (17898): Wallet sync [5539]: shielded=true, unshielded=true, dust=false
[11:12:54.603] INFO (17898): Wallet sync [5540]: shielded=true, unshielded=true, dust=false
[11:12:54.663] INFO (17898): Wallet sync [5541]: shielded=true, unshielded=true, dust=false
[11:12:54.723] INFO (17898): Wallet sync [5542]: shielded=true, unshielded=true, dust=false
[11:12:54.786] INFO (17898): Wallet sync [5543]: shielded=true, unshielded=true, dust=false
[11:12:54.830] INFO (17898): Wallet sync [5544]: shielded=true, unshielded=true, dust=false
[11:12:54.884] INFO (17898): Wallet sync [5545]: shielded=true, unshielded=true, dust=false
[11:12:54.948] INFO (17898): Wallet sync [5546]: shielded=true, unshielded=true, dust=false
[11:12:55.001] INFO (17898): Wallet sync [5547]: shielded=true, unshielded=true, dust=false
[11:12:55.041] INFO (17898): Wallet sync [5548]: shielded=true, unshielded=true, dust=false
[11:12:55.078] INFO (17898): Wallet sync [5549]: shielded=true, unshielded=true, dust=false
[11:12:55.161] INFO (17898): Wallet sync [5550]: shielded=true, unshielded=true, dust=false
[11:12:55.201] INFO (17898): Wallet sync [5551]: shielded=true, unshielded=true, dust=false
[11:12:55.233] INFO (17898): Wallet sync [5552]: shielded=true, unshielded=true, dust=false
[11:12:55.295] INFO (17898): Wallet sync [5553]: shielded=true, unshielded=true, dust=false
[11:12:55.353] INFO (17898): Wallet sync [5554]: shielded=true, unshielded=true, dust=false
[11:12:55.408] INFO (17898): Wallet sync [5555]: shielded=true, unshielded=true, dust=false
[11:12:55.467] INFO (17898): Wallet sync [5556]: shielded=true, unshielded=true, dust=false
[11:12:55.521] INFO (17898): Wallet sync [5557]: shielded=true, unshielded=true, dust=false
[11:12:55.581] INFO (17898): Wallet sync [5558]: shielded=true, unshielded=true, dust=false
[11:12:55.652] INFO (17898): Wallet sync [5559]: shielded=true, unshielded=true, dust=false
[11:12:55.711] INFO (17898): Wallet sync [5560]: shielded=true, unshielded=true, dust=false
[11:12:55.773] INFO (17898): Wallet sync [5561]: shielded=true, unshielded=true, dust=false
[11:12:55.833] INFO (17898): Wallet sync [5562]: shielded=true, unshielded=true, dust=false
[11:12:55.903] INFO (17898): Wallet sync [5563]: shielded=true, unshielded=true, dust=false
[11:12:55.973] INFO (17898): Wallet sync [5564]: shielded=true, unshielded=true, dust=false
[11:12:56.007] INFO (17898): Wallet sync [5565]: shielded=true, unshielded=true, dust=false
[11:12:56.064] INFO (17898): Wallet sync [5566]: shielded=true, unshielded=true, dust=false
[11:12:56.128] INFO (17898): Wallet sync [5567]: shielded=true, unshielded=true, dust=false
[11:12:56.186] INFO (17898): Wallet sync [5568]: shielded=true, unshielded=true, dust=false
[11:12:56.234] INFO (17898): Wallet sync [5569]: shielded=true, unshielded=true, dust=false
[11:12:56.298] INFO (17898): Wallet sync [5570]: shielded=true, unshielded=true, dust=false
[11:12:56.365] INFO (17898): Wallet sync [5571]: shielded=true, unshielded=true, dust=false
[11:12:56.427] INFO (17898): Wallet sync [5572]: shielded=true, unshielded=true, dust=false
[11:12:56.496] INFO (17898): Wallet sync [5573]: shielded=true, unshielded=true, dust=false
[11:12:56.596] INFO (17898): Wallet sync [5574]: shielded=true, unshielded=true, dust=false
[11:12:56.663] INFO (17898): Wallet sync [5575]: shielded=true, unshielded=true, dust=false
[11:12:56.740] INFO (17898): Wallet sync [5576]: shielded=true, unshielded=true, dust=false
[11:12:56.778] INFO (17898): Wallet sync [5577]: shielded=true, unshielded=true, dust=false
[11:12:56.826] INFO (17898): Wallet sync [5578]: shielded=true, unshielded=true, dust=false
[11:12:56.868] INFO (17898): Wallet sync [5579]: shielded=true, unshielded=true, dust=false
[11:12:56.939] INFO (17898): Wallet sync [5580]: shielded=true, unshielded=true, dust=false
[11:12:56.945] INFO (17898): Wallet sync [5581]: shielded=true, unshielded=true, dust=false
[11:12:57.027] INFO (17898): Wallet sync [5582]: shielded=true, unshielded=true, dust=false
[11:12:57.096] INFO (17898): Wallet sync [5583]: shielded=true, unshielded=true, dust=false
[11:12:57.173] INFO (17898): Wallet sync [5584]: shielded=true, unshielded=true, dust=false
[11:12:57.242] INFO (17898): Wallet sync [5585]: shielded=true, unshielded=true, dust=false
[11:12:57.288] INFO (17898): Wallet sync [5586]: shielded=true, unshielded=true, dust=false
[11:12:57.355] INFO (17898): Wallet sync [5587]: shielded=true, unshielded=true, dust=false
[11:12:57.436] INFO (17898): Wallet sync [5588]: shielded=true, unshielded=true, dust=false
[11:12:57.546] INFO (17898): Wallet sync [5589]: shielded=true, unshielded=true, dust=false
[11:12:57.611] INFO (17898): Wallet sync [5590]: shielded=true, unshielded=true, dust=false
[11:12:57.677] INFO (17898): Wallet sync [5591]: shielded=true, unshielded=true, dust=false
[11:12:57.713] INFO (17898): Wallet sync [5592]: shielded=true, unshielded=true, dust=false
[11:12:57.779] INFO (17898): Wallet sync [5593]: shielded=true, unshielded=true, dust=false
[11:12:57.842] INFO (17898): Wallet sync [5594]: shielded=true, unshielded=true, dust=false
[11:12:57.909] INFO (17898): Wallet sync [5595]: shielded=true, unshielded=true, dust=false
[11:12:57.985] INFO (17898): Wallet sync [5596]: shielded=true, unshielded=true, dust=false
[11:12:58.064] INFO (17898): Wallet sync [5597]: shielded=true, unshielded=true, dust=false
[11:12:58.105] INFO (17898): Wallet sync [5598]: shielded=true, unshielded=true, dust=false
[11:12:58.173] INFO (17898): Wallet sync [5599]: shielded=true, unshielded=true, dust=false
[11:12:58.246] INFO (17898): Wallet sync [5600]: shielded=true, unshielded=true, dust=false
[11:12:58.321] INFO (17898): Wallet sync [5601]: shielded=true, unshielded=true, dust=false
[11:12:58.359] INFO (17898): Wallet sync [5602]: shielded=true, unshielded=true, dust=false
[11:12:58.395] INFO (17898): Wallet sync [5603]: shielded=true, unshielded=true, dust=false
[11:12:58.453] INFO (17898): Wallet sync [5604]: shielded=true, unshielded=true, dust=false
[11:12:58.526] INFO (17898): Wallet sync [5605]: shielded=true, unshielded=true, dust=false
[11:12:58.596] INFO (17898): Wallet sync [5606]: shielded=true, unshielded=true, dust=false
[11:12:58.663] INFO (17898): Wallet sync [5607]: shielded=true, unshielded=true, dust=false
[11:12:58.737] INFO (17898): Wallet sync [5608]: shielded=true, unshielded=true, dust=false
[11:12:58.809] INFO (17898): Wallet sync [5609]: shielded=true, unshielded=true, dust=false
[11:12:58.875] INFO (17898): Wallet sync [5610]: shielded=true, unshielded=true, dust=false
[11:12:58.933] INFO (17898): Wallet sync [5611]: shielded=true, unshielded=true, dust=false
[11:12:59.001] INFO (17898): Wallet sync [5612]: shielded=true, unshielded=true, dust=false
[11:12:59.077] INFO (17898): Wallet sync [5613]: shielded=true, unshielded=true, dust=false
[11:12:59.140] INFO (17898): Wallet sync [5614]: shielded=true, unshielded=true, dust=false
[11:12:59.211] INFO (17898): Wallet sync [5615]: shielded=true, unshielded=true, dust=false
[11:12:59.274] INFO (17898): Wallet sync [5616]: shielded=true, unshielded=true, dust=false
[11:12:59.346] INFO (17898): Wallet sync [5617]: shielded=true, unshielded=true, dust=false
[11:12:59.416] INFO (17898): Wallet sync [5618]: shielded=true, unshielded=true, dust=false
[11:12:59.504] INFO (17898): Wallet sync [5619]: shielded=true, unshielded=true, dust=false
[11:12:59.566] INFO (17898): Wallet sync [5620]: shielded=true, unshielded=true, dust=false
[11:12:59.635] INFO (17898): Wallet sync [5621]: shielded=true, unshielded=true, dust=false
[11:12:59.687] INFO (17898): Wallet sync [5622]: shielded=true, unshielded=true, dust=false
[11:12:59.748] INFO (17898): Wallet sync [5623]: shielded=true, unshielded=true, dust=false
[11:12:59.806] INFO (17898): Wallet sync [5624]: shielded=true, unshielded=true, dust=false
[11:12:59.862] INFO (17898): Wallet sync [5625]: shielded=true, unshielded=true, dust=false
[11:12:59.923] INFO (17898): Wallet sync [5626]: shielded=true, unshielded=true, dust=false
[11:12:59.975] INFO (17898): Wallet sync [5627]: shielded=true, unshielded=true, dust=false
[11:13:00.022] INFO (17898): Wallet sync [5628]: shielded=true, unshielded=true, dust=false
[11:13:00.220] INFO (17898): Wallet sync [5629]: shielded=true, unshielded=true, dust=false
[11:13:00.308] INFO (17898): Wallet sync [5630]: shielded=true, unshielded=true, dust=false
[11:13:00.357] INFO (17898): Wallet sync [5631]: shielded=true, unshielded=true, dust=false
[11:13:00.396] INFO (17898): Wallet sync [5632]: shielded=true, unshielded=true, dust=false
[11:13:00.464] INFO (17898): Wallet sync [5633]: shielded=true, unshielded=true, dust=false
[11:13:00.554] INFO (17898): Wallet sync [5634]: shielded=true, unshielded=true, dust=false
[11:13:00.624] INFO (17898): Wallet sync [5635]: shielded=true, unshielded=true, dust=false
[11:13:00.684] INFO (17898): Wallet sync [5636]: shielded=true, unshielded=true, dust=false
[11:13:00.774] INFO (17898): Wallet sync [5637]: shielded=true, unshielded=true, dust=false
[11:13:00.871] INFO (17898): Wallet sync [5638]: shielded=true, unshielded=true, dust=false
[11:13:00.952] INFO (17898): Wallet sync [5639]: shielded=true, unshielded=true, dust=false
[11:13:01.039] INFO (17898): Wallet sync [5640]: shielded=true, unshielded=true, dust=false
[11:13:01.101] INFO (17898): Wallet sync [5641]: shielded=true, unshielded=true, dust=false
[11:13:01.137] INFO (17898): Wallet sync [5642]: shielded=true, unshielded=true, dust=false
[11:13:01.169] INFO (17898): Wallet sync [5643]: shielded=true, unshielded=true, dust=false
[11:13:01.224] INFO (17898): Wallet sync [5644]: shielded=true, unshielded=true, dust=false
[11:13:01.276] INFO (17898): Wallet sync [5645]: shielded=true, unshielded=true, dust=false
[11:13:01.337] INFO (17898): Wallet sync [5646]: shielded=true, unshielded=true, dust=false
[11:13:01.369] INFO (17898): Wallet sync [5647]: shielded=true, unshielded=true, dust=false
[11:13:01.424] INFO (17898): Wallet sync [5648]: shielded=true, unshielded=true, dust=false
[11:13:01.515] INFO (17898): Wallet sync [5649]: shielded=true, unshielded=true, dust=false
[11:13:01.760] INFO (17898): Wallet sync [5650]: shielded=true, unshielded=true, dust=false
[11:13:01.861] INFO (17898): Wallet sync [5651]: shielded=true, unshielded=true, dust=false
[11:13:01.896] INFO (17898): Wallet sync [5652]: shielded=true, unshielded=true, dust=false
[11:13:01.956] INFO (17898): Wallet sync [5653]: shielded=true, unshielded=true, dust=false
[11:13:02.011] INFO (17898): Wallet sync [5654]: shielded=true, unshielded=true, dust=false
[11:13:02.072] INFO (17898): Wallet sync [5655]: shielded=true, unshielded=true, dust=false
[11:13:02.131] INFO (17898): Wallet sync [5656]: shielded=true, unshielded=true, dust=false
[11:13:02.187] INFO (17898): Wallet sync [5657]: shielded=true, unshielded=true, dust=false
[11:13:02.242] INFO (17898): Wallet sync [5658]: shielded=true, unshielded=true, dust=false
[11:13:02.315] INFO (17898): Wallet sync [5659]: shielded=true, unshielded=true, dust=false
[11:13:02.379] INFO (17898): Wallet sync [5660]: shielded=true, unshielded=true, dust=false
[11:13:02.420] INFO (17898): Wallet sync [5661]: shielded=true, unshielded=true, dust=false
[11:13:02.493] INFO (17898): Wallet sync [5662]: shielded=true, unshielded=true, dust=false
[11:13:02.552] INFO (17898): Wallet sync [5663]: shielded=true, unshielded=true, dust=false
[11:13:02.616] INFO (17898): Wallet sync [5664]: shielded=true, unshielded=true, dust=false
[11:13:02.658] INFO (17898): Wallet sync [5665]: shielded=true, unshielded=true, dust=false
[11:13:02.699] INFO (17898): Wallet sync [5666]: shielded=true, unshielded=true, dust=false
[11:13:02.753] INFO (17898): Wallet sync [5667]: shielded=true, unshielded=true, dust=false
[11:13:02.810] INFO (17898): Wallet sync [5668]: shielded=true, unshielded=true, dust=false
[11:13:02.851] INFO (17898): Wallet sync [5669]: shielded=true, unshielded=true, dust=false
[11:13:02.885] INFO (17898): Wallet sync [5670]: shielded=true, unshielded=true, dust=false
[11:13:02.946] INFO (17898): Wallet sync [5671]: shielded=true, unshielded=true, dust=false
[11:13:03.007] INFO (17898): Wallet sync [5672]: shielded=true, unshielded=true, dust=false
[11:13:03.064] INFO (17898): Wallet sync [5673]: shielded=true, unshielded=true, dust=false
[11:13:03.126] INFO (17898): Wallet sync [5674]: shielded=true, unshielded=true, dust=false
[11:13:03.159] INFO (17898): Wallet sync [5675]: shielded=true, unshielded=true, dust=false
[11:13:03.231] INFO (17898): Wallet sync [5676]: shielded=true, unshielded=true, dust=false
[11:13:03.285] INFO (17898): Wallet sync [5677]: shielded=true, unshielded=true, dust=false
[11:13:03.319] INFO (17898): Wallet sync [5678]: shielded=true, unshielded=true, dust=false
[11:13:03.358] INFO (17898): Wallet sync [5679]: shielded=true, unshielded=true, dust=false
[11:13:03.392] INFO (17898): Wallet sync [5680]: shielded=true, unshielded=true, dust=false
[11:13:03.449] INFO (17898): Wallet sync [5681]: shielded=true, unshielded=true, dust=false
[11:13:03.501] INFO (17898): Wallet sync [5682]: shielded=true, unshielded=true, dust=false
[11:13:03.569] INFO (17898): Wallet sync [5683]: shielded=true, unshielded=true, dust=false
[11:13:03.627] INFO (17898): Wallet sync [5684]: shielded=true, unshielded=true, dust=false
[11:13:03.731] INFO (17898): Wallet sync [5685]: shielded=true, unshielded=true, dust=false
[11:13:03.773] INFO (17898): Wallet sync [5686]: shielded=true, unshielded=true, dust=false
[11:13:03.839] INFO (17898): Wallet sync [5687]: shielded=true, unshielded=true, dust=false
[11:13:03.875] INFO (17898): Wallet sync [5688]: shielded=true, unshielded=true, dust=false
[11:13:03.909] INFO (17898): Wallet sync [5689]: shielded=true, unshielded=true, dust=false
[11:13:03.976] INFO (17898): Wallet sync [5690]: shielded=true, unshielded=true, dust=false
[11:13:04.032] INFO (17898): Wallet sync [5691]: shielded=true, unshielded=true, dust=false
[11:13:04.092] INFO (17898): Wallet sync [5692]: shielded=true, unshielded=true, dust=false
[11:13:04.142] INFO (17898): Wallet sync [5693]: shielded=true, unshielded=true, dust=false
[11:13:04.202] INFO (17898): Wallet sync [5694]: shielded=true, unshielded=true, dust=false
[11:13:04.239] INFO (17898): Wallet sync [5695]: shielded=true, unshielded=true, dust=false
[11:13:04.299] INFO (17898): Wallet sync [5696]: shielded=true, unshielded=true, dust=false
[11:13:04.365] INFO (17898): Wallet sync [5697]: shielded=true, unshielded=true, dust=false
[11:13:04.429] INFO (17898): Wallet sync [5698]: shielded=true, unshielded=true, dust=false
[11:13:04.490] INFO (17898): Wallet sync [5699]: shielded=true, unshielded=true, dust=false
[11:13:04.546] INFO (17898): Wallet sync [5700]: shielded=true, unshielded=true, dust=false
[11:13:04.624] INFO (17898): Wallet sync [5701]: shielded=true, unshielded=true, dust=false
[11:13:04.658] INFO (17898): Wallet sync [5702]: shielded=true, unshielded=true, dust=false
[11:13:04.716] INFO (17898): Wallet sync [5703]: shielded=true, unshielded=true, dust=false
[11:13:04.774] INFO (17898): Wallet sync [5704]: shielded=true, unshielded=true, dust=false
[11:13:04.862] INFO (17898): Wallet sync [5705]: shielded=true, unshielded=true, dust=false
[11:13:04.915] INFO (17898): Wallet sync [5706]: shielded=true, unshielded=true, dust=false
[11:13:04.969] INFO (17898): Wallet sync [5707]: shielded=true, unshielded=true, dust=false
[11:13:05.033] INFO (17898): Wallet sync [5708]: shielded=true, unshielded=true, dust=false
[11:13:05.094] INFO (17898): Wallet sync [5709]: shielded=true, unshielded=true, dust=false
[11:13:05.152] INFO (17898): Wallet sync [5710]: shielded=true, unshielded=true, dust=false
[11:13:05.207] INFO (17898): Wallet sync [5711]: shielded=true, unshielded=true, dust=false
[11:13:05.253] INFO (17898): Wallet sync [5712]: shielded=true, unshielded=true, dust=false
[11:13:05.309] INFO (17898): Wallet sync [5713]: shielded=true, unshielded=true, dust=false
[11:13:05.363] INFO (17898): Wallet sync [5714]: shielded=true, unshielded=true, dust=false
[11:13:05.423] INFO (17898): Wallet sync [5715]: shielded=true, unshielded=true, dust=false
[11:13:05.477] INFO (17898): Wallet sync [5716]: shielded=true, unshielded=true, dust=false
[11:13:05.544] INFO (17898): Wallet sync [5717]: shielded=true, unshielded=true, dust=false
[11:13:05.614] INFO (17898): Wallet sync [5718]: shielded=true, unshielded=true, dust=false
[11:13:05.662] INFO (17898): Wallet sync [5719]: shielded=true, unshielded=true, dust=false
[11:13:05.699] INFO (17898): Wallet sync [5720]: shielded=true, unshielded=true, dust=false
[11:13:05.737] INFO (17898): Wallet sync [5721]: shielded=true, unshielded=true, dust=false
[11:13:05.802] INFO (17898): Wallet sync [5722]: shielded=true, unshielded=true, dust=false
[11:13:05.852] INFO (17898): Wallet sync [5723]: shielded=true, unshielded=true, dust=false
[11:13:05.909] INFO (17898): Wallet sync [5724]: shielded=true, unshielded=true, dust=false
[11:13:05.964] INFO (17898): Wallet sync [5725]: shielded=true, unshielded=true, dust=false
[11:13:06.021] INFO (17898): Wallet sync [5726]: shielded=true, unshielded=true, dust=false
[11:13:06.057] INFO (17898): Wallet sync [5727]: shielded=true, unshielded=true, dust=false
[11:13:06.088] INFO (17898): Wallet sync [5728]: shielded=true, unshielded=true, dust=false
[11:13:06.137] INFO (17898): Wallet sync [5729]: shielded=true, unshielded=true, dust=false
[11:13:06.181] INFO (17898): Wallet sync [5730]: shielded=true, unshielded=true, dust=false
[11:13:06.217] INFO (17898): Wallet sync [5731]: shielded=true, unshielded=true, dust=false
[11:13:06.264] INFO (17898): Wallet sync [5732]: shielded=true, unshielded=true, dust=false
[11:13:06.296] INFO (17898): Wallet sync [5733]: shielded=true, unshielded=true, dust=false
[11:13:06.330] INFO (17898): Wallet sync [5734]: shielded=true, unshielded=true, dust=false
[11:13:06.368] INFO (17898): Wallet sync [5735]: shielded=true, unshielded=true, dust=false
[11:13:06.424] INFO (17898): Wallet sync [5736]: shielded=true, unshielded=true, dust=false
[11:13:06.459] INFO (17898): Wallet sync [5737]: shielded=true, unshielded=true, dust=false
[11:13:06.492] INFO (17898): Wallet sync [5738]: shielded=true, unshielded=true, dust=false
[11:13:06.541] INFO (17898): Wallet sync [5739]: shielded=true, unshielded=true, dust=false
[11:13:06.596] INFO (17898): Wallet sync [5740]: shielded=true, unshielded=true, dust=false
[11:13:06.636] INFO (17898): Wallet sync [5741]: shielded=true, unshielded=true, dust=false
[11:13:06.674] INFO (17898): Wallet sync [5742]: shielded=true, unshielded=true, dust=false
[11:13:06.727] INFO (17898): Wallet sync [5743]: shielded=true, unshielded=true, dust=false
[11:13:06.784] INFO (17898): Wallet sync [5744]: shielded=true, unshielded=true, dust=false
[11:13:06.849] INFO (17898): Wallet sync [5745]: shielded=true, unshielded=true, dust=false
[11:13:06.927] INFO (17898): Wallet sync [5746]: shielded=true, unshielded=true, dust=false
[11:13:06.973] INFO (17898): Wallet sync [5747]: shielded=true, unshielded=true, dust=false
[11:13:07.038] INFO (17898): Wallet sync [5748]: shielded=true, unshielded=true, dust=false
[11:13:07.077] INFO (17898): Wallet sync [5749]: shielded=true, unshielded=true, dust=false
[11:13:07.136] INFO (17898): Wallet sync [5750]: shielded=true, unshielded=true, dust=false
[11:13:07.190] INFO (17898): Wallet sync [5751]: shielded=true, unshielded=true, dust=false
[11:13:07.244] INFO (17898): Wallet sync [5752]: shielded=true, unshielded=true, dust=false
[11:13:07.302] INFO (17898): Wallet sync [5753]: shielded=true, unshielded=true, dust=false
[11:13:07.363] INFO (17898): Wallet sync [5754]: shielded=true, unshielded=true, dust=false
[11:13:07.420] INFO (17898): Wallet sync [5755]: shielded=true, unshielded=true, dust=false
[11:13:07.489] INFO (17898): Wallet sync [5756]: shielded=true, unshielded=true, dust=false
[11:13:07.541] INFO (17898): Wallet sync [5757]: shielded=true, unshielded=true, dust=false
[11:13:07.599] INFO (17898): Wallet sync [5758]: shielded=true, unshielded=true, dust=false
[11:13:07.656] INFO (17898): Wallet sync [5759]: shielded=true, unshielded=true, dust=false
[11:13:07.729] INFO (17898): Wallet sync [5760]: shielded=true, unshielded=true, dust=false
[11:13:07.788] INFO (17898): Wallet sync [5761]: shielded=true, unshielded=true, dust=false
[11:13:07.841] INFO (17898): Wallet sync [5762]: shielded=true, unshielded=true, dust=false
[11:13:07.901] INFO (17898): Wallet sync [5763]: shielded=true, unshielded=true, dust=false
[11:13:07.954] INFO (17898): Wallet sync [5764]: shielded=true, unshielded=true, dust=false
[11:13:08.011] INFO (17898): Wallet sync [5765]: shielded=true, unshielded=true, dust=false
[11:13:08.066] INFO (17898): Wallet sync [5766]: shielded=true, unshielded=true, dust=false
[11:13:08.126] INFO (17898): Wallet sync [5767]: shielded=true, unshielded=true, dust=false
[11:13:08.189] INFO (17898): Wallet sync [5768]: shielded=true, unshielded=true, dust=false
[11:13:08.254] INFO (17898): Wallet sync [5769]: shielded=true, unshielded=true, dust=false
[11:13:08.306] INFO (17898): Wallet sync [5770]: shielded=true, unshielded=true, dust=false
[11:13:08.364] INFO (17898): Wallet sync [5771]: shielded=true, unshielded=true, dust=false
[11:13:08.397] INFO (17898): Wallet sync [5772]: shielded=true, unshielded=true, dust=false
[11:13:08.432] INFO (17898): Wallet sync [5773]: shielded=true, unshielded=true, dust=false
[11:13:08.486] INFO (17898): Wallet sync [5774]: shielded=true, unshielded=true, dust=false
[11:13:08.537] INFO (17898): Wallet sync [5775]: shielded=true, unshielded=true, dust=false
[11:13:08.600] INFO (17898): Wallet sync [5776]: shielded=true, unshielded=true, dust=false
[11:13:08.655] INFO (17898): Wallet sync [5777]: shielded=true, unshielded=true, dust=false
[11:13:08.711] INFO (17898): Wallet sync [5778]: shielded=true, unshielded=true, dust=false
[11:13:08.766] INFO (17898): Wallet sync [5779]: shielded=true, unshielded=true, dust=false
[11:13:08.825] INFO (17898): Wallet sync [5780]: shielded=true, unshielded=true, dust=false
[11:13:08.884] INFO (17898): Wallet sync [5781]: shielded=true, unshielded=true, dust=false
[11:13:08.925] INFO (17898): Wallet sync [5782]: shielded=true, unshielded=true, dust=false
[11:13:08.981] INFO (17898): Wallet sync [5783]: shielded=true, unshielded=true, dust=false
[11:13:09.036] INFO (17898): Wallet sync [5784]: shielded=true, unshielded=true, dust=false
[11:13:09.070] INFO (17898): Wallet sync [5785]: shielded=true, unshielded=true, dust=false
[11:13:09.129] INFO (17898): Wallet sync [5786]: shielded=true, unshielded=true, dust=false
[11:13:09.182] INFO (17898): Wallet sync [5787]: shielded=true, unshielded=true, dust=false
[11:13:09.214] INFO (17898): Wallet sync [5788]: shielded=true, unshielded=true, dust=false
[11:13:09.287] INFO (17898): Wallet sync [5789]: shielded=true, unshielded=true, dust=false
[11:13:09.351] INFO (17898): Wallet sync [5790]: shielded=true, unshielded=true, dust=false
[11:13:09.420] INFO (17898): Wallet sync [5791]: shielded=true, unshielded=true, dust=false
[11:13:09.463] INFO (17898): Wallet sync [5792]: shielded=true, unshielded=true, dust=false
[11:13:09.502] INFO (17898): Wallet sync [5793]: shielded=true, unshielded=true, dust=false
[11:13:09.560] INFO (17898): Wallet sync [5794]: shielded=true, unshielded=true, dust=false
[11:13:09.595] INFO (17898): Wallet sync [5795]: shielded=true, unshielded=true, dust=false
[11:13:09.636] INFO (17898): Wallet sync [5796]: shielded=true, unshielded=true, dust=false
[11:13:09.669] INFO (17898): Wallet sync [5797]: shielded=true, unshielded=true, dust=false
[11:13:09.704] INFO (17898): Wallet sync [5798]: shielded=true, unshielded=true, dust=false
[11:13:09.764] INFO (17898): Wallet sync [5799]: shielded=true, unshielded=true, dust=false
[11:13:09.816] INFO (17898): Wallet sync [5800]: shielded=true, unshielded=true, dust=false
[11:13:09.853] INFO (17898): Wallet sync [5801]: shielded=true, unshielded=true, dust=false
[11:13:09.885] INFO (17898): Wallet sync [5802]: shielded=true, unshielded=true, dust=false
[11:13:09.953] INFO (17898): Wallet sync [5803]: shielded=true, unshielded=true, dust=false
[11:13:09.997] INFO (17898): Wallet sync [5804]: shielded=true, unshielded=true, dust=false
[11:13:10.029] INFO (17898): Wallet sync [5805]: shielded=true, unshielded=true, dust=false
[11:13:10.083] INFO (17898): Wallet sync [5806]: shielded=true, unshielded=true, dust=false
[11:13:10.138] INFO (17898): Wallet sync [5807]: shielded=true, unshielded=true, dust=false
[11:13:10.175] INFO (17898): Wallet sync [5808]: shielded=true, unshielded=true, dust=false
[11:13:10.219] INFO (17898): Wallet sync [5809]: shielded=true, unshielded=true, dust=false
[11:13:10.251] INFO (17898): Wallet sync [5810]: shielded=true, unshielded=true, dust=false
[11:13:10.287] INFO (17898): Wallet sync [5811]: shielded=true, unshielded=true, dust=false
[11:13:10.326] INFO (17898): Wallet sync [5812]: shielded=true, unshielded=true, dust=false
[11:13:10.358] INFO (17898): Wallet sync [5813]: shielded=true, unshielded=true, dust=false
[11:13:10.423] INFO (17898): Wallet sync [5814]: shielded=true, unshielded=true, dust=false
[11:13:10.455] INFO (17898): Wallet sync [5815]: shielded=true, unshielded=true, dust=false
[11:13:10.536] INFO (17898): Wallet sync [5816]: shielded=true, unshielded=true, dust=false
[11:13:10.568] INFO (17898): Wallet sync [5817]: shielded=true, unshielded=true, dust=false
[11:13:10.606] INFO (17898): Wallet sync [5818]: shielded=true, unshielded=true, dust=false
[11:13:10.666] INFO (17898): Wallet sync [5819]: shielded=true, unshielded=true, dust=false
[11:13:10.719] INFO (17898): Wallet sync [5820]: shielded=true, unshielded=true, dust=false
[11:13:10.752] INFO (17898): Wallet sync [5821]: shielded=true, unshielded=true, dust=false
[11:13:10.791] INFO (17898): Wallet sync [5822]: shielded=true, unshielded=true, dust=false
[11:13:10.844] INFO (17898): Wallet sync [5823]: shielded=true, unshielded=true, dust=false
[11:13:10.895] INFO (17898): Wallet sync [5824]: shielded=true, unshielded=true, dust=false
[11:13:10.926] INFO (17898): Wallet sync [5825]: shielded=true, unshielded=true, dust=false
[11:13:10.964] INFO (17898): Wallet sync [5826]: shielded=true, unshielded=true, dust=false
[11:13:11.025] INFO (17898): Wallet sync [5827]: shielded=true, unshielded=true, dust=false
[11:13:11.085] INFO (17898): Wallet sync [5828]: shielded=true, unshielded=true, dust=false
[11:13:11.128] INFO (17898): Wallet sync [5829]: shielded=true, unshielded=true, dust=false
[11:13:11.159] INFO (17898): Wallet sync [5830]: shielded=true, unshielded=true, dust=false
[11:13:11.193] INFO (17898): Wallet sync [5831]: shielded=true, unshielded=true, dust=false
[11:13:11.252] INFO (17898): Wallet sync [5832]: shielded=true, unshielded=true, dust=false
[11:13:11.306] INFO (17898): Wallet sync [5833]: shielded=true, unshielded=true, dust=false
[11:13:11.339] INFO (17898): Wallet sync [5834]: shielded=true, unshielded=true, dust=false
[11:13:11.380] INFO (17898): Wallet sync [5835]: shielded=true, unshielded=true, dust=false
[11:13:11.440] INFO (17898): Wallet sync [5836]: shielded=true, unshielded=true, dust=false
[11:13:11.494] INFO (17898): Wallet sync [5837]: shielded=true, unshielded=true, dust=false
[11:13:11.567] INFO (17898): Wallet sync [5838]: shielded=true, unshielded=true, dust=false
[11:13:11.599] INFO (17898): Wallet sync [5839]: shielded=true, unshielded=true, dust=false
[11:13:11.637] INFO (17898): Wallet sync [5840]: shielded=true, unshielded=true, dust=false
[11:13:11.671] INFO (17898): Wallet sync [5841]: shielded=true, unshielded=true, dust=false
[11:13:11.727] INFO (17898): Wallet sync [5842]: shielded=true, unshielded=true, dust=false
[11:13:11.795] INFO (17898): Wallet sync [5843]: shielded=true, unshielded=true, dust=false
[11:13:11.845] INFO (17898): Wallet sync [5844]: shielded=true, unshielded=true, dust=false
[11:13:11.912] INFO (17898): Wallet sync [5845]: shielded=true, unshielded=true, dust=false
[11:13:11.968] INFO (17898): Wallet sync [5846]: shielded=true, unshielded=true, dust=false
[11:13:12.026] INFO (17898): Wallet sync [5847]: shielded=true, unshielded=true, dust=false
[11:13:12.084] INFO (17898): Wallet sync [5848]: shielded=true, unshielded=true, dust=false
[11:13:12.145] INFO (17898): Wallet sync [5849]: shielded=true, unshielded=true, dust=false
[11:13:12.206] INFO (17898): Wallet sync [5850]: shielded=true, unshielded=true, dust=false
[11:13:12.277] INFO (17898): Wallet sync [5851]: shielded=true, unshielded=true, dust=false
[11:13:12.341] INFO (17898): Wallet sync [5852]: shielded=true, unshielded=true, dust=false
[11:13:12.397] INFO (17898): Wallet sync [5853]: shielded=true, unshielded=true, dust=false
[11:13:12.455] INFO (17898): Wallet sync [5854]: shielded=true, unshielded=true, dust=false
[11:13:12.508] INFO (17898): Wallet sync [5855]: shielded=true, unshielded=true, dust=false
[11:13:12.565] INFO (17898): Wallet sync [5856]: shielded=true, unshielded=true, dust=false
[11:13:12.628] INFO (17898): Wallet sync [5857]: shielded=true, unshielded=true, dust=false
[11:13:12.683] INFO (17898): Wallet sync [5858]: shielded=true, unshielded=true, dust=false
[11:13:12.742] INFO (17898): Wallet sync [5859]: shielded=true, unshielded=true, dust=false
[11:13:12.809] INFO (17898): Wallet sync [5860]: shielded=true, unshielded=true, dust=false
[11:13:12.873] INFO (17898): Wallet sync [5861]: shielded=true, unshielded=true, dust=false
[11:13:12.929] INFO (17898): Wallet sync [5862]: shielded=true, unshielded=true, dust=false
[11:13:12.990] INFO (17898): Wallet sync [5863]: shielded=true, unshielded=true, dust=false
[11:13:13.046] INFO (17898): Wallet sync [5864]: shielded=true, unshielded=true, dust=false
[11:13:13.105] INFO (17898): Wallet sync [5865]: shielded=true, unshielded=true, dust=false
[11:13:13.166] INFO (17898): Wallet sync [5866]: shielded=true, unshielded=true, dust=false
[11:13:13.227] INFO (17898): Wallet sync [5867]: shielded=true, unshielded=true, dust=false
[11:13:13.284] INFO (17898): Wallet sync [5868]: shielded=true, unshielded=true, dust=false
[11:13:13.339] INFO (17898): Wallet sync [5869]: shielded=true, unshielded=true, dust=false
[11:13:13.408] INFO (17898): Wallet sync [5870]: shielded=true, unshielded=true, dust=false
[11:13:13.469] INFO (17898): Wallet sync [5871]: shielded=true, unshielded=true, dust=false
[11:13:13.526] INFO (17898): Wallet sync [5872]: shielded=true, unshielded=true, dust=false
[11:13:13.582] INFO (17898): Wallet sync [5873]: shielded=true, unshielded=true, dust=false
[11:13:13.638] INFO (17898): Wallet sync [5874]: shielded=true, unshielded=true, dust=false
[11:13:13.703] INFO (17898): Wallet sync [5875]: shielded=true, unshielded=true, dust=false
[11:13:13.763] INFO (17898): Wallet sync [5876]: shielded=true, unshielded=true, dust=false
[11:13:13.823] INFO (17898): Wallet sync [5877]: shielded=true, unshielded=true, dust=false
[11:13:13.884] INFO (17898): Wallet sync [5878]: shielded=true, unshielded=true, dust=false
[11:13:13.969] INFO (17898): Wallet sync [5879]: shielded=true, unshielded=true, dust=false
[11:13:14.033] INFO (17898): Wallet sync [5880]: shielded=true, unshielded=true, dust=false
[11:13:14.109] INFO (17898): Wallet sync [5881]: shielded=true, unshielded=true, dust=false
[11:13:14.173] INFO (17898): Wallet sync [5882]: shielded=true, unshielded=true, dust=false
[11:13:14.243] INFO (17898): Wallet sync [5883]: shielded=true, unshielded=true, dust=false
[11:13:14.300] INFO (17898): Wallet sync [5884]: shielded=true, unshielded=true, dust=false
[11:13:14.337] INFO (17898): Wallet sync [5885]: shielded=true, unshielded=true, dust=false
[11:13:14.377] INFO (17898): Wallet sync [5886]: shielded=true, unshielded=true, dust=false
[11:13:14.429] INFO (17898): Wallet sync [5887]: shielded=true, unshielded=true, dust=false
[11:13:14.489] INFO (17898): Wallet sync [5888]: shielded=true, unshielded=true, dust=false
[11:13:14.521] INFO (17898): Wallet sync [5889]: shielded=true, unshielded=true, dust=false
[11:13:14.559] INFO (17898): Wallet sync [5890]: shielded=true, unshielded=true, dust=false
[11:13:14.595] INFO (17898): Wallet sync [5891]: shielded=true, unshielded=true, dust=false
[11:13:14.670] INFO (17898): Wallet sync [5892]: shielded=true, unshielded=true, dust=false
[11:13:14.737] INFO (17898): Wallet sync [5893]: shielded=true, unshielded=true, dust=false
[11:13:14.772] INFO (17898): Wallet sync [5894]: shielded=true, unshielded=true, dust=false
[11:13:14.805] INFO (17898): Wallet sync [5895]: shielded=true, unshielded=true, dust=false
[11:13:14.848] INFO (17898): Wallet sync [5896]: shielded=true, unshielded=true, dust=false
[11:13:14.904] INFO (17898): Wallet sync [5897]: shielded=true, unshielded=true, dust=false
[11:13:14.941] INFO (17898): Wallet sync [5898]: shielded=true, unshielded=true, dust=false
[11:13:14.973] INFO (17898): Wallet sync [5899]: shielded=true, unshielded=true, dust=false
[11:13:15.015] INFO (17898): Wallet sync [5900]: shielded=true, unshielded=true, dust=false
[11:13:15.091] INFO (17898): Wallet sync [5901]: shielded=true, unshielded=true, dust=false
[11:13:15.163] INFO (17898): Wallet sync [5902]: shielded=true, unshielded=true, dust=false
[11:13:15.202] INFO (17898): Wallet sync [5903]: shielded=true, unshielded=true, dust=false
[11:13:15.233] INFO (17898): Wallet sync [5904]: shielded=true, unshielded=true, dust=false
[11:13:15.269] INFO (17898): Wallet sync [5905]: shielded=true, unshielded=true, dust=false
[11:13:15.344] INFO (17898): Wallet sync [5906]: shielded=true, unshielded=true, dust=false
[11:13:15.376] INFO (17898): Wallet sync [5907]: shielded=true, unshielded=true, dust=false
[11:13:15.409] INFO (17898): Wallet sync [5908]: shielded=true, unshielded=true, dust=false
[11:13:15.468] INFO (17898): Wallet sync [5909]: shielded=true, unshielded=true, dust=false
[11:13:15.528] INFO (17898): Wallet sync [5910]: shielded=true, unshielded=true, dust=false
[11:13:15.561] INFO (17898): Wallet sync [5911]: shielded=true, unshielded=true, dust=false
[11:13:15.594] INFO (17898): Wallet sync [5912]: shielded=true, unshielded=true, dust=false
[11:13:15.634] INFO (17898): Wallet sync [5913]: shielded=true, unshielded=true, dust=false
[11:13:15.698] INFO (17898): Wallet sync [5914]: shielded=true, unshielded=true, dust=false
[11:13:15.770] INFO (17898): Wallet sync [5915]: shielded=true, unshielded=true, dust=false
[11:13:15.836] INFO (17898): Wallet sync [5916]: shielded=true, unshielded=true, dust=false
[11:13:15.888] INFO (17898): Wallet sync [5917]: shielded=true, unshielded=true, dust=false
[11:13:15.926] INFO (17898): Wallet sync [5918]: shielded=true, unshielded=true, dust=false
[11:13:15.958] INFO (17898): Wallet sync [5919]: shielded=true, unshielded=true, dust=false
[11:13:16.004] INFO (17898): Wallet sync [5920]: shielded=true, unshielded=true, dust=false
[11:13:16.057] INFO (17898): Wallet sync [5921]: shielded=true, unshielded=true, dust=false
[11:13:16.120] INFO (17898): Wallet sync [5922]: shielded=true, unshielded=true, dust=false
[11:13:16.183] INFO (17898): Wallet sync [5923]: shielded=true, unshielded=true, dust=false
[11:13:16.221] INFO (17898): Wallet sync [5924]: shielded=true, unshielded=true, dust=false
[11:13:16.268] INFO (17898): Wallet sync [5925]: shielded=true, unshielded=true, dust=false
[11:13:16.300] INFO (17898): Wallet sync [5926]: shielded=true, unshielded=true, dust=false
[11:13:16.360] INFO (17898): Wallet sync [5927]: shielded=true, unshielded=true, dust=false
[11:13:16.395] INFO (17898): Wallet sync [5928]: shielded=true, unshielded=true, dust=false
[11:13:16.427] INFO (17898): Wallet sync [5929]: shielded=true, unshielded=true, dust=false
[11:13:16.462] INFO (17898): Wallet sync [5930]: shielded=true, unshielded=true, dust=false
[11:13:16.513] INFO (17898): Wallet sync [5931]: shielded=true, unshielded=true, dust=false
[11:13:16.572] INFO (17898): Wallet sync [5932]: shielded=true, unshielded=true, dust=false
[11:13:16.633] INFO (17898): Wallet sync [5933]: shielded=true, unshielded=true, dust=false
[11:13:16.663] INFO (17898): Wallet sync [5934]: shielded=true, unshielded=true, dust=false
[11:13:16.720] INFO (17898): Wallet sync [5935]: shielded=true, unshielded=true, dust=false
[11:13:16.753] INFO (17898): Wallet sync [5936]: shielded=true, unshielded=true, dust=false
[11:13:16.793] INFO (17898): Wallet sync [5937]: shielded=true, unshielded=true, dust=false
[11:13:16.827] INFO (17898): Wallet sync [5938]: shielded=true, unshielded=true, dust=false
[11:13:16.888] INFO (17898): Wallet sync [5939]: shielded=true, unshielded=true, dust=false
[11:13:16.953] INFO (17898): Wallet sync [5940]: shielded=true, unshielded=true, dust=false
[11:13:17.007] INFO (17898): Wallet sync [5941]: shielded=true, unshielded=true, dust=false
[11:13:17.066] INFO (17898): Wallet sync [5942]: shielded=true, unshielded=true, dust=false
[11:13:17.173] INFO (17898): Wallet sync [5943]: shielded=true, unshielded=true, dust=false
[11:13:17.243] INFO (17898): Wallet sync [5944]: shielded=true, unshielded=true, dust=false
[11:13:17.291] INFO (17898): Wallet sync [5945]: shielded=true, unshielded=true, dust=false
[11:13:17.353] INFO (17898): Wallet sync [5946]: shielded=true, unshielded=true, dust=false
[11:13:17.442] INFO (17898): Wallet sync [5947]: shielded=true, unshielded=true, dust=false
[11:13:17.490] INFO (17898): Wallet sync [5948]: shielded=true, unshielded=true, dust=false
[11:13:17.544] INFO (17898): Wallet sync [5949]: shielded=true, unshielded=true, dust=false
[11:13:17.591] INFO (17898): Wallet sync [5950]: shielded=true, unshielded=true, dust=false
[11:13:17.645] INFO (17898): Wallet sync [5951]: shielded=true, unshielded=true, dust=false
[11:13:17.705] INFO (17898): Wallet sync [5952]: shielded=true, unshielded=true, dust=false
[11:13:17.739] INFO (17898): Wallet sync [5953]: shielded=true, unshielded=true, dust=false
[11:13:17.841] INFO (17898): Wallet sync [5954]: shielded=true, unshielded=true, dust=false
[11:13:17.909] INFO (17898): Wallet sync [5955]: shielded=true, unshielded=true, dust=false
[11:13:18.045] INFO (17898): Wallet sync [5956]: shielded=true, unshielded=true, dust=false
[11:13:18.147] INFO (17898): Wallet sync [5957]: shielded=true, unshielded=true, dust=false
[11:13:18.213] INFO (17898): Wallet sync [5958]: shielded=true, unshielded=true, dust=false
[11:13:18.282] INFO (17898): Wallet sync [5959]: shielded=true, unshielded=true, dust=false
[11:13:18.340] INFO (17898): Wallet sync [5960]: shielded=true, unshielded=true, dust=false
[11:13:18.405] INFO (17898): Wallet sync [5961]: shielded=true, unshielded=true, dust=false
[11:13:18.448] INFO (17898): Wallet sync [5962]: shielded=true, unshielded=true, dust=false
[11:13:18.487] INFO (17898): Wallet sync [5963]: shielded=true, unshielded=true, dust=false
[11:13:18.554] INFO (17898): Wallet sync [5964]: shielded=true, unshielded=true, dust=false
[11:13:18.625] INFO (17898): Wallet sync [5965]: shielded=true, unshielded=true, dust=false
[11:13:18.665] INFO (17898): Wallet sync [5966]: shielded=true, unshielded=true, dust=false
[11:13:18.703] INFO (17898): Wallet sync [5967]: shielded=true, unshielded=true, dust=false
[11:13:18.751] INFO (17898): Wallet sync [5968]: shielded=true, unshielded=true, dust=false
[11:13:18.822] INFO (17898): Wallet sync [5969]: shielded=true, unshielded=true, dust=false
[11:13:18.904] INFO (17898): Wallet sync [5970]: shielded=true, unshielded=true, dust=false
[11:13:18.978] INFO (17898): Wallet sync [5971]: shielded=true, unshielded=true, dust=false
[11:13:19.027] INFO (17898): Wallet sync [5972]: shielded=true, unshielded=true, dust=false
[11:13:19.067] INFO (17898): Wallet sync [5973]: shielded=true, unshielded=true, dust=false
[11:13:19.127] INFO (17898): Wallet sync [5974]: shielded=true, unshielded=true, dust=false
[11:13:19.215] INFO (17898): Wallet sync [5975]: shielded=true, unshielded=true, dust=false
[11:13:19.325] INFO (17898): Wallet sync [5976]: shielded=true, unshielded=true, dust=false
[11:13:19.386] INFO (17898): Wallet sync [5977]: shielded=true, unshielded=true, dust=false
[11:13:19.444] INFO (17898): Wallet sync [5978]: shielded=true, unshielded=true, dust=false
[11:13:19.488] INFO (17898): Wallet sync [5979]: shielded=true, unshielded=true, dust=false
[11:13:19.527] INFO (17898): Wallet sync [5980]: shielded=true, unshielded=true, dust=false
[11:13:19.579] INFO (17898): Wallet sync [5981]: shielded=true, unshielded=true, dust=false
[11:13:19.689] INFO (17898): Wallet sync [5982]: shielded=true, unshielded=true, dust=false
[11:13:19.778] INFO (17898): Wallet sync [5983]: shielded=true, unshielded=true, dust=false
[11:13:19.859] INFO (17898): Wallet sync [5984]: shielded=true, unshielded=true, dust=false
[11:13:19.944] INFO (17898): Wallet sync [5985]: shielded=true, unshielded=true, dust=false
[11:13:20.032] INFO (17898): Wallet sync [5986]: shielded=true, unshielded=true, dust=false
[11:13:20.131] INFO (17898): Wallet sync [5987]: shielded=true, unshielded=true, dust=false
[11:13:20.208] INFO (17898): Wallet sync [5988]: shielded=true, unshielded=true, dust=false
[11:13:20.274] INFO (17898): Wallet sync [5989]: shielded=true, unshielded=true, dust=false
[11:13:20.388] INFO (17898): Wallet sync [5990]: shielded=true, unshielded=true, dust=false
[11:13:20.448] INFO (17898): Wallet sync [5991]: shielded=true, unshielded=true, dust=false
[11:13:20.511] INFO (17898): Wallet sync [5992]: shielded=true, unshielded=true, dust=false
[11:13:20.582] INFO (17898): Wallet sync [5993]: shielded=true, unshielded=true, dust=false
[11:13:20.646] INFO (17898): Wallet sync [5994]: shielded=true, unshielded=true, dust=false
[11:13:20.711] INFO (17898): Wallet sync [5995]: shielded=true, unshielded=true, dust=false
[11:13:20.793] INFO (17898): Wallet sync [5996]: shielded=true, unshielded=true, dust=false
[11:13:20.892] INFO (17898): Wallet sync [5997]: shielded=true, unshielded=true, dust=false
[11:13:20.957] INFO (17898): Wallet sync [5998]: shielded=true, unshielded=true, dust=false
[11:13:21.022] INFO (17898): Wallet sync [5999]: shielded=true, unshielded=true, dust=false
[11:13:21.064] INFO (17898): Wallet sync [6000]: shielded=true, unshielded=true, dust=false
[11:13:21.140] INFO (17898): Wallet sync [6001]: shielded=true, unshielded=true, dust=false
[11:13:21.222] INFO (17898): Wallet sync [6002]: shielded=true, unshielded=true, dust=false
[11:13:21.259] INFO (17898): Wallet sync [6003]: shielded=true, unshielded=true, dust=false
[11:13:21.336] INFO (17898): Wallet sync [6004]: shielded=true, unshielded=true, dust=false
[11:13:21.403] INFO (17898): Wallet sync [6005]: shielded=true, unshielded=true, dust=false
[11:13:21.468] INFO (17898): Wallet sync [6006]: shielded=true, unshielded=true, dust=false
[11:13:21.549] INFO (17898): Wallet sync [6007]: shielded=true, unshielded=true, dust=false
[11:13:21.584] INFO (17898): Wallet sync [6008]: shielded=true, unshielded=true, dust=false
[11:13:21.657] INFO (17898): Wallet sync [6009]: shielded=true, unshielded=true, dust=false
[11:13:21.713] INFO (17898): Wallet sync [6010]: shielded=true, unshielded=true, dust=false
[11:13:21.758] INFO (17898): Wallet sync [6011]: shielded=true, unshielded=true, dust=false
[11:13:21.823] INFO (17898): Wallet sync [6012]: shielded=true, unshielded=true, dust=false
[11:13:21.883] INFO (17898): Wallet sync [6013]: shielded=true, unshielded=true, dust=false
[11:13:21.925] INFO (17898): Wallet sync [6014]: shielded=true, unshielded=true, dust=false
[11:13:22.079] INFO (17898): Wallet sync [6015]: shielded=true, unshielded=true, dust=false
[11:13:22.296] INFO (17898): Wallet sync [6016]: shielded=true, unshielded=true, dust=false
[11:13:22.440] INFO (17898): Wallet sync [6017]: shielded=true, unshielded=true, dust=false
[11:13:22.594] INFO (17898): Wallet sync [6018]: shielded=true, unshielded=true, dust=false
[11:13:22.731] INFO (17898): Wallet sync [6019]: shielded=true, unshielded=true, dust=false
[11:13:22.847] INFO (17898): Wallet sync [6020]: shielded=true, unshielded=true, dust=false
[11:13:22.940] INFO (17898): Wallet sync [6021]: shielded=true, unshielded=true, dust=false
[11:13:23.098] INFO (17898): Wallet sync [6022]: shielded=true, unshielded=true, dust=false
[11:13:23.377] INFO (17898): Wallet sync [6023]: shielded=true, unshielded=true, dust=false
[11:13:23.537] INFO (17898): Wallet sync [6024]: shielded=true, unshielded=true, dust=false
[11:13:23.710] INFO (17898): Wallet sync [6025]: shielded=true, unshielded=true, dust=false
[11:13:23.893] INFO (17898): Wallet sync [6026]: shielded=true, unshielded=true, dust=false
[11:13:24.123] INFO (17898): Wallet sync [6027]: shielded=true, unshielded=true, dust=false
[11:13:24.345] INFO (17898): Wallet sync [6028]: shielded=true, unshielded=true, dust=false
[11:13:24.515] INFO (17898): Wallet sync [6029]: shielded=true, unshielded=true, dust=false
[11:13:24.789] INFO (17898): Wallet sync [6030]: shielded=true, unshielded=true, dust=false
[11:13:24.981] INFO (17898): Wallet sync [6031]: shielded=true, unshielded=true, dust=false
[11:13:25.282] INFO (17898): Wallet sync [6032]: shielded=true, unshielded=true, dust=false
[11:13:25.391] INFO (17898): Wallet sync [6033]: shielded=true, unshielded=true, dust=false
[11:13:25.470] INFO (17898): Wallet sync [6034]: shielded=true, unshielded=true, dust=false
[11:13:25.559] INFO (17898): Wallet sync [6035]: shielded=true, unshielded=true, dust=false
[11:13:25.631] INFO (17898): Wallet sync [6036]: shielded=true, unshielded=true, dust=false
[11:13:25.709] INFO (17898): Wallet sync [6037]: shielded=true, unshielded=true, dust=false
[11:13:25.797] INFO (17898): Wallet sync [6038]: shielded=true, unshielded=true, dust=false
[11:13:25.892] INFO (17898): Wallet sync [6039]: shielded=true, unshielded=true, dust=false
[11:13:25.896] INFO (17898): Wallet sync [6040]: shielded=true, unshielded=true, dust=false
[11:13:25.988] INFO (17898): Wallet sync [6041]: shielded=true, unshielded=true, dust=false
[11:13:26.076] INFO (17898): Wallet sync [6042]: shielded=true, unshielded=true, dust=false
[11:13:26.154] INFO (17898): Wallet sync [6043]: shielded=true, unshielded=true, dust=false
[11:13:26.216] INFO (17898): Wallet sync [6044]: shielded=true, unshielded=true, dust=false
[11:13:26.288] INFO (17898): Wallet sync [6045]: shielded=true, unshielded=true, dust=false
[11:13:26.373] INFO (17898): Wallet sync [6046]: shielded=true, unshielded=true, dust=false
[11:13:26.413] INFO (17898): Wallet sync [6047]: shielded=true, unshielded=true, dust=false
[11:13:26.471] INFO (17898): Wallet sync [6048]: shielded=true, unshielded=true, dust=false
[11:13:26.546] INFO (17898): Wallet sync [6049]: shielded=true, unshielded=true, dust=false
[11:13:26.622] INFO (17898): Wallet sync [6050]: shielded=true, unshielded=true, dust=false
[11:13:26.668] INFO (17898): Wallet sync [6051]: shielded=true, unshielded=true, dust=false
[11:13:26.745] INFO (17898): Wallet sync [6052]: shielded=true, unshielded=true, dust=false
[11:13:26.783] INFO (17898): Wallet sync [6053]: shielded=true, unshielded=true, dust=false
[11:13:26.826] INFO (17898): Wallet sync [6054]: shielded=true, unshielded=true, dust=false
[11:13:26.883] INFO (17898): Wallet sync [6055]: shielded=true, unshielded=true, dust=false
[11:13:26.920] INFO (17898): Wallet sync [6056]: shielded=true, unshielded=true, dust=false
[11:13:26.962] INFO (17898): Wallet sync [6057]: shielded=true, unshielded=true, dust=false
[11:13:27.032] INFO (17898): Wallet sync [6058]: shielded=true, unshielded=true, dust=false
[11:13:27.097] INFO (17898): Wallet sync [6059]: shielded=true, unshielded=true, dust=false
[11:13:27.155] INFO (17898): Wallet sync [6060]: shielded=true, unshielded=true, dust=false
[11:13:27.224] INFO (17898): Wallet sync [6061]: shielded=true, unshielded=true, dust=false
[11:13:27.282] INFO (17898): Wallet sync [6062]: shielded=true, unshielded=true, dust=false
[11:13:27.325] INFO (17898): Wallet sync [6063]: shielded=true, unshielded=true, dust=false
[11:13:27.387] INFO (17898): Wallet sync [6064]: shielded=true, unshielded=true, dust=false
[11:13:27.463] INFO (17898): Wallet sync [6065]: shielded=true, unshielded=true, dust=false
[11:13:27.526] INFO (17898): Wallet sync [6066]: shielded=true, unshielded=true, dust=false
[11:13:27.593] INFO (17898): Wallet sync [6067]: shielded=true, unshielded=true, dust=false
[11:13:27.661] INFO (17898): Wallet sync [6068]: shielded=true, unshielded=true, dust=false
[11:13:27.703] INFO (17898): Wallet sync [6069]: shielded=true, unshielded=true, dust=false
[11:13:27.737] INFO (17898): Wallet sync [6070]: shielded=true, unshielded=true, dust=false
[11:13:27.779] INFO (17898): Wallet sync [6071]: shielded=true, unshielded=true, dust=false
[11:13:27.858] INFO (17898): Wallet sync [6072]: shielded=true, unshielded=true, dust=false
[11:13:27.936] INFO (17898): Wallet sync [6073]: shielded=true, unshielded=true, dust=false
[11:13:28.008] INFO (17898): Wallet sync [6074]: shielded=true, unshielded=true, dust=false
[11:13:28.081] INFO (17898): Wallet sync [6075]: shielded=true, unshielded=true, dust=false
[11:13:28.282] INFO (17898): Wallet sync [6076]: shielded=true, unshielded=true, dust=false
[11:13:28.427] INFO (17898): Wallet sync [6077]: shielded=true, unshielded=true, dust=false
[11:13:28.542] INFO (17898): Wallet sync [6078]: shielded=true, unshielded=true, dust=false
[11:13:28.595] INFO (17898): Wallet sync [6079]: shielded=true, unshielded=true, dust=false
[11:13:28.636] INFO (17898): Wallet sync [6080]: shielded=true, unshielded=true, dust=false
[11:13:28.695] INFO (17898): Wallet sync [6081]: shielded=true, unshielded=true, dust=false
[11:13:28.735] INFO (17898): Wallet sync [6082]: shielded=true, unshielded=true, dust=false
[11:13:28.785] INFO (17898): Wallet sync [6083]: shielded=true, unshielded=true, dust=false
[11:13:28.822] INFO (17898): Wallet sync [6084]: shielded=true, unshielded=true, dust=false
[11:13:28.868] INFO (17898): Wallet sync [6085]: shielded=true, unshielded=true, dust=false
[11:13:28.903] INFO (17898): Wallet sync [6086]: shielded=true, unshielded=true, dust=false
[11:13:28.981] INFO (17898): Wallet sync [6087]: shielded=true, unshielded=true, dust=false
[11:13:29.020] INFO (17898): Wallet sync [6088]: shielded=true, unshielded=true, dust=false
[11:13:29.053] INFO (17898): Wallet sync [6089]: shielded=true, unshielded=true, dust=false
[11:13:29.088] INFO (17898): Wallet sync [6090]: shielded=true, unshielded=true, dust=false
[11:13:29.123] INFO (17898): Wallet sync [6091]: shielded=true, unshielded=true, dust=false
[11:13:29.172] INFO (17898): Wallet sync [6092]: shielded=true, unshielded=true, dust=false
[11:13:29.238] INFO (17898): Wallet sync [6093]: shielded=true, unshielded=true, dust=false
[11:13:29.274] INFO (17898): Wallet sync [6094]: shielded=true, unshielded=true, dust=false
[11:13:29.314] INFO (17898): Wallet sync [6095]: shielded=true, unshielded=true, dust=false
[11:13:29.348] INFO (17898): Wallet sync [6096]: shielded=true, unshielded=true, dust=false
[11:13:29.400] INFO (17898): Wallet sync [6097]: shielded=true, unshielded=true, dust=false
[11:13:29.444] INFO (17898): Wallet sync [6098]: shielded=true, unshielded=true, dust=false
[11:13:29.509] INFO (17898): Wallet sync [6099]: shielded=true, unshielded=true, dust=false
[11:13:29.640] INFO (17898): Wallet sync [6100]: shielded=true, unshielded=true, dust=false
[11:13:29.707] INFO (17898): Wallet sync [6101]: shielded=true, unshielded=true, dust=false
[11:13:29.780] INFO (17898): Wallet sync [6102]: shielded=true, unshielded=true, dust=false
[11:13:29.814] INFO (17898): Wallet sync [6103]: shielded=true, unshielded=true, dust=false
[11:13:29.855] INFO (17898): Wallet sync [6104]: shielded=true, unshielded=true, dust=false
[11:13:29.911] INFO (17898): Wallet sync [6105]: shielded=true, unshielded=true, dust=false
[11:13:29.949] INFO (17898): Wallet sync [6106]: shielded=true, unshielded=true, dust=false
[11:13:29.988] INFO (17898): Wallet sync [6107]: shielded=true, unshielded=true, dust=false
[11:13:30.053] INFO (17898): Wallet sync [6108]: shielded=true, unshielded=true, dust=false
[11:13:30.087] INFO (17898): Wallet sync [6109]: shielded=true, unshielded=true, dust=false
[11:13:30.126] INFO (17898): Wallet sync [6110]: shielded=true, unshielded=true, dust=false
[11:13:30.160] INFO (17898): Wallet sync [6111]: shielded=true, unshielded=true, dust=false
[11:13:30.209] INFO (17898): Wallet sync [6112]: shielded=true, unshielded=true, dust=false
[11:13:30.247] INFO (17898): Wallet sync [6113]: shielded=true, unshielded=true, dust=false
[11:13:30.325] INFO (17898): Wallet sync [6114]: shielded=true, unshielded=true, dust=false
[11:13:30.431] INFO (17898): Wallet sync [6115]: shielded=true, unshielded=true, dust=false
[11:13:30.497] INFO (17898): Wallet sync [6116]: shielded=true, unshielded=true, dust=false
[11:13:30.573] INFO (17898): Wallet sync [6117]: shielded=true, unshielded=true, dust=false
[11:13:30.634] INFO (17898): Wallet sync [6118]: shielded=true, unshielded=true, dust=false
[11:13:30.688] INFO (17898): Wallet sync [6119]: shielded=true, unshielded=true, dust=false
[11:13:30.728] INFO (17898): Wallet sync [6120]: shielded=true, unshielded=true, dust=false
[11:13:30.771] INFO (17898): Wallet sync [6121]: shielded=true, unshielded=true, dust=false
[11:13:30.820] INFO (17898): Wallet sync [6122]: shielded=true, unshielded=true, dust=false
[11:13:30.860] INFO (17898): Wallet sync [6123]: shielded=true, unshielded=true, dust=false
[11:13:30.935] INFO (17898): Wallet sync [6124]: shielded=true, unshielded=true, dust=false
[11:13:31.016] INFO (17898): Wallet sync [6125]: shielded=true, unshielded=true, dust=false
[11:13:31.185] INFO (17898): Wallet sync [6126]: shielded=true, unshielded=true, dust=false
[11:13:31.255] INFO (17898): Wallet sync [6127]: shielded=true, unshielded=true, dust=false
[11:13:31.315] INFO (17898): Wallet sync [6128]: shielded=true, unshielded=true, dust=false
[11:13:31.351] INFO (17898): Wallet sync [6129]: shielded=true, unshielded=true, dust=false
[11:13:31.392] INFO (17898): Wallet sync [6130]: shielded=true, unshielded=true, dust=false
[11:13:31.430] INFO (17898): Wallet sync [6131]: shielded=true, unshielded=true, dust=false
[11:13:31.465] INFO (17898): Wallet sync [6132]: shielded=true, unshielded=true, dust=false
[11:13:31.530] INFO (17898): Wallet sync [6133]: shielded=true, unshielded=true, dust=false
[11:13:31.626] INFO (17898): Wallet sync [6134]: shielded=true, unshielded=true, dust=false
[11:13:31.743] INFO (17898): Wallet sync [6135]: shielded=true, unshielded=true, dust=false
[11:13:31.822] INFO (17898): Wallet sync [6136]: shielded=true, unshielded=true, dust=false
[11:13:31.905] INFO (17898): Wallet sync [6137]: shielded=true, unshielded=true, dust=false
[11:13:31.976] INFO (17898): Wallet sync [6138]: shielded=true, unshielded=true, dust=false
[11:13:32.056] INFO (17898): Wallet sync [6139]: shielded=true, unshielded=true, dust=false
[11:13:32.125] INFO (17898): Wallet sync [6140]: shielded=true, unshielded=true, dust=false
[11:13:32.174] INFO (17898): Wallet sync [6141]: shielded=true, unshielded=true, dust=false
[11:13:32.213] INFO (17898): Wallet sync [6142]: shielded=true, unshielded=true, dust=false
[11:13:32.251] INFO (17898): Wallet sync [6143]: shielded=true, unshielded=true, dust=false
[11:13:32.322] INFO (17898): Wallet sync [6144]: shielded=true, unshielded=true, dust=false
[11:13:32.417] INFO (17898): Wallet sync [6145]: shielded=true, unshielded=true, dust=false
[11:13:32.548] INFO (17898): Wallet sync [6146]: shielded=true, unshielded=true, dust=false
[11:13:32.598] INFO (17898): Wallet sync [6147]: shielded=true, unshielded=true, dust=false
[11:13:32.696] INFO (17898): Wallet sync [6148]: shielded=true, unshielded=true, dust=false
[11:13:32.776] INFO (17898): Wallet sync [6149]: shielded=true, unshielded=true, dust=false
[11:13:32.880] INFO (17898): Wallet sync [6150]: shielded=true, unshielded=true, dust=false
[11:13:32.928] INFO (17898): Wallet sync [6151]: shielded=true, unshielded=true, dust=false
[11:13:33.022] INFO (17898): Wallet sync [6152]: shielded=true, unshielded=true, dust=false
[11:13:33.065] INFO (17898): Wallet sync [6153]: shielded=true, unshielded=true, dust=false
[11:13:33.124] INFO (17898): Wallet sync [6154]: shielded=true, unshielded=true, dust=false
[11:13:33.258] INFO (17898): Wallet sync [6155]: shielded=true, unshielded=true, dust=false
[11:13:33.365] INFO (17898): Wallet sync [6156]: shielded=true, unshielded=true, dust=false
[11:13:33.420] INFO (17898): Wallet sync [6157]: shielded=true, unshielded=true, dust=false
[11:13:33.508] INFO (17898): Wallet sync [6158]: shielded=true, unshielded=true, dust=false
[11:13:33.553] INFO (17898): Wallet sync [6159]: shielded=true, unshielded=true, dust=false
[11:13:33.593] INFO (17898): Wallet sync [6160]: shielded=true, unshielded=true, dust=false
[11:13:33.673] INFO (17898): Wallet sync [6161]: shielded=true, unshielded=true, dust=false
[11:13:33.777] INFO (17898): Wallet sync [6162]: shielded=true, unshielded=true, dust=false
[11:13:33.854] INFO (17898): Wallet sync [6163]: shielded=true, unshielded=true, dust=false
[11:13:33.894] INFO (17898): Wallet sync [6164]: shielded=true, unshielded=true, dust=false
[11:13:33.956] INFO (17898): Wallet sync [6165]: shielded=true, unshielded=true, dust=false
[11:13:34.031] INFO (17898): Wallet sync [6166]: shielded=true, unshielded=true, dust=false
[11:13:34.097] INFO (17898): Wallet sync [6167]: shielded=true, unshielded=true, dust=false
[11:13:34.139] INFO (17898): Wallet sync [6168]: shielded=true, unshielded=true, dust=false
[11:13:34.197] INFO (17898): Wallet sync [6169]: shielded=true, unshielded=true, dust=false
[11:13:34.255] INFO (17898): Wallet sync [6170]: shielded=true, unshielded=true, dust=false
[11:13:34.298] INFO (17898): Wallet sync [6171]: shielded=true, unshielded=true, dust=false
[11:13:34.423] INFO (17898): Wallet sync [6172]: shielded=true, unshielded=true, dust=false
[11:13:34.576] INFO (17898): Wallet sync [6173]: shielded=true, unshielded=true, dust=false
[11:13:34.723] INFO (17898): Wallet sync [6174]: shielded=true, unshielded=true, dust=false
[11:13:34.786] INFO (17898): Wallet sync [6175]: shielded=true, unshielded=true, dust=false
[11:13:34.889] INFO (17898): Wallet sync [6176]: shielded=true, unshielded=true, dust=false
[11:13:34.998] INFO (17898): Wallet sync [6177]: shielded=true, unshielded=true, dust=false
[11:13:35.093] INFO (17898): Wallet sync [6178]: shielded=true, unshielded=true, dust=false
[11:13:35.207] INFO (17898): Wallet sync [6179]: shielded=true, unshielded=true, dust=false
[11:13:35.375] INFO (17898): Wallet sync [6180]: shielded=true, unshielded=true, dust=false
[11:13:35.519] INFO (17898): Wallet sync [6181]: shielded=true, unshielded=true, dust=false
[11:13:35.573] INFO (17898): Wallet sync [6182]: shielded=true, unshielded=true, dust=false
[11:13:35.640] INFO (17898): Wallet sync [6183]: shielded=true, unshielded=true, dust=false
[11:13:35.701] INFO (17898): Wallet sync [6184]: shielded=true, unshielded=true, dust=false
[11:13:35.759] INFO (17898): Wallet sync [6185]: shielded=true, unshielded=true, dust=false
[11:13:35.793] INFO (17898): Wallet sync [6186]: shielded=true, unshielded=true, dust=false
[11:13:35.842] INFO (17898): Wallet sync [6187]: shielded=true, unshielded=true, dust=false
[11:13:35.877] INFO (17898): Wallet sync [6188]: shielded=true, unshielded=true, dust=false
[11:13:35.926] INFO (17898): Wallet sync [6189]: shielded=true, unshielded=true, dust=false
[11:13:36.005] INFO (17898): Wallet sync [6190]: shielded=true, unshielded=true, dust=false
[11:13:36.058] INFO (17898): Wallet sync [6191]: shielded=true, unshielded=true, dust=false
[11:13:36.125] INFO (17898): Wallet sync [6192]: shielded=true, unshielded=true, dust=false
[11:13:36.221] INFO (17898): Wallet sync [6193]: shielded=true, unshielded=true, dust=false
[11:13:36.297] INFO (17898): Wallet sync [6194]: shielded=true, unshielded=true, dust=false
[11:13:36.386] INFO (17898): Wallet sync [6195]: shielded=true, unshielded=true, dust=false
[11:13:36.475] INFO (17898): Wallet sync [6196]: shielded=true, unshielded=true, dust=false
[11:13:36.561] INFO (17898): Wallet sync [6197]: shielded=true, unshielded=true, dust=false
[11:13:36.643] INFO (17898): Wallet sync [6198]: shielded=true, unshielded=true, dust=false
[11:13:36.684] INFO (17898): Wallet sync [6199]: shielded=true, unshielded=true, dust=false
[11:13:36.719] INFO (17898): Wallet sync [6200]: shielded=true, unshielded=true, dust=false
[11:13:36.761] INFO (17898): Wallet sync [6201]: shielded=true, unshielded=true, dust=false
[11:13:36.801] INFO (17898): Wallet sync [6202]: shielded=true, unshielded=true, dust=false
[11:13:36.837] INFO (17898): Wallet sync [6203]: shielded=true, unshielded=true, dust=false
[11:13:36.889] INFO (17898): Wallet sync [6204]: shielded=true, unshielded=true, dust=false
[11:13:36.989] INFO (17898): Wallet sync [6205]: shielded=true, unshielded=true, dust=false
[11:13:37.058] INFO (17898): Wallet sync [6206]: shielded=true, unshielded=true, dust=false
[11:13:37.114] INFO (17898): Wallet sync [6207]: shielded=true, unshielded=true, dust=false
[11:13:37.162] INFO (17898): Wallet sync [6208]: shielded=true, unshielded=true, dust=false
[11:13:37.201] INFO (17898): Wallet sync [6209]: shielded=true, unshielded=true, dust=false
[11:13:37.239] INFO (17898): Wallet sync [6210]: shielded=true, unshielded=true, dust=false
[11:13:37.283] INFO (17898): Wallet sync [6211]: shielded=true, unshielded=true, dust=false
[11:13:37.335] INFO (17898): Wallet sync [6212]: shielded=true, unshielded=true, dust=false
[11:13:37.369] INFO (17898): Wallet sync [6213]: shielded=true, unshielded=true, dust=false
[11:13:37.440] INFO (17898): Wallet sync [6214]: shielded=true, unshielded=true, dust=false
[11:13:37.507] INFO (17898): Wallet sync [6215]: shielded=true, unshielded=true, dust=false
[11:13:37.544] INFO (17898): Wallet sync [6216]: shielded=true, unshielded=true, dust=false
[11:13:37.580] INFO (17898): Wallet sync [6217]: shielded=true, unshielded=true, dust=false
[11:13:37.639] INFO (17898): Wallet sync [6218]: shielded=true, unshielded=true, dust=false
[11:13:37.678] INFO (17898): Wallet sync [6219]: shielded=true, unshielded=true, dust=false
[11:13:37.713] INFO (17898): Wallet sync [6220]: shielded=true, unshielded=true, dust=false
[11:13:37.759] INFO (17898): Wallet sync [6221]: shielded=true, unshielded=true, dust=false
[11:13:37.844] INFO (17898): Wallet sync [6222]: shielded=true, unshielded=true, dust=false
[11:13:37.911] INFO (17898): Wallet sync [6223]: shielded=true, unshielded=true, dust=false
[11:13:37.973] INFO (17898): Wallet sync [6224]: shielded=true, unshielded=true, dust=false
[11:13:38.015] INFO (17898): Wallet sync [6225]: shielded=true, unshielded=true, dust=false
[11:13:38.055] INFO (17898): Wallet sync [6226]: shielded=true, unshielded=true, dust=false
[11:13:38.099] INFO (17898): Wallet sync [6227]: shielded=true, unshielded=true, dust=false
[11:13:38.139] INFO (17898): Wallet sync [6228]: shielded=true, unshielded=true, dust=false
[11:13:38.177] INFO (17898): Wallet sync [6229]: shielded=true, unshielded=true, dust=false
[11:13:38.220] INFO (17898): Wallet sync [6230]: shielded=true, unshielded=true, dust=false
[11:13:38.325] INFO (17898): Wallet sync [6231]: shielded=true, unshielded=true, dust=false
[11:13:38.385] INFO (17898): Wallet sync [6232]: shielded=true, unshielded=true, dust=false
[11:13:38.448] INFO (17898): Wallet sync [6233]: shielded=true, unshielded=true, dust=false
[11:13:38.482] INFO (17898): Wallet sync [6234]: shielded=true, unshielded=true, dust=false
[11:13:38.526] INFO (17898): Wallet sync [6235]: shielded=true, unshielded=true, dust=false
[11:13:38.571] INFO (17898): Wallet sync [6236]: shielded=true, unshielded=true, dust=false
[11:13:38.612] INFO (17898): Wallet sync [6237]: shielded=true, unshielded=true, dust=false
[11:13:38.670] INFO (17898): Wallet sync [6238]: shielded=true, unshielded=true, dust=false
[11:13:38.726] INFO (17898): Wallet sync [6239]: shielded=true, unshielded=true, dust=false
[11:13:38.790] INFO (17898): Wallet sync [6240]: shielded=true, unshielded=true, dust=false
[11:13:38.847] INFO (17898): Wallet sync [6241]: shielded=true, unshielded=true, dust=false
[11:13:38.890] INFO (17898): Wallet sync [6242]: shielded=true, unshielded=true, dust=false
[11:13:38.926] INFO (17898): Wallet sync [6243]: shielded=true, unshielded=true, dust=false
[11:13:38.968] INFO (17898): Wallet sync [6244]: shielded=true, unshielded=true, dust=false
[11:13:39.020] INFO (17898): Wallet sync [6245]: shielded=true, unshielded=true, dust=false
[11:13:39.058] INFO (17898): Wallet sync [6246]: shielded=true, unshielded=true, dust=false
[11:13:39.095] INFO (17898): Wallet sync [6247]: shielded=true, unshielded=true, dust=false
[11:13:39.164] INFO (17898): Wallet sync [6248]: shielded=true, unshielded=true, dust=false
[11:13:39.223] INFO (17898): Wallet sync [6249]: shielded=true, unshielded=true, dust=false
[11:13:39.306] INFO (17898): Wallet sync [6250]: shielded=true, unshielded=true, dust=false
[11:13:39.400] INFO (17898): Wallet sync [6251]: shielded=true, unshielded=true, dust=false
[11:13:39.453] INFO (17898): Wallet sync [6252]: shielded=true, unshielded=true, dust=false
[11:13:39.489] INFO (17898): Wallet sync [6253]: shielded=true, unshielded=true, dust=false
[11:13:39.524] INFO (17898): Wallet sync [6254]: shielded=true, unshielded=true, dust=false
[11:13:39.570] INFO (17898): Wallet sync [6255]: shielded=true, unshielded=true, dust=false
[11:13:39.606] INFO (17898): Wallet sync [6256]: shielded=true, unshielded=true, dust=false
[11:13:39.671] INFO (17898): Wallet sync [6257]: shielded=true, unshielded=true, dust=false
[11:13:39.741] INFO (17898): Wallet sync [6258]: shielded=true, unshielded=true, dust=false
[11:13:39.816] INFO (17898): Wallet sync [6259]: shielded=true, unshielded=true, dust=false
[11:13:39.858] INFO (17898): Wallet sync [6260]: shielded=true, unshielded=true, dust=false
[11:13:39.901] INFO (17898): Wallet sync [6261]: shielded=true, unshielded=true, dust=false
[11:13:39.962] INFO (17898): Wallet sync [6262]: shielded=true, unshielded=true, dust=false
[11:13:40.014] INFO (17898): Wallet sync [6263]: shielded=true, unshielded=true, dust=false
[11:13:40.059] INFO (17898): Wallet sync [6264]: shielded=true, unshielded=true, dust=false
[11:13:40.099] INFO (17898): Wallet sync [6265]: shielded=true, unshielded=true, dust=false
[11:13:40.179] INFO (17898): Wallet sync [6266]: shielded=true, unshielded=true, dust=false
[11:13:40.223] INFO (17898): Wallet sync [6267]: shielded=true, unshielded=true, dust=false
[11:13:40.264] INFO (17898): Wallet sync [6268]: shielded=true, unshielded=true, dust=false
[11:13:40.308] INFO (17898): Wallet sync [6269]: shielded=true, unshielded=true, dust=false
[11:13:40.354] INFO (17898): Wallet sync [6270]: shielded=true, unshielded=true, dust=false
[11:13:40.392] INFO (17898): Wallet sync [6271]: shielded=true, unshielded=true, dust=false
[11:13:40.467] INFO (17898): Wallet sync [6272]: shielded=true, unshielded=true, dust=false
[11:13:40.504] INFO (17898): Wallet sync [6273]: shielded=true, unshielded=true, dust=false
[11:13:40.567] INFO (17898): Wallet sync [6274]: shielded=true, unshielded=true, dust=false
[11:13:40.628] INFO (17898): Wallet sync [6275]: shielded=true, unshielded=true, dust=false
[11:13:40.665] INFO (17898): Wallet sync [6276]: shielded=true, unshielded=true, dust=false
[11:13:40.703] INFO (17898): Wallet sync [6277]: shielded=true, unshielded=true, dust=false
[11:13:40.747] INFO (17898): Wallet sync [6278]: shielded=true, unshielded=true, dust=false
[11:13:40.780] INFO (17898): Wallet sync [6279]: shielded=true, unshielded=true, dust=false
[11:13:40.861] INFO (17898): Wallet sync [6280]: shielded=true, unshielded=true, dust=false
[11:13:40.910] INFO (17898): Wallet sync [6281]: shielded=true, unshielded=true, dust=false
[11:13:40.982] INFO (17898): Wallet sync [6282]: shielded=true, unshielded=true, dust=false
[11:13:41.026] INFO (17898): Wallet sync [6283]: shielded=true, unshielded=true, dust=false
[11:13:41.072] INFO (17898): Wallet sync [6284]: shielded=true, unshielded=true, dust=false
[11:13:41.131] INFO (17898): Wallet sync [6285]: shielded=true, unshielded=true, dust=false
[11:13:41.191] INFO (17898): Wallet sync [6286]: shielded=true, unshielded=true, dust=false
[11:13:41.225] INFO (17898): Wallet sync [6287]: shielded=true, unshielded=true, dust=false
[11:13:41.265] INFO (17898): Wallet sync [6288]: shielded=true, unshielded=true, dust=false
[11:13:41.299] INFO (17898): Wallet sync [6289]: shielded=true, unshielded=true, dust=false
[11:13:41.362] INFO (17898): Wallet sync [6290]: shielded=true, unshielded=true, dust=false
[11:13:41.406] INFO (17898): Wallet sync [6291]: shielded=true, unshielded=true, dust=false
[11:13:41.451] INFO (17898): Wallet sync [6292]: shielded=true, unshielded=true, dust=false
[11:13:41.502] INFO (17898): Wallet sync [6293]: shielded=true, unshielded=true, dust=false
[11:13:41.562] INFO (17898): Wallet sync [6294]: shielded=true, unshielded=true, dust=false
[11:13:41.598] INFO (17898): Wallet sync [6295]: shielded=true, unshielded=true, dust=false
[11:13:41.638] INFO (17898): Wallet sync [6296]: shielded=true, unshielded=true, dust=false
[11:13:41.673] INFO (17898): Wallet sync [6297]: shielded=true, unshielded=true, dust=false
[11:13:41.766] INFO (17898): Wallet sync [6298]: shielded=true, unshielded=true, dust=false
[11:13:41.830] INFO (17898): Wallet sync [6299]: shielded=true, unshielded=true, dust=false
[11:13:41.892] INFO (17898): Wallet sync [6300]: shielded=true, unshielded=true, dust=false
[11:13:41.947] INFO (17898): Wallet sync [6301]: shielded=true, unshielded=true, dust=false
[11:13:42.007] INFO (17898): Wallet sync [6302]: shielded=true, unshielded=true, dust=false
[11:13:42.062] INFO (17898): Wallet sync [6303]: shielded=true, unshielded=true, dust=false
[11:13:42.120] INFO (17898): Wallet sync [6304]: shielded=true, unshielded=true, dust=false
[11:13:42.197] INFO (17898): Wallet sync [6305]: shielded=true, unshielded=true, dust=false
[11:13:42.259] INFO (17898): Wallet sync [6306]: shielded=true, unshielded=true, dust=false
[11:13:42.307] INFO (17898): Wallet sync [6307]: shielded=true, unshielded=true, dust=false
[11:13:42.353] INFO (17898): Wallet sync [6308]: shielded=true, unshielded=true, dust=false
[11:13:42.394] INFO (17898): Wallet sync [6309]: shielded=true, unshielded=true, dust=false
[11:13:42.436] INFO (17898): Wallet sync [6310]: shielded=true, unshielded=true, dust=false
[11:13:42.487] INFO (17898): Wallet sync [6311]: shielded=true, unshielded=true, dust=false
[11:13:42.524] INFO (17898): Wallet sync [6312]: shielded=true, unshielded=true, dust=false
[11:13:42.575] INFO (17898): Wallet sync [6313]: shielded=true, unshielded=true, dust=false
[11:13:42.611] INFO (17898): Wallet sync [6314]: shielded=true, unshielded=true, dust=false
[11:13:42.684] INFO (17898): Wallet sync [6315]: shielded=true, unshielded=true, dust=false
[11:13:42.728] INFO (17898): Wallet sync [6316]: shielded=true, unshielded=true, dust=false
[11:13:42.766] INFO (17898): Wallet sync [6317]: shielded=true, unshielded=true, dust=false
[11:13:42.806] INFO (17898): Wallet sync [6318]: shielded=true, unshielded=true, dust=false
[11:13:42.865] INFO (17898): Wallet sync [6319]: shielded=true, unshielded=true, dust=false
[11:13:42.898] INFO (17898): Wallet sync [6320]: shielded=true, unshielded=true, dust=false
[11:13:42.939] INFO (17898): Wallet sync [6321]: shielded=true, unshielded=true, dust=false
[11:13:42.972] INFO (17898): Wallet sync [6322]: shielded=true, unshielded=true, dust=false
[11:13:43.081] INFO (17898): Wallet sync [6323]: shielded=true, unshielded=true, dust=false
[11:13:43.325] INFO (17898): Wallet sync [6324]: shielded=true, unshielded=true, dust=false
[11:13:43.398] INFO (17898): Wallet sync [6325]: shielded=true, unshielded=true, dust=false
[11:13:43.471] INFO (17898): Wallet sync [6326]: shielded=true, unshielded=true, dust=false
[11:13:43.524] INFO (17898): Wallet sync [6327]: shielded=true, unshielded=true, dust=false
[11:13:43.563] INFO (17898): Wallet sync [6328]: shielded=true, unshielded=true, dust=false
[11:13:43.610] INFO (17898): Wallet sync [6329]: shielded=true, unshielded=true, dust=false
[11:13:43.648] INFO (17898): Wallet sync [6330]: shielded=true, unshielded=true, dust=false
[11:13:43.689] INFO (17898): Wallet sync [6331]: shielded=true, unshielded=true, dust=false
[11:13:43.785] INFO (17898): Wallet sync [6332]: shielded=true, unshielded=true, dust=false
[11:13:43.872] INFO (17898): Wallet sync [6333]: shielded=true, unshielded=true, dust=false
[11:13:43.967] INFO (17898): Wallet sync [6334]: shielded=true, unshielded=true, dust=false
[11:13:44.063] INFO (17898): Wallet sync [6335]: shielded=true, unshielded=true, dust=false
[11:13:44.136] INFO (17898): Wallet sync [6336]: shielded=true, unshielded=true, dust=false
[11:13:44.205] INFO (17898): Wallet sync [6337]: shielded=true, unshielded=true, dust=false
[11:13:44.270] INFO (17898): Wallet sync [6338]: shielded=true, unshielded=true, dust=false
[11:13:44.337] INFO (17898): Wallet sync [6339]: shielded=true, unshielded=true, dust=false
[11:13:44.370] INFO (17898): Wallet sync [6340]: shielded=true, unshielded=true, dust=false
[11:13:44.440] INFO (17898): Wallet sync [6341]: shielded=true, unshielded=true, dust=false
[11:13:44.508] INFO (17898): Wallet sync [6342]: shielded=true, unshielded=true, dust=false
[11:13:44.574] INFO (17898): Wallet sync [6343]: shielded=true, unshielded=true, dust=false
[11:13:44.625] INFO (17898): Wallet sync [6344]: shielded=true, unshielded=true, dust=false
[11:13:44.661] INFO (17898): Wallet sync [6345]: shielded=true, unshielded=true, dust=false
[11:13:44.695] INFO (17898): Wallet sync [6346]: shielded=true, unshielded=true, dust=false
[11:13:44.728] INFO (17898): Wallet sync [6347]: shielded=true, unshielded=true, dust=false
[11:13:44.771] INFO (17898): Wallet sync [6348]: shielded=true, unshielded=true, dust=false
[11:13:44.844] INFO (17898): Wallet sync [6349]: shielded=true, unshielded=true, dust=false
[11:13:44.878] INFO (17898): Wallet sync [6350]: shielded=true, unshielded=true, dust=false
[11:13:44.915] INFO (17898): Wallet sync [6351]: shielded=true, unshielded=true, dust=false
[11:13:44.950] INFO (17898): Wallet sync [6352]: shielded=true, unshielded=true, dust=false
[11:13:44.985] INFO (17898): Wallet sync [6353]: shielded=true, unshielded=true, dust=false
[11:13:45.034] INFO (17898): Wallet sync [6354]: shielded=true, unshielded=true, dust=false
[11:13:45.065] INFO (17898): Wallet sync [6355]: shielded=true, unshielded=true, dust=false
[11:13:45.126] INFO (17898): Wallet sync [6356]: shielded=true, unshielded=true, dust=false
[11:13:45.176] INFO (17898): Wallet sync [6357]: shielded=true, unshielded=true, dust=false
[11:13:45.213] INFO (17898): Wallet sync [6358]: shielded=true, unshielded=true, dust=false
[11:13:45.248] INFO (17898): Wallet sync [6359]: shielded=true, unshielded=true, dust=false
[11:13:45.281] INFO (17898): Wallet sync [6360]: shielded=true, unshielded=true, dust=false
[11:13:45.321] INFO (17898): Wallet sync [6361]: shielded=true, unshielded=true, dust=false
[11:13:45.357] INFO (17898): Wallet sync [6362]: shielded=true, unshielded=true, dust=false
[11:13:45.388] INFO (17898): Wallet sync [6363]: shielded=true, unshielded=true, dust=false
[11:13:45.424] INFO (17898): Wallet sync [6364]: shielded=true, unshielded=true, dust=false
[11:13:45.484] INFO (17898): Wallet sync [6365]: shielded=true, unshielded=true, dust=false
[11:13:45.544] INFO (17898): Wallet sync [6366]: shielded=true, unshielded=true, dust=false
[11:13:45.577] INFO (17898): Wallet sync [6367]: shielded=true, unshielded=true, dust=false
[11:13:45.631] INFO (17898): Wallet sync [6368]: shielded=true, unshielded=true, dust=false
[11:13:45.665] INFO (17898): Wallet sync [6369]: shielded=true, unshielded=true, dust=false
[11:13:45.699] INFO (17898): Wallet sync [6370]: shielded=true, unshielded=true, dust=false
[11:13:45.735] INFO (17898): Wallet sync [6371]: shielded=true, unshielded=true, dust=false
[11:13:45.772] INFO (17898): Wallet sync [6372]: shielded=true, unshielded=true, dust=false
[11:13:45.809] INFO (17898): Wallet sync [6373]: shielded=true, unshielded=true, dust=false
[11:13:45.872] INFO (17898): Wallet sync [6374]: shielded=true, unshielded=true, dust=false
[11:13:45.926] INFO (17898): Wallet sync [6375]: shielded=true, unshielded=true, dust=false
[11:13:45.960] INFO (17898): Wallet sync [6376]: shielded=true, unshielded=true, dust=false
[11:13:45.999] INFO (17898): Wallet sync [6377]: shielded=true, unshielded=true, dust=false
[11:13:46.032] INFO (17898): Wallet sync [6378]: shielded=true, unshielded=true, dust=false
[11:13:46.070] INFO (17898): Wallet sync [6379]: shielded=true, unshielded=true, dust=false
[11:13:46.103] INFO (17898): Wallet sync [6380]: shielded=true, unshielded=true, dust=false
[11:13:46.161] INFO (17898): Wallet sync [6381]: shielded=true, unshielded=true, dust=false
[11:13:46.217] INFO (17898): Wallet sync [6382]: shielded=true, unshielded=true, dust=false
[11:13:46.285] INFO (17898): Wallet sync [6383]: shielded=true, unshielded=true, dust=false
[11:13:46.323] INFO (17898): Wallet sync [6384]: shielded=true, unshielded=true, dust=false
[11:13:46.353] INFO (17898): Wallet sync [6385]: shielded=true, unshielded=true, dust=false
[11:13:46.388] INFO (17898): Wallet sync [6386]: shielded=true, unshielded=true, dust=false
[11:13:46.427] INFO (17898): Wallet sync [6387]: shielded=true, unshielded=true, dust=false
[11:13:46.462] INFO (17898): Wallet sync [6388]: shielded=true, unshielded=true, dust=false
[11:13:46.497] INFO (17898): Wallet sync [6389]: shielded=true, unshielded=true, dust=false
[11:13:46.533] INFO (17898): Wallet sync [6390]: shielded=true, unshielded=true, dust=false
[11:13:46.563] INFO (17898): Wallet sync [6391]: shielded=true, unshielded=true, dust=false
[11:13:46.619] INFO (17898): Wallet sync [6392]: shielded=true, unshielded=true, dust=false
[11:13:46.678] INFO (17898): Wallet sync [6393]: shielded=true, unshielded=true, dust=false
[11:13:46.723] INFO (17898): Wallet sync [6394]: shielded=true, unshielded=true, dust=false
[11:13:46.760] INFO (17898): Wallet sync [6395]: shielded=true, unshielded=true, dust=false
[11:13:46.790] INFO (17898): Wallet sync [6396]: shielded=true, unshielded=true, dust=false
[11:13:46.830] INFO (17898): Wallet sync [6397]: shielded=true, unshielded=true, dust=false
[11:13:46.870] INFO (17898): Wallet sync [6398]: shielded=true, unshielded=true, dust=false
[11:13:46.927] INFO (17898): Wallet sync [6399]: shielded=true, unshielded=true, dust=false
[11:13:46.980] INFO (17898): Wallet sync [6400]: shielded=true, unshielded=true, dust=false
[11:13:47.039] INFO (17898): Wallet sync [6401]: shielded=true, unshielded=true, dust=false
[11:13:47.098] INFO (17898): Wallet sync [6402]: shielded=true, unshielded=true, dust=false
[11:13:47.132] INFO (17898): Wallet sync [6403]: shielded=true, unshielded=true, dust=false
[11:13:47.173] INFO (17898): Wallet sync [6404]: shielded=true, unshielded=true, dust=false
[11:13:47.210] INFO (17898): Wallet sync [6405]: shielded=true, unshielded=true, dust=false
[11:13:47.244] INFO (17898): Wallet sync [6406]: shielded=true, unshielded=true, dust=false
[11:13:47.292] INFO (17898): Wallet sync [6407]: shielded=true, unshielded=true, dust=false
[11:13:47.326] INFO (17898): Wallet sync [6408]: shielded=true, unshielded=true, dust=false
[11:13:47.357] INFO (17898): Wallet sync [6409]: shielded=true, unshielded=true, dust=false
[11:13:47.419] INFO (17898): Wallet sync [6410]: shielded=true, unshielded=true, dust=false
[11:13:47.473] INFO (17898): Wallet sync [6411]: shielded=true, unshielded=true, dust=false
[11:13:47.522] INFO (17898): Wallet sync [6412]: shielded=true, unshielded=true, dust=false
[11:13:47.555] INFO (17898): Wallet sync [6413]: shielded=true, unshielded=true, dust=false
[11:13:47.598] INFO (17898): Wallet sync [6414]: shielded=true, unshielded=true, dust=false
[11:13:47.632] INFO (17898): Wallet sync [6415]: shielded=true, unshielded=true, dust=false
[11:13:47.674] INFO (17898): Wallet sync [6416]: shielded=true, unshielded=true, dust=false
[11:13:47.711] INFO (17898): Wallet sync [6417]: shielded=true, unshielded=true, dust=false
[11:13:47.749] INFO (17898): Wallet sync [6418]: shielded=true, unshielded=true, dust=false
[11:13:47.780] INFO (17898): Wallet sync [6419]: shielded=true, unshielded=true, dust=false
[11:13:47.855] INFO (17898): Wallet sync [6420]: shielded=true, unshielded=true, dust=false
[11:13:47.910] INFO (17898): Wallet sync [6421]: shielded=true, unshielded=true, dust=false
[11:13:47.963] INFO (17898): Wallet sync [6422]: shielded=true, unshielded=true, dust=false
[11:13:48.016] INFO (17898): Wallet sync [6423]: shielded=true, unshielded=true, dust=false
[11:13:48.055] INFO (17898): Wallet sync [6424]: shielded=true, unshielded=true, dust=false
[11:13:48.092] INFO (17898): Wallet sync [6425]: shielded=true, unshielded=true, dust=false
[11:13:48.127] INFO (17898): Wallet sync [6426]: shielded=true, unshielded=true, dust=false
[11:13:48.166] INFO (17898): Wallet sync [6427]: shielded=true, unshielded=true, dust=false
[11:13:48.200] INFO (17898): Wallet sync [6428]: shielded=true, unshielded=true, dust=false
[11:13:48.233] INFO (17898): Wallet sync [6429]: shielded=true, unshielded=true, dust=false
[11:13:48.270] INFO (17898): Wallet sync [6430]: shielded=true, unshielded=true, dust=false
[11:13:48.301] INFO (17898): Wallet sync [6431]: shielded=true, unshielded=true, dust=false
[11:13:48.336] INFO (17898): Wallet sync [6432]: shielded=true, unshielded=true, dust=false
[11:13:48.420] INFO (17898): Wallet sync [6433]: shielded=true, unshielded=true, dust=false
[11:13:48.488] INFO (17898): Wallet sync [6434]: shielded=true, unshielded=true, dust=false
[11:13:48.546] INFO (17898): Wallet sync [6435]: shielded=true, unshielded=true, dust=false
[11:13:48.589] INFO (17898): Wallet sync [6436]: shielded=true, unshielded=true, dust=false
[11:13:48.633] INFO (17898): Wallet sync [6437]: shielded=true, unshielded=true, dust=false
[11:13:48.669] INFO (17898): Wallet sync [6438]: shielded=true, unshielded=true, dust=false
[11:13:48.705] INFO (17898): Wallet sync [6439]: shielded=true, unshielded=true, dust=false
[11:13:48.748] INFO (17898): Wallet sync [6440]: shielded=true, unshielded=true, dust=false
[11:13:48.782] INFO (17898): Wallet sync [6441]: shielded=true, unshielded=true, dust=false
[11:13:48.822] INFO (17898): Wallet sync [6442]: shielded=true, unshielded=true, dust=false
[11:13:48.858] INFO (17898): Wallet sync [6443]: shielded=true, unshielded=true, dust=false
[11:13:48.928] INFO (17898): Wallet sync [6444]: shielded=true, unshielded=true, dust=false
[11:13:48.997] INFO (17898): Wallet sync [6445]: shielded=true, unshielded=true, dust=false
[11:13:49.066] INFO (17898): Wallet sync [6446]: shielded=true, unshielded=true, dust=false
[11:13:49.133] INFO (17898): Wallet sync [6447]: shielded=true, unshielded=true, dust=false
[11:13:49.164] INFO (17898): Wallet sync [6448]: shielded=true, unshielded=true, dust=false
[11:13:49.200] INFO (17898): Wallet sync [6449]: shielded=true, unshielded=true, dust=false
[11:13:49.236] INFO (17898): Wallet sync [6450]: shielded=true, unshielded=true, dust=false
[11:13:49.275] INFO (17898): Wallet sync [6451]: shielded=true, unshielded=true, dust=false
[11:13:49.325] INFO (17898): Wallet sync [6452]: shielded=true, unshielded=true, dust=false
[11:13:49.370] INFO (17898): Wallet sync [6453]: shielded=true, unshielded=true, dust=false
[11:13:49.424] INFO (17898): Wallet sync [6454]: shielded=true, unshielded=true, dust=false
[11:13:49.487] INFO (17898): Wallet sync [6455]: shielded=true, unshielded=true, dust=false
[11:13:49.552] INFO (17898): Wallet sync [6456]: shielded=true, unshielded=true, dust=false
[11:13:49.603] INFO (17898): Wallet sync [6457]: shielded=true, unshielded=true, dust=false
[11:13:49.650] INFO (17898): Wallet sync [6458]: shielded=true, unshielded=true, dust=false
[11:13:49.696] INFO (17898): Wallet sync [6459]: shielded=true, unshielded=true, dust=false
[11:13:49.762] INFO (17898): Wallet sync [6460]: shielded=true, unshielded=true, dust=false
[11:13:49.796] INFO (17898): Wallet sync [6461]: shielded=true, unshielded=true, dust=false
[11:13:49.851] INFO (17898): Wallet sync [6462]: shielded=true, unshielded=true, dust=false
[11:13:49.885] INFO (17898): Wallet sync [6463]: shielded=true, unshielded=true, dust=false
[11:13:49.926] INFO (17898): Wallet sync [6464]: shielded=true, unshielded=true, dust=false
[11:13:49.995] INFO (17898): Wallet sync [6465]: shielded=true, unshielded=true, dust=false
[11:13:50.028] INFO (17898): Wallet sync [6466]: shielded=true, unshielded=true, dust=false
[11:13:50.076] INFO (17898): Wallet sync [6467]: shielded=true, unshielded=true, dust=false
[11:13:50.116] INFO (17898): Wallet sync [6468]: shielded=true, unshielded=true, dust=false
[11:13:50.153] INFO (17898): Wallet sync [6469]: shielded=true, unshielded=true, dust=false
[11:13:50.202] INFO (17898): Wallet sync [6470]: shielded=true, unshielded=true, dust=false
[11:13:50.234] INFO (17898): Wallet sync [6471]: shielded=true, unshielded=true, dust=false
[11:13:50.272] INFO (17898): Wallet sync [6472]: shielded=true, unshielded=true, dust=false
[11:13:50.338] INFO (17898): Wallet sync [6473]: shielded=true, unshielded=true, dust=false
[11:13:50.371] INFO (17898): Wallet sync [6474]: shielded=true, unshielded=true, dust=false
[11:13:50.413] INFO (17898): Wallet sync [6475]: shielded=true, unshielded=true, dust=false
[11:13:50.447] INFO (17898): Wallet sync [6476]: shielded=true, unshielded=true, dust=false
[11:13:50.488] INFO (17898): Wallet sync [6477]: shielded=true, unshielded=true, dust=false
[11:13:50.522] INFO (17898): Wallet sync [6478]: shielded=true, unshielded=true, dust=false
[11:13:50.555] INFO (17898): Wallet sync [6479]: shielded=true, unshielded=true, dust=false
[11:13:50.596] INFO (17898): Wallet sync [6480]: shielded=true, unshielded=true, dust=false
[11:13:50.653] INFO (17898): Wallet sync [6481]: shielded=true, unshielded=true, dust=false
[11:13:50.712] INFO (17898): Wallet sync [6482]: shielded=true, unshielded=true, dust=false
[11:13:50.750] INFO (17898): Wallet sync [6483]: shielded=true, unshielded=true, dust=false
[11:13:50.782] INFO (17898): Wallet sync [6484]: shielded=true, unshielded=true, dust=false
[11:13:50.817] INFO (17898): Wallet sync [6485]: shielded=true, unshielded=true, dust=false
[11:13:50.919] INFO (17898): Wallet sync [6486]: shielded=true, unshielded=true, dust=false
[11:13:50.951] INFO (17898): Wallet sync [6487]: shielded=true, unshielded=true, dust=false
[11:13:50.987] INFO (17898): Wallet sync [6488]: shielded=true, unshielded=true, dust=false
[11:13:51.018] INFO (17898): Wallet sync [6489]: shielded=true, unshielded=true, dust=false
[11:13:51.059] INFO (17898): Wallet sync [6490]: shielded=true, unshielded=true, dust=false
[11:13:51.099] INFO (17898): Wallet sync [6491]: shielded=true, unshielded=true, dust=false
[11:13:51.158] INFO (17898): Wallet sync [6492]: shielded=true, unshielded=true, dust=false
[11:13:51.221] INFO (17898): Wallet sync [6493]: shielded=true, unshielded=true, dust=false
[11:13:51.279] INFO (17898): Wallet sync [6494]: shielded=true, unshielded=true, dust=false
[11:13:51.334] INFO (17898): Wallet sync [6495]: shielded=true, unshielded=true, dust=false
[11:13:51.386] INFO (17898): Wallet sync [6496]: shielded=true, unshielded=true, dust=false
[11:13:51.446] INFO (17898): Wallet sync [6497]: shielded=true, unshielded=true, dust=false
[11:13:51.507] INFO (17898): Wallet sync [6498]: shielded=true, unshielded=true, dust=false
[11:13:51.560] INFO (17898): Wallet sync [6499]: shielded=true, unshielded=true, dust=false
[11:13:51.637] INFO (17898): Wallet sync [6500]: shielded=true, unshielded=true, dust=false
[11:13:51.703] INFO (17898): Wallet sync [6501]: shielded=true, unshielded=true, dust=false
[11:13:51.760] INFO (17898): Wallet sync [6502]: shielded=true, unshielded=true, dust=false
[11:13:51.818] INFO (17898): Wallet sync [6503]: shielded=true, unshielded=true, dust=false
[11:13:51.888] INFO (17898): Wallet sync [6504]: shielded=true, unshielded=true, dust=false
[11:13:51.951] INFO (17898): Wallet sync [6505]: shielded=true, unshielded=true, dust=false
[11:13:52.010] INFO (17898): Wallet sync [6506]: shielded=true, unshielded=true, dust=false
[11:13:52.079] INFO (17898): Wallet sync [6507]: shielded=true, unshielded=true, dust=false
[11:13:52.374] INFO (17898): Wallet sync [6508]: shielded=true, unshielded=true, dust=false
[11:13:52.474] INFO (17898): Wallet sync [6509]: shielded=true, unshielded=true, dust=false
[11:13:52.546] INFO (17898): Wallet sync [6510]: shielded=true, unshielded=true, dust=false
[11:13:52.624] INFO (17898): Wallet sync [6511]: shielded=true, unshielded=true, dust=false
[11:13:52.688] INFO (17898): Wallet sync [6512]: shielded=true, unshielded=true, dust=false
[11:13:52.741] INFO (17898): Wallet sync [6513]: shielded=true, unshielded=true, dust=false
[11:13:52.801] INFO (17898): Wallet sync [6514]: shielded=true, unshielded=true, dust=false
[11:13:52.835] INFO (17898): Wallet sync [6515]: shielded=true, unshielded=true, dust=false
[11:13:52.924] INFO (17898): Wallet sync [6516]: shielded=true, unshielded=true, dust=false
[11:13:52.983] INFO (17898): Wallet sync [6517]: shielded=true, unshielded=true, dust=false
[11:13:53.057] INFO (17898): Wallet sync [6518]: shielded=true, unshielded=true, dust=false
[11:13:53.111] INFO (17898): Wallet sync [6519]: shielded=true, unshielded=true, dust=false
[11:13:53.165] INFO (17898): Wallet sync [6520]: shielded=true, unshielded=true, dust=false
[11:13:53.223] INFO (17898): Wallet sync [6521]: shielded=true, unshielded=true, dust=false
[11:13:53.280] INFO (17898): Wallet sync [6522]: shielded=true, unshielded=true, dust=false
[11:13:53.320] INFO (17898): Wallet sync [6523]: shielded=true, unshielded=true, dust=false
[11:13:53.371] INFO (17898): Wallet sync [6524]: shielded=true, unshielded=true, dust=false
[11:13:53.408] INFO (17898): Wallet sync [6525]: shielded=true, unshielded=true, dust=false
[11:13:53.466] INFO (17898): Wallet sync [6526]: shielded=true, unshielded=true, dust=false
[11:13:53.525] INFO (17898): Wallet sync [6527]: shielded=true, unshielded=true, dust=false
[11:13:53.590] INFO (17898): Wallet sync [6528]: shielded=true, unshielded=true, dust=false
[11:13:53.707] INFO (17898): Wallet sync [6529]: shielded=true, unshielded=true, dust=false
[11:13:53.775] INFO (17898): Wallet sync [6530]: shielded=true, unshielded=true, dust=false
[11:13:53.817] INFO (17898): Wallet sync [6531]: shielded=true, unshielded=true, dust=false
[11:13:53.881] INFO (17898): Wallet sync [6532]: shielded=true, unshielded=true, dust=false
[11:13:53.940] INFO (17898): Wallet sync [6533]: shielded=true, unshielded=true, dust=false
[11:13:54.005] INFO (17898): Wallet sync [6534]: shielded=true, unshielded=true, dust=false
[11:13:54.087] INFO (17898): Wallet sync [6535]: shielded=true, unshielded=true, dust=false
[11:13:54.144] INFO (17898): Wallet sync [6536]: shielded=true, unshielded=true, dust=false
[11:13:54.214] INFO (17898): Wallet sync [6537]: shielded=true, unshielded=true, dust=false
[11:13:54.291] INFO (17898): Wallet sync [6538]: shielded=true, unshielded=true, dust=false
[11:13:54.361] INFO (17898): Wallet sync [6539]: shielded=true, unshielded=true, dust=false
[11:13:54.443] INFO (17898): Wallet sync [6540]: shielded=true, unshielded=true, dust=false
[11:13:54.525] INFO (17898): Wallet sync [6541]: shielded=true, unshielded=true, dust=false
[11:13:54.612] INFO (17898): Wallet sync [6542]: shielded=true, unshielded=true, dust=false
[11:13:54.696] INFO (17898): Wallet sync [6543]: shielded=true, unshielded=true, dust=false
[11:13:54.823] INFO (17898): Wallet sync [6544]: shielded=true, unshielded=true, dust=false
[11:13:55.169] INFO (17898): Wallet sync [6545]: shielded=true, unshielded=true, dust=false
[11:13:55.308] INFO (17898): Wallet sync [6546]: shielded=true, unshielded=true, dust=false
[11:13:55.459] INFO (17898): Wallet sync [6547]: shielded=true, unshielded=true, dust=false
[11:13:55.562] INFO (17898): Wallet sync [6548]: shielded=true, unshielded=true, dust=false
[11:13:55.643] INFO (17898): Wallet sync [6549]: shielded=true, unshielded=true, dust=false
[11:13:55.725] INFO (17898): Wallet sync [6550]: shielded=true, unshielded=true, dust=false
[11:13:55.791] INFO (17898): Wallet sync [6551]: shielded=true, unshielded=true, dust=false
[11:13:55.794] INFO (17898): Wallet sync [6552]: shielded=true, unshielded=true, dust=false
[11:13:55.877] INFO (17898): Wallet sync [6553]: shielded=true, unshielded=true, dust=false
[11:13:55.953] INFO (17898): Wallet sync [6554]: shielded=true, unshielded=true, dust=false
[11:13:56.019] INFO (17898): Wallet sync [6555]: shielded=true, unshielded=true, dust=false
[11:13:56.090] INFO (17898): Wallet sync [6556]: shielded=true, unshielded=true, dust=false
[11:13:56.153] INFO (17898): Wallet sync [6557]: shielded=true, unshielded=true, dust=false
[11:13:56.217] INFO (17898): Wallet sync [6558]: shielded=true, unshielded=true, dust=false
[11:13:56.273] INFO (17898): Wallet sync [6559]: shielded=true, unshielded=true, dust=false
[11:13:56.341] INFO (17898): Wallet sync [6560]: shielded=true, unshielded=true, dust=false
[11:13:56.411] INFO (17898): Wallet sync [6561]: shielded=true, unshielded=true, dust=false
[11:13:56.500] INFO (17898): Wallet sync [6562]: shielded=true, unshielded=true, dust=false
[11:13:56.575] INFO (17898): Wallet sync [6563]: shielded=true, unshielded=true, dust=false
[11:13:56.634] INFO (17898): Wallet sync [6564]: shielded=true, unshielded=true, dust=false
[11:13:56.670] INFO (17898): Wallet sync [6565]: shielded=true, unshielded=true, dust=false
[11:13:56.708] INFO (17898): Wallet sync [6566]: shielded=true, unshielded=true, dust=false
[11:13:56.776] INFO (17898): Wallet sync [6567]: shielded=true, unshielded=true, dust=false
[11:13:56.859] INFO (17898): Wallet sync [6568]: shielded=true, unshielded=true, dust=false
[11:13:56.882] INFO (17898): Wallet sync [6569]: shielded=true, unshielded=true, dust=false
[11:13:56.904] INFO (17898): Wallet sync [6570]: shielded=true, unshielded=true, dust=false
[11:13:56.928] INFO (17898): Wallet sync [6571]: shielded=true, unshielded=true, dust=false
[11:13:56.952] INFO (17898): Wallet sync [6572]: shielded=true, unshielded=true, dust=false
[11:13:56.975] INFO (17898): Wallet sync [6573]: shielded=true, unshielded=true, dust=false
[11:13:56.996] INFO (17898): Wallet sync [6574]: shielded=true, unshielded=true, dust=false
[11:13:57.021] INFO (17898): Wallet sync [6575]: shielded=true, unshielded=true, dust=false
[11:13:57.045] INFO (17898): Wallet sync [6576]: shielded=true, unshielded=true, dust=false
[11:13:57.070] INFO (17898): Wallet sync [6577]: shielded=true, unshielded=true, dust=false
[11:13:57.119] INFO (17898): Wallet sync [6578]: shielded=true, unshielded=true, dust=false
[11:13:57.175] INFO (17898): Wallet sync [6579]: shielded=true, unshielded=true, dust=false
[11:13:57.248] INFO (17898): Wallet sync [6580]: shielded=true, unshielded=true, dust=false
[11:13:57.302] INFO (17898): Wallet sync [6581]: shielded=true, unshielded=true, dust=false
[11:13:57.338] INFO (17898): Wallet sync [6582]: shielded=true, unshielded=true, dust=false
[11:13:57.377] INFO (17898): Wallet sync [6583]: shielded=true, unshielded=true, dust=false
[11:13:57.419] INFO (17898): Wallet sync [6584]: shielded=true, unshielded=true, dust=false
[11:13:57.457] INFO (17898): Wallet sync [6585]: shielded=true, unshielded=true, dust=false
[11:13:57.510] INFO (17898): Wallet sync [6586]: shielded=true, unshielded=true, dust=false
[11:13:57.606] INFO (17898): Wallet sync [6587]: shielded=true, unshielded=true, dust=false
[11:13:57.647] INFO (17898): Wallet sync [6588]: shielded=true, unshielded=true, dust=false
[11:13:57.697] INFO (17898): Wallet sync [6589]: shielded=true, unshielded=true, dust=false
[11:13:57.750] INFO (17898): Wallet sync [6590]: shielded=true, unshielded=true, dust=false
[11:13:57.790] INFO (17898): Wallet sync [6591]: shielded=true, unshielded=true, dust=false
[11:13:57.885] INFO (17898): Wallet sync [6592]: shielded=true, unshielded=true, dust=false
[11:13:57.929] INFO (17898): Wallet sync [6593]: shielded=true, unshielded=true, dust=false
[11:13:57.986] INFO (17898): Wallet sync [6594]: shielded=true, unshielded=true, dust=false
[11:13:58.027] INFO (17898): Wallet sync [6595]: shielded=true, unshielded=true, dust=false
[11:13:58.066] INFO (17898): Wallet sync [6596]: shielded=true, unshielded=true, dust=false
[11:13:58.113] INFO (17898): Wallet sync [6597]: shielded=true, unshielded=true, dust=false
[11:13:58.186] INFO (17898): Wallet sync [6598]: shielded=true, unshielded=true, dust=false
[11:13:58.275] INFO (17898): Wallet sync [6599]: shielded=true, unshielded=true, dust=false
[11:13:58.378] INFO (17898): Wallet sync [6600]: shielded=true, unshielded=true, dust=false
[11:13:58.418] INFO (17898): Wallet sync [6601]: shielded=true, unshielded=true, dust=false
[11:13:58.464] INFO (17898): Wallet sync [6602]: shielded=true, unshielded=true, dust=false
[11:13:58.505] INFO (17898): Wallet sync [6603]: shielded=true, unshielded=true, dust=false
[11:13:58.547] INFO (17898): Wallet sync [6604]: shielded=true, unshielded=true, dust=false
[11:13:58.618] INFO (17898): Wallet sync [6605]: shielded=true, unshielded=true, dust=false
[11:13:58.687] INFO (17898): Wallet sync [6606]: shielded=true, unshielded=true, dust=false
[11:13:58.741] INFO (17898): Wallet sync [6607]: shielded=true, unshielded=true, dust=false
[11:13:58.779] INFO (17898): Wallet sync [6608]: shielded=true, unshielded=true, dust=false
[11:13:58.830] INFO (17898): Wallet sync [6609]: shielded=true, unshielded=true, dust=false
[11:13:58.882] INFO (17898): Wallet sync [6610]: shielded=true, unshielded=true, dust=false
[11:13:58.958] INFO (17898): Wallet sync [6611]: shielded=true, unshielded=true, dust=false
[11:13:59.082] INFO (17898): Wallet sync [6612]: shielded=true, unshielded=true, dust=false
[11:13:59.144] INFO (17898): Wallet sync [6613]: shielded=true, unshielded=true, dust=false
[11:13:59.237] INFO (17898): Wallet sync [6614]: shielded=true, unshielded=true, dust=false
[11:13:59.297] INFO (17898): Wallet sync [6615]: shielded=true, unshielded=true, dust=false
[11:13:59.335] INFO (17898): Wallet sync [6616]: shielded=true, unshielded=true, dust=false
[11:13:59.377] INFO (17898): Wallet sync [6617]: shielded=true, unshielded=true, dust=false
[11:13:59.427] INFO (17898): Wallet sync [6618]: shielded=true, unshielded=true, dust=false
[11:13:59.476] INFO (17898): Wallet sync [6619]: shielded=true, unshielded=true, dust=false
[11:13:59.529] INFO (17898): Wallet sync [6620]: shielded=true, unshielded=true, dust=false
[11:13:59.606] INFO (17898): Wallet sync [6621]: shielded=true, unshielded=true, dust=false
[11:13:59.644] INFO (17898): Wallet sync [6622]: shielded=true, unshielded=true, dust=false
[11:13:59.679] INFO (17898): Wallet sync [6623]: shielded=true, unshielded=true, dust=false
[11:13:59.732] INFO (17898): Wallet sync [6624]: shielded=true, unshielded=true, dust=false
[11:13:59.778] INFO (17898): Wallet sync [6625]: shielded=true, unshielded=true, dust=false
[11:13:59.847] INFO (17898): Wallet sync [6626]: shielded=true, unshielded=true, dust=false
[11:13:59.931] INFO (17898): Wallet sync [6627]: shielded=true, unshielded=true, dust=false
[11:14:00.027] INFO (17898): Wallet sync [6628]: shielded=true, unshielded=true, dust=false
[11:14:00.132] INFO (17898): Wallet sync [6629]: shielded=true, unshielded=true, dust=false
[11:14:00.243] INFO (17898): Wallet sync [6630]: shielded=true, unshielded=true, dust=false
[11:14:00.286] INFO (17898): Wallet sync [6631]: shielded=true, unshielded=true, dust=false
[11:14:00.332] INFO (17898): Wallet sync [6632]: shielded=true, unshielded=true, dust=false
[11:14:00.385] INFO (17898): Wallet sync [6633]: shielded=true, unshielded=true, dust=false
[11:14:00.458] INFO (17898): Wallet sync [6634]: shielded=true, unshielded=true, dust=false
[11:14:00.521] INFO (17898): Wallet sync [6635]: shielded=true, unshielded=true, dust=false
[11:14:00.594] INFO (17898): Wallet sync [6636]: shielded=true, unshielded=true, dust=false
[11:14:00.733] INFO (17898): Wallet sync [6637]: shielded=true, unshielded=true, dust=false
[11:14:00.904] INFO (17898): Wallet sync [6638]: shielded=true, unshielded=true, dust=false
[11:14:01.025] INFO (17898): Wallet sync [6639]: shielded=true, unshielded=true, dust=false
[11:14:01.229] INFO (17898): Wallet sync [6640]: shielded=true, unshielded=true, dust=false
[11:14:01.370] INFO (17898): Wallet sync [6641]: shielded=true, unshielded=true, dust=false
[11:14:01.424] INFO (17898): Wallet sync [6642]: shielded=true, unshielded=true, dust=false
[11:14:01.490] INFO (17898): Wallet sync [6643]: shielded=true, unshielded=true, dust=false
[11:14:01.546] INFO (17898): Wallet sync [6644]: shielded=true, unshielded=true, dust=false
[11:14:01.617] INFO (17898): Wallet sync [6645]: shielded=true, unshielded=true, dust=false
[11:14:01.728] INFO (17898): Wallet sync [6646]: shielded=true, unshielded=true, dust=false
[11:14:01.861] INFO (17898): Wallet sync [6647]: shielded=true, unshielded=true, dust=false
[11:14:01.969] INFO (17898): Wallet sync [6648]: shielded=true, unshielded=true, dust=false
[11:14:02.046] INFO (17898): Wallet sync [6649]: shielded=true, unshielded=true, dust=false
[11:14:02.111] INFO (17898): Wallet sync [6650]: shielded=true, unshielded=true, dust=false
[11:14:02.178] INFO (17898): Wallet sync [6651]: shielded=true, unshielded=true, dust=false
[11:14:02.226] INFO (17898): Wallet sync [6652]: shielded=true, unshielded=true, dust=false
[11:14:02.352] INFO (17898): Wallet sync [6653]: shielded=true, unshielded=true, dust=false
[11:14:02.547] INFO (17898): Wallet sync [6654]: shielded=true, unshielded=true, dust=false
[11:14:02.676] INFO (17898): Wallet sync [6655]: shielded=true, unshielded=true, dust=false
[11:14:02.914] INFO (17898): Wallet sync [6656]: shielded=true, unshielded=true, dust=false
[11:14:02.990] INFO (17898): Wallet sync [6657]: shielded=true, unshielded=true, dust=false
[11:14:03.041] INFO (17898): Wallet sync [6658]: shielded=true, unshielded=true, dust=false
[11:14:03.083] INFO (17898): Wallet sync [6659]: shielded=true, unshielded=true, dust=false
[11:14:03.138] INFO (17898): Wallet sync [6660]: shielded=true, unshielded=true, dust=false
[11:14:03.187] INFO (17898): Wallet sync [6661]: shielded=true, unshielded=true, dust=false
[11:14:03.263] INFO (17898): Wallet sync [6662]: shielded=true, unshielded=true, dust=false
[11:14:03.432] INFO (17898): Wallet sync [6663]: shielded=true, unshielded=true, dust=false
[11:14:03.509] INFO (17898): Wallet sync [6664]: shielded=true, unshielded=true, dust=false
[11:14:03.561] INFO (17898): Wallet sync [6665]: shielded=true, unshielded=true, dust=false
[11:14:03.610] INFO (17898): Wallet sync [6666]: shielded=true, unshielded=true, dust=false
[11:14:03.649] INFO (17898): Wallet sync [6667]: shielded=true, unshielded=true, dust=false
[11:14:03.719] INFO (17898): Wallet sync [6668]: shielded=true, unshielded=true, dust=false
[11:14:03.762] INFO (17898): Wallet sync [6669]: shielded=true, unshielded=true, dust=false
[11:14:03.847] INFO (17898): Wallet sync [6670]: shielded=true, unshielded=true, dust=false
[11:14:03.919] INFO (17898): Wallet sync [6671]: shielded=true, unshielded=true, dust=false
[11:14:03.958] INFO (17898): Wallet sync [6672]: shielded=true, unshielded=true, dust=false
[11:14:04.005] INFO (17898): Wallet sync [6673]: shielded=true, unshielded=true, dust=false
[11:14:04.056] INFO (17898): Wallet sync [6674]: shielded=true, unshielded=true, dust=false
[11:14:04.130] INFO (17898): Wallet sync [6675]: shielded=true, unshielded=true, dust=false
[11:14:04.175] INFO (17898): Wallet sync [6676]: shielded=true, unshielded=true, dust=false
[11:14:04.256] INFO (17898): Wallet sync [6677]: shielded=true, unshielded=true, dust=false
[11:14:04.323] INFO (17898): Wallet sync [6678]: shielded=true, unshielded=true, dust=false
[11:14:04.383] INFO (17898): Wallet sync [6679]: shielded=true, unshielded=true, dust=false
[11:14:04.420] INFO (17898): Wallet sync [6680]: shielded=true, unshielded=true, dust=false
[11:14:04.454] INFO (17898): Wallet sync [6681]: shielded=true, unshielded=true, dust=false
[11:14:04.514] INFO (17898): Wallet sync [6682]: shielded=true, unshielded=true, dust=false
[11:14:04.551] INFO (17898): Wallet sync [6683]: shielded=true, unshielded=true, dust=false
[11:14:04.588] INFO (17898): Wallet sync [6684]: shielded=true, unshielded=true, dust=false
[11:14:04.639] INFO (17898): Wallet sync [6685]: shielded=true, unshielded=true, dust=false
[11:14:04.716] INFO (17898): Wallet sync [6686]: shielded=true, unshielded=true, dust=false
[11:14:04.782] INFO (17898): Wallet sync [6687]: shielded=true, unshielded=true, dust=false
[11:14:04.828] INFO (17898): Wallet sync [6688]: shielded=true, unshielded=true, dust=false
[11:14:04.864] INFO (17898): Wallet sync [6689]: shielded=true, unshielded=true, dust=false
[11:14:04.901] INFO (17898): Wallet sync [6690]: shielded=true, unshielded=true, dust=false
[11:14:04.937] INFO (17898): Wallet sync [6691]: shielded=true, unshielded=true, dust=false
[11:14:04.979] INFO (17898): Wallet sync [6692]: shielded=true, unshielded=true, dust=false
[11:14:05.029] INFO (17898): Wallet sync [6693]: shielded=true, unshielded=true, dust=false
[11:14:05.064] INFO (17898): Wallet sync [6694]: shielded=true, unshielded=true, dust=false
[11:14:05.139] INFO (17898): Wallet sync [6695]: shielded=true, unshielded=true, dust=false
[11:14:05.193] INFO (17898): Wallet sync [6696]: shielded=true, unshielded=true, dust=false
[11:14:05.245] INFO (17898): Wallet sync [6697]: shielded=true, unshielded=true, dust=false
[11:14:05.285] INFO (17898): Wallet sync [6698]: shielded=true, unshielded=true, dust=false
[11:14:05.326] INFO (17898): Wallet sync [6699]: shielded=true, unshielded=true, dust=false
[11:14:05.364] INFO (17898): Wallet sync [6700]: shielded=true, unshielded=true, dust=false
[11:14:05.406] INFO (17898): Wallet sync [6701]: shielded=true, unshielded=true, dust=false
[11:14:05.439] INFO (17898): Wallet sync [6702]: shielded=true, unshielded=true, dust=false
[11:14:05.528] INFO (17898): Wallet sync [6703]: shielded=true, unshielded=true, dust=false
[11:14:05.590] INFO (17898): Wallet sync [6704]: shielded=true, unshielded=true, dust=false
[11:14:05.659] INFO (17898): Wallet sync [6705]: shielded=true, unshielded=true, dust=false
[11:14:05.726] INFO (17898): Wallet sync [6706]: shielded=true, unshielded=true, dust=false
[11:14:05.762] INFO (17898): Wallet sync [6707]: shielded=true, unshielded=true, dust=false
[11:14:05.807] INFO (17898): Wallet sync [6708]: shielded=true, unshielded=true, dust=false
[11:14:05.839] INFO (17898): Wallet sync [6709]: shielded=true, unshielded=true, dust=false
[11:14:05.876] INFO (17898): Wallet sync [6710]: shielded=true, unshielded=true, dust=false
[11:14:05.909] INFO (17898): Wallet sync [6711]: shielded=true, unshielded=true, dust=false
[11:14:05.961] INFO (17898): Wallet sync [6712]: shielded=true, unshielded=true, dust=false
[11:14:06.021] INFO (17898): Wallet sync [6713]: shielded=true, unshielded=true, dust=false
[11:14:06.055] INFO (17898): Wallet sync [6714]: shielded=true, unshielded=true, dust=false
[11:14:06.096] INFO (17898): Wallet sync [6715]: shielded=true, unshielded=true, dust=false
[11:14:06.133] INFO (17898): Wallet sync [6716]: shielded=true, unshielded=true, dust=false
[11:14:06.165] INFO (17898): Wallet sync [6717]: shielded=true, unshielded=true, dust=false
[11:14:06.205] INFO (17898): Wallet sync [6718]: shielded=true, unshielded=true, dust=false
[11:14:06.237] INFO (17898): Wallet sync [6719]: shielded=true, unshielded=true, dust=false
[11:14:06.296] INFO (17898): Wallet sync [6720]: shielded=true, unshielded=true, dust=false
[11:14:06.360] INFO (17898): Wallet sync [6721]: shielded=true, unshielded=true, dust=false
[11:14:06.395] INFO (17898): Wallet sync [6722]: shielded=true, unshielded=true, dust=false
[11:14:06.431] INFO (17898): Wallet sync [6723]: shielded=true, unshielded=true, dust=false
[11:14:06.472] INFO (17898): Wallet sync [6724]: shielded=true, unshielded=true, dust=false
[11:14:06.506] INFO (17898): Wallet sync [6725]: shielded=true, unshielded=true, dust=false
[11:14:06.543] INFO (17898): Wallet sync [6726]: shielded=true, unshielded=true, dust=false
[11:14:06.578] INFO (17898): Wallet sync [6727]: shielded=true, unshielded=true, dust=false
[11:14:06.623] INFO (17898): Wallet sync [6728]: shielded=true, unshielded=true, dust=false
[11:14:06.696] INFO (17898): Wallet sync [6729]: shielded=true, unshielded=true, dust=false
[11:14:06.754] INFO (17898): Wallet sync [6730]: shielded=true, unshielded=true, dust=false
[11:14:06.823] INFO (17898): Wallet sync [6731]: shielded=true, unshielded=true, dust=false
[11:14:06.857] INFO (17898): Wallet sync [6732]: shielded=true, unshielded=true, dust=false
[11:14:06.893] INFO (17898): Wallet sync [6733]: shielded=true, unshielded=true, dust=false
[11:14:06.938] INFO (17898): Wallet sync [6734]: shielded=true, unshielded=true, dust=false
[11:14:06.991] INFO (17898): Wallet sync [6735]: shielded=true, unshielded=true, dust=false
[11:14:07.030] INFO (17898): Wallet sync [6736]: shielded=true, unshielded=true, dust=false
[11:14:07.064] INFO (17898): Wallet sync [6737]: shielded=true, unshielded=true, dust=false
[11:14:07.102] INFO (17898): Wallet sync [6738]: shielded=true, unshielded=true, dust=false
[11:14:07.163] INFO (17898): Wallet sync [6739]: shielded=true, unshielded=true, dust=false
[11:14:07.222] INFO (17898): Wallet sync [6740]: shielded=true, unshielded=true, dust=false
[11:14:07.264] INFO (17898): Wallet sync [6741]: shielded=true, unshielded=true, dust=false
[11:14:07.301] INFO (17898): Wallet sync [6742]: shielded=true, unshielded=true, dust=false
[11:14:07.337] INFO (17898): Wallet sync [6743]: shielded=true, unshielded=true, dust=false
[11:14:07.377] INFO (17898): Wallet sync [6744]: shielded=true, unshielded=true, dust=false
[11:14:07.435] INFO (17898): Wallet sync [6745]: shielded=true, unshielded=true, dust=false
[11:14:07.503] INFO (17898): Wallet sync [6746]: shielded=true, unshielded=true, dust=false
[11:14:07.587] INFO (17898): Wallet sync [6747]: shielded=true, unshielded=true, dust=false
[11:14:07.659] INFO (17898): Wallet sync [6748]: shielded=true, unshielded=true, dust=false
[11:14:07.708] INFO (17898): Wallet sync [6749]: shielded=true, unshielded=true, dust=false
[11:14:07.745] INFO (17898): Wallet sync [6750]: shielded=true, unshielded=true, dust=false
[11:14:07.784] INFO (17898): Wallet sync [6751]: shielded=true, unshielded=true, dust=false
[11:14:07.822] INFO (17898): Wallet sync [6752]: shielded=true, unshielded=true, dust=false
[11:14:07.863] INFO (17898): Wallet sync [6753]: shielded=true, unshielded=true, dust=false
[11:14:07.917] INFO (17898): Wallet sync [6754]: shielded=true, unshielded=true, dust=false
[11:14:07.949] INFO (17898): Wallet sync [6755]: shielded=true, unshielded=true, dust=false
[11:14:08.016] INFO (17898): Wallet sync [6756]: shielded=true, unshielded=true, dust=false
[11:14:08.079] INFO (17898): Wallet sync [6757]: shielded=true, unshielded=true, dust=false
[11:14:08.139] INFO (17898): Wallet sync [6758]: shielded=true, unshielded=true, dust=false
[11:14:08.177] INFO (17898): Wallet sync [6759]: shielded=true, unshielded=true, dust=false
[11:14:08.209] INFO (17898): Wallet sync [6760]: shielded=true, unshielded=true, dust=false
[11:14:08.257] INFO (17898): Wallet sync [6761]: shielded=true, unshielded=true, dust=false
[11:14:08.292] INFO (17898): Wallet sync [6762]: shielded=true, unshielded=true, dust=false
[11:14:08.330] INFO (17898): Wallet sync [6763]: shielded=true, unshielded=true, dust=false
[11:14:08.371] INFO (17898): Wallet sync [6764]: shielded=true, unshielded=true, dust=false
[11:14:08.404] INFO (17898): Wallet sync [6765]: shielded=true, unshielded=true, dust=false
[11:14:08.442] INFO (17898): Wallet sync [6766]: shielded=true, unshielded=true, dust=false
[11:14:08.514] INFO (17898): Wallet sync [6767]: shielded=true, unshielded=true, dust=false
[11:14:08.546] INFO (17898): Wallet sync [6768]: shielded=true, unshielded=true, dust=false
[11:14:08.584] INFO (17898): Wallet sync [6769]: shielded=true, unshielded=true, dust=false
[11:14:08.620] INFO (17898): Wallet sync [6770]: shielded=true, unshielded=true, dust=false
[11:14:08.662] INFO (17898): Wallet sync [6771]: shielded=true, unshielded=true, dust=false
[11:14:08.703] INFO (17898): Wallet sync [6772]: shielded=true, unshielded=true, dust=false
[11:14:08.737] INFO (17898): Wallet sync [6773]: shielded=true, unshielded=true, dust=false
[11:14:08.793] INFO (17898): Wallet sync [6774]: shielded=true, unshielded=true, dust=false
[11:14:08.831] INFO (17898): Wallet sync [6775]: shielded=true, unshielded=true, dust=false
[11:14:08.884] INFO (17898): Wallet sync [6776]: shielded=true, unshielded=true, dust=false
[11:14:08.925] INFO (17898): Wallet sync [6777]: shielded=true, unshielded=true, dust=false
[11:14:08.959] INFO (17898): Wallet sync [6778]: shielded=true, unshielded=true, dust=false
[11:14:08.999] INFO (17898): Wallet sync [6779]: shielded=true, unshielded=true, dust=false
[11:14:09.041] INFO (17898): Wallet sync [6780]: shielded=true, unshielded=true, dust=false
[11:14:09.075] INFO (17898): Wallet sync [6781]: shielded=true, unshielded=true, dust=false
[11:14:09.111] INFO (17898): Wallet sync [6782]: shielded=true, unshielded=true, dust=false
[11:14:09.154] INFO (17898): Wallet sync [6783]: shielded=true, unshielded=true, dust=false
[11:14:09.208] INFO (17898): Wallet sync [6784]: shielded=true, unshielded=true, dust=false
[11:14:09.360] INFO (17898): Wallet sync [6785]: shielded=true, unshielded=true, dust=false
[11:14:09.571] INFO (17898): Wallet sync [6786]: shielded=true, unshielded=true, dust=false
[11:14:09.664] INFO (17898): Wallet sync [6787]: shielded=true, unshielded=true, dust=false
[11:14:09.724] INFO (17898): Wallet sync [6788]: shielded=true, unshielded=true, dust=false
[11:14:09.795] INFO (17898): Wallet sync [6789]: shielded=true, unshielded=true, dust=false
[11:14:09.847] INFO (17898): Wallet sync [6790]: shielded=true, unshielded=true, dust=false
[11:14:09.889] INFO (17898): Wallet sync [6791]: shielded=true, unshielded=true, dust=false
[11:14:09.924] INFO (17898): Wallet sync [6792]: shielded=true, unshielded=true, dust=false
[11:14:09.961] INFO (17898): Wallet sync [6793]: shielded=true, unshielded=true, dust=false
[11:14:10.003] INFO (17898): Wallet sync [6794]: shielded=true, unshielded=true, dust=false
[11:14:10.037] INFO (17898): Wallet sync [6795]: shielded=true, unshielded=true, dust=false
[11:14:10.072] INFO (17898): Wallet sync [6796]: shielded=true, unshielded=true, dust=false
[11:14:10.109] INFO (17898): Wallet sync [6797]: shielded=true, unshielded=true, dust=false
[11:14:10.177] INFO (17898): Wallet sync [6798]: shielded=true, unshielded=true, dust=false
[11:14:10.216] INFO (17898): Wallet sync [6799]: shielded=true, unshielded=true, dust=false
[11:14:10.248] INFO (17898): Wallet sync [6800]: shielded=true, unshielded=true, dust=false
[11:14:10.312] INFO (17898): Wallet sync [6801]: shielded=true, unshielded=true, dust=false
[11:14:10.348] INFO (17898): Wallet sync [6802]: shielded=true, unshielded=true, dust=false
[11:14:10.381] INFO (17898): Wallet sync [6803]: shielded=true, unshielded=true, dust=false
[11:14:10.418] INFO (17898): Wallet sync [6804]: shielded=true, unshielded=true, dust=false
[11:14:10.455] INFO (17898): Wallet sync [6805]: shielded=true, unshielded=true, dust=false
[11:14:10.498] INFO (17898): Wallet sync [6806]: shielded=true, unshielded=true, dust=false
[11:14:10.565] INFO (17898): Wallet sync [6807]: shielded=true, unshielded=true, dust=false
[11:14:10.637] INFO (17898): Wallet sync [6808]: shielded=true, unshielded=true, dust=false
[11:14:10.697] INFO (17898): Wallet sync [6809]: shielded=true, unshielded=true, dust=false
[11:14:10.729] INFO (17898): Wallet sync [6810]: shielded=true, unshielded=true, dust=false
[11:14:10.768] INFO (17898): Wallet sync [6811]: shielded=true, unshielded=true, dust=false
[11:14:10.800] INFO (17898): Wallet sync [6812]: shielded=true, unshielded=true, dust=false
[11:14:10.837] INFO (17898): Wallet sync [6813]: shielded=true, unshielded=true, dust=false
[11:14:10.883] INFO (17898): Wallet sync [6814]: shielded=true, unshielded=true, dust=false
[11:14:10.915] INFO (17898): Wallet sync [6815]: shielded=true, unshielded=true, dust=false
[11:14:10.950] INFO (17898): Wallet sync [6816]: shielded=true, unshielded=true, dust=false
[11:14:10.987] INFO (17898): Wallet sync [6817]: shielded=true, unshielded=true, dust=false
[11:14:11.021] INFO (17898): Wallet sync [6818]: shielded=true, unshielded=true, dust=false
[11:14:11.078] INFO (17898): Wallet sync [6819]: shielded=true, unshielded=true, dust=false
[11:14:11.112] INFO (17898): Wallet sync [6820]: shielded=true, unshielded=true, dust=false
[11:14:11.157] INFO (17898): Wallet sync [6821]: shielded=true, unshielded=true, dust=false
[11:14:11.192] INFO (17898): Wallet sync [6822]: shielded=true, unshielded=true, dust=false
[11:14:11.226] INFO (17898): Wallet sync [6823]: shielded=true, unshielded=true, dust=false
[11:14:11.263] INFO (17898): Wallet sync [6824]: shielded=true, unshielded=true, dust=false
[11:14:11.301] INFO (17898): Wallet sync [6825]: shielded=true, unshielded=true, dust=false
[11:14:11.337] INFO (17898): Wallet sync [6826]: shielded=true, unshielded=true, dust=false
[11:14:11.400] INFO (17898): Wallet sync [6827]: shielded=true, unshielded=true, dust=false
[11:14:11.455] INFO (17898): Wallet sync [6828]: shielded=true, unshielded=true, dust=false
[11:14:11.503] INFO (17898): Wallet sync [6829]: shielded=true, unshielded=true, dust=false
[11:14:11.556] INFO (17898): Wallet sync [6830]: shielded=true, unshielded=true, dust=false
[11:14:11.591] INFO (17898): Wallet sync [6831]: shielded=true, unshielded=true, dust=false
[11:14:11.639] INFO (17898): Wallet sync [6832]: shielded=true, unshielded=true, dust=false
[11:14:11.673] INFO (17898): Wallet sync [6833]: shielded=true, unshielded=true, dust=false
[11:14:11.723] INFO (17898): Wallet sync [6834]: shielded=true, unshielded=true, dust=false
[11:14:11.759] INFO (17898): Wallet sync [6835]: shielded=true, unshielded=true, dust=false
[11:14:11.793] INFO (17898): Wallet sync [6836]: shielded=true, unshielded=true, dust=false
[11:14:11.852] INFO (17898): Wallet sync [6837]: shielded=true, unshielded=true, dust=false
[11:14:11.914] INFO (17898): Wallet sync [6838]: shielded=true, unshielded=true, dust=false
[11:14:11.974] INFO (17898): Wallet sync [6839]: shielded=true, unshielded=true, dust=false
[11:14:12.027] INFO (17898): Wallet sync [6840]: shielded=true, unshielded=true, dust=false
[11:14:12.075] INFO (17898): Wallet sync [6841]: shielded=true, unshielded=true, dust=false
[11:14:12.108] INFO (17898): Wallet sync [6842]: shielded=true, unshielded=true, dust=false
[11:14:12.144] INFO (17898): Wallet sync [6843]: shielded=true, unshielded=true, dust=false
[11:14:12.182] INFO (17898): Wallet sync [6844]: shielded=true, unshielded=true, dust=false
[11:14:12.218] INFO (17898): Wallet sync [6845]: shielded=true, unshielded=true, dust=false
[11:14:12.252] INFO (17898): Wallet sync [6846]: shielded=true, unshielded=true, dust=false
[11:14:12.295] INFO (17898): Wallet sync [6847]: shielded=true, unshielded=true, dust=false
[11:14:12.329] INFO (17898): Wallet sync [6848]: shielded=true, unshielded=true, dust=false
[11:14:12.390] INFO (17898): Wallet sync [6849]: shielded=true, unshielded=true, dust=false
[11:14:12.428] INFO (17898): Wallet sync [6850]: shielded=true, unshielded=true, dust=false
[11:14:12.465] INFO (17898): Wallet sync [6851]: shielded=true, unshielded=true, dust=false
[11:14:12.499] INFO (17898): Wallet sync [6852]: shielded=true, unshielded=true, dust=false
[11:14:12.547] INFO (17898): Wallet sync [6853]: shielded=true, unshielded=true, dust=false
[11:14:12.579] INFO (17898): Wallet sync [6854]: shielded=true, unshielded=true, dust=false
[11:14:12.624] INFO (17898): Wallet sync [6855]: shielded=true, unshielded=true, dust=false
[11:14:12.663] INFO (17898): Wallet sync [6856]: shielded=true, unshielded=true, dust=false
[11:14:12.718] INFO (17898): Wallet sync [6857]: shielded=true, unshielded=true, dust=false
[11:14:12.755] INFO (17898): Wallet sync [6858]: shielded=true, unshielded=true, dust=false
[11:14:12.831] INFO (17898): Wallet sync [6859]: shielded=true, unshielded=true, dust=false
[11:14:12.876] INFO (17898): Wallet sync [6860]: shielded=true, unshielded=true, dust=false
[11:14:12.913] INFO (17898): Wallet sync [6861]: shielded=true, unshielded=true, dust=false
[11:14:12.946] INFO (17898): Wallet sync [6862]: shielded=true, unshielded=true, dust=false
[11:14:12.995] INFO (17898): Wallet sync [6863]: shielded=true, unshielded=true, dust=false
[11:14:13.039] INFO (17898): Wallet sync [6864]: shielded=true, unshielded=true, dust=false
[11:14:13.089] INFO (17898): Wallet sync [6865]: shielded=true, unshielded=true, dust=false
[11:14:13.135] INFO (17898): Wallet sync [6866]: shielded=true, unshielded=true, dust=false
[11:14:13.168] INFO (17898): Wallet sync [6867]: shielded=true, unshielded=true, dust=false
[11:14:13.228] INFO (17898): Wallet sync [6868]: shielded=true, unshielded=true, dust=false
[11:14:13.283] INFO (17898): Wallet sync [6869]: shielded=true, unshielded=true, dust=false
[11:14:13.347] INFO (17898): Wallet sync [6870]: shielded=true, unshielded=true, dust=false
[11:14:13.402] INFO (17898): Wallet sync [6871]: shielded=true, unshielded=true, dust=false
[11:14:13.438] INFO (17898): Wallet sync [6872]: shielded=true, unshielded=true, dust=false
[11:14:13.472] INFO (17898): Wallet sync [6873]: shielded=true, unshielded=true, dust=false
[11:14:13.517] INFO (17898): Wallet sync [6874]: shielded=true, unshielded=true, dust=false
[11:14:13.553] INFO (17898): Wallet sync [6875]: shielded=true, unshielded=true, dust=false
[11:14:13.587] INFO (17898): Wallet sync [6876]: shielded=true, unshielded=true, dust=false
[11:14:13.626] INFO (17898): Wallet sync [6877]: shielded=true, unshielded=true, dust=false
[11:14:13.675] INFO (17898): Wallet sync [6878]: shielded=true, unshielded=true, dust=false
[11:14:13.722] INFO (17898): Wallet sync [6879]: shielded=true, unshielded=true, dust=false
[11:14:13.777] INFO (17898): Wallet sync [6880]: shielded=true, unshielded=true, dust=false
[11:14:13.835] INFO (17898): Wallet sync [6881]: shielded=true, unshielded=true, dust=false
[11:14:13.882] INFO (17898): Wallet sync [6882]: shielded=true, unshielded=true, dust=false
[11:14:13.919] INFO (17898): Wallet sync [6883]: shielded=true, unshielded=true, dust=false
[11:14:13.953] INFO (17898): Wallet sync [6884]: shielded=true, unshielded=true, dust=false
[11:14:13.987] INFO (17898): Wallet sync [6885]: shielded=true, unshielded=true, dust=false
[11:14:14.031] INFO (17898): Wallet sync [6886]: shielded=true, unshielded=true, dust=false
[11:14:14.064] INFO (17898): Wallet sync [6887]: shielded=true, unshielded=true, dust=false
[11:14:14.100] INFO (17898): Wallet sync [6888]: shielded=true, unshielded=true, dust=false
[11:14:14.132] INFO (17898): Wallet sync [6889]: shielded=true, unshielded=true, dust=false
[11:14:14.192] INFO (17898): Wallet sync [6890]: shielded=true, unshielded=true, dust=false
[11:14:14.251] INFO (17898): Wallet sync [6891]: shielded=true, unshielded=true, dust=false
[11:14:14.314] INFO (17898): Wallet sync [6892]: shielded=true, unshielded=true, dust=false
[11:14:14.363] INFO (17898): Wallet sync [6893]: shielded=true, unshielded=true, dust=false
[11:14:14.396] INFO (17898): Wallet sync [6894]: shielded=true, unshielded=true, dust=false
[11:14:14.434] INFO (17898): Wallet sync [6895]: shielded=true, unshielded=true, dust=false
[11:14:14.465] INFO (17898): Wallet sync [6896]: shielded=true, unshielded=true, dust=false
[11:14:14.505] INFO (17898): Wallet sync [6897]: shielded=true, unshielded=true, dust=false
[11:14:14.553] INFO (17898): Wallet sync [6898]: shielded=true, unshielded=true, dust=false
[11:14:14.587] INFO (17898): Wallet sync [6899]: shielded=true, unshielded=true, dust=false
[11:14:14.629] INFO (17898): Wallet sync [6900]: shielded=true, unshielded=true, dust=false
[11:14:14.693] INFO (17898): Wallet sync [6901]: shielded=true, unshielded=true, dust=false
[11:14:14.726] INFO (17898): Wallet sync [6902]: shielded=true, unshielded=true, dust=false
[11:14:14.776] INFO (17898): Wallet sync [6903]: shielded=true, unshielded=true, dust=false
[11:14:14.810] INFO (17898): Wallet sync [6904]: shielded=true, unshielded=true, dust=false
[11:14:14.847] INFO (17898): Wallet sync [6905]: shielded=true, unshielded=true, dust=false
[11:14:14.897] INFO (17898): Wallet sync [6906]: shielded=true, unshielded=true, dust=false
[11:14:14.931] INFO (17898): Wallet sync [6907]: shielded=true, unshielded=true, dust=false
[11:14:14.967] INFO (17898): Wallet sync [6908]: shielded=true, unshielded=true, dust=false
[11:14:15.010] INFO (17898): Wallet sync [6909]: shielded=true, unshielded=true, dust=false
[11:14:15.054] INFO (17898): Wallet sync [6910]: shielded=true, unshielded=true, dust=false
[11:14:15.110] INFO (17898): Wallet sync [6911]: shielded=true, unshielded=true, dust=false
[11:14:15.165] INFO (17898): Wallet sync [6912]: shielded=true, unshielded=true, dust=false
[11:14:15.207] INFO (17898): Wallet sync [6913]: shielded=true, unshielded=true, dust=false
[11:14:15.247] INFO (17898): Wallet sync [6914]: shielded=true, unshielded=true, dust=false
[11:14:15.281] INFO (17898): Wallet sync [6915]: shielded=true, unshielded=true, dust=false
[11:14:15.324] INFO (17898): Wallet sync [6916]: shielded=true, unshielded=true, dust=false
[11:14:15.359] INFO (17898): Wallet sync [6917]: shielded=true, unshielded=true, dust=false
[11:14:15.397] INFO (17898): Wallet sync [6918]: shielded=true, unshielded=true, dust=false
[11:14:15.441] INFO (17898): Wallet sync [6919]: shielded=true, unshielded=true, dust=false
[11:14:15.489] INFO (17898): Wallet sync [6920]: shielded=true, unshielded=true, dust=false
[11:14:15.540] INFO (17898): Wallet sync [6921]: shielded=true, unshielded=true, dust=false
[11:14:15.607] INFO (17898): Wallet sync [6922]: shielded=true, unshielded=true, dust=false
[11:14:15.664] INFO (17898): Wallet sync [6923]: shielded=true, unshielded=true, dust=false
[11:14:15.725] INFO (17898): Wallet sync [6924]: shielded=true, unshielded=true, dust=false
[11:14:15.772] INFO (17898): Wallet sync [6925]: shielded=true, unshielded=true, dust=false
[11:14:15.816] INFO (17898): Wallet sync [6926]: shielded=true, unshielded=true, dust=false
[11:14:15.850] INFO (17898): Wallet sync [6927]: shielded=true, unshielded=true, dust=false
[11:14:15.885] INFO (17898): Wallet sync [6928]: shielded=true, unshielded=true, dust=false
[11:14:15.919] INFO (17898): Wallet sync [6929]: shielded=true, unshielded=true, dust=false
[11:14:15.960] INFO (17898): Wallet sync [6930]: shielded=true, unshielded=true, dust=false
[11:14:15.999] INFO (17898): Wallet sync [6931]: shielded=true, unshielded=true, dust=false
[11:14:16.947] INFO (17898): Wallet sync [6932]: shielded=true, unshielded=true, dust=false
[11:14:16.984] INFO (17898): Wallet sync [6933]: shielded=true, unshielded=true, dust=false
[11:14:17.061] INFO (17898): Wallet sync [6934]: shielded=true, unshielded=true, dust=false
[11:14:17.086] INFO (17898): Wallet sync [6935]: shielded=true, unshielded=true, dust=false
[11:14:17.141] INFO (17898): Wallet sync [6936]: shielded=true, unshielded=true, dust=false
[11:14:17.179] INFO (17898): Wallet sync [6937]: shielded=true, unshielded=true, dust=false
[11:14:17.212] INFO (17898): Wallet sync [6938]: shielded=true, unshielded=true, dust=false
[11:14:17.255] INFO (17898): Wallet sync [6939]: shielded=true, unshielded=true, dust=false
[11:14:17.294] INFO (17898): Wallet sync [6940]: shielded=true, unshielded=true, dust=false
[11:14:17.332] INFO (17898): Wallet sync [6941]: shielded=true, unshielded=true, dust=false
[11:14:17.376] INFO (17898): Wallet sync [6942]: shielded=true, unshielded=true, dust=false
[11:14:17.415] INFO (17898): Wallet sync [6943]: shielded=true, unshielded=true, dust=false
[11:14:17.457] INFO (17898): Wallet sync [6944]: shielded=true, unshielded=true, dust=false
[11:14:17.498] INFO (17898): Wallet sync [6945]: shielded=true, unshielded=true, dust=false
[11:14:17.569] INFO (17898): Wallet sync [6946]: shielded=true, unshielded=true, dust=false
[11:14:17.633] INFO (17898): Wallet sync [6947]: shielded=true, unshielded=true, dust=false
[11:14:17.692] INFO (17898): Wallet sync [6948]: shielded=true, unshielded=true, dust=false
[11:14:17.741] INFO (17898): Wallet sync [6949]: shielded=true, unshielded=true, dust=false
[11:14:17.777] INFO (17898): Wallet sync [6950]: shielded=true, unshielded=true, dust=false
[11:14:17.812] INFO (17898): Wallet sync [6951]: shielded=true, unshielded=true, dust=false
[11:14:17.856] INFO (17898): Wallet sync [6952]: shielded=true, unshielded=true, dust=false
[11:14:17.890] INFO (17898): Wallet sync [6953]: shielded=true, unshielded=true, dust=false
[11:14:17.928] INFO (17898): Wallet sync [6954]: shielded=true, unshielded=true, dust=false
[11:14:17.970] INFO (17898): Wallet sync [6955]: shielded=true, unshielded=true, dust=false
[11:14:18.007] INFO (17898): Wallet sync [6956]: shielded=true, unshielded=true, dust=false
[11:14:18.045] INFO (17898): Wallet sync [6957]: shielded=true, unshielded=true, dust=false
[11:14:18.109] INFO (17898): Wallet sync [6958]: shielded=true, unshielded=true, dust=false
[11:14:18.172] INFO (17898): Wallet sync [6959]: shielded=true, unshielded=true, dust=false
[11:14:18.210] INFO (17898): Wallet sync [6960]: shielded=true, unshielded=true, dust=false
[11:14:18.244] INFO (17898): Wallet sync [6961]: shielded=true, unshielded=true, dust=false
[11:14:18.304] INFO (17898): Wallet sync [6962]: shielded=true, unshielded=true, dust=false
[11:14:18.353] INFO (17898): Wallet sync [6963]: shielded=true, unshielded=true, dust=false
[11:14:18.401] INFO (17898): Wallet sync [6964]: shielded=true, unshielded=true, dust=false
[11:14:18.442] INFO (17898): Wallet sync [6965]: shielded=true, unshielded=true, dust=false
[11:14:18.475] INFO (17898): Wallet sync [6966]: shielded=true, unshielded=true, dust=false
[11:14:18.513] INFO (17898): Wallet sync [6967]: shielded=true, unshielded=true, dust=false
[11:14:18.555] INFO (17898): Wallet sync [6968]: shielded=true, unshielded=true, dust=false
[11:14:18.591] INFO (17898): Wallet sync [6969]: shielded=true, unshielded=true, dust=false
[11:14:18.655] INFO (17898): Wallet sync [6970]: shielded=true, unshielded=true, dust=false
[11:14:18.720] INFO (17898): Wallet sync [6971]: shielded=true, unshielded=true, dust=false
[11:14:18.781] INFO (17898): Wallet sync [6972]: shielded=true, unshielded=true, dust=false
[11:14:18.815] INFO (17898): Wallet sync [6973]: shielded=true, unshielded=true, dust=false
[11:14:18.854] INFO (17898): Wallet sync [6974]: shielded=true, unshielded=true, dust=false
[11:14:18.901] INFO (17898): Wallet sync [6975]: shielded=true, unshielded=true, dust=false
[11:14:18.935] INFO (17898): Wallet sync [6976]: shielded=true, unshielded=true, dust=false
[11:14:18.971] INFO (17898): Wallet sync [6977]: shielded=true, unshielded=true, dust=false
[11:14:19.011] INFO (17898): Wallet sync [6978]: shielded=true, unshielded=true, dust=false
[11:14:19.046] INFO (17898): Wallet sync [6979]: shielded=true, unshielded=true, dust=false
[11:14:19.082] INFO (17898): Wallet sync [6980]: shielded=true, unshielded=true, dust=false
[11:14:19.124] INFO (17898): Wallet sync [6981]: shielded=true, unshielded=true, dust=false
[11:14:19.201] INFO (17898): Wallet sync [6982]: shielded=true, unshielded=true, dust=false
[11:14:19.284] INFO (17898): Wallet sync [6983]: shielded=true, unshielded=true, dust=false
[11:14:19.328] INFO (17898): Wallet sync [6984]: shielded=true, unshielded=true, dust=false
[11:14:19.377] INFO (17898): Wallet sync [6985]: shielded=true, unshielded=true, dust=false
[11:14:19.423] INFO (17898): Wallet sync [6986]: shielded=true, unshielded=true, dust=false
[11:14:19.469] INFO (17898): Wallet sync [6987]: shielded=true, unshielded=true, dust=false
[11:14:19.536] INFO (17898): Wallet sync [6988]: shielded=true, unshielded=true, dust=false
[11:14:19.579] INFO (17898): Wallet sync [6989]: shielded=true, unshielded=true, dust=false
[11:14:19.627] INFO (17898): Wallet sync [6990]: shielded=true, unshielded=true, dust=false
[11:14:19.683] INFO (17898): Wallet sync [6991]: shielded=true, unshielded=true, dust=false
[11:14:19.752] INFO (17898): Wallet sync [6992]: shielded=true, unshielded=true, dust=false
[11:14:19.862] INFO (17898): Wallet sync [6993]: shielded=true, unshielded=true, dust=false
[11:14:19.953] INFO (17898): Wallet sync [6994]: shielded=true, unshielded=true, dust=false
[11:14:20.010] INFO (17898): Wallet sync [6995]: shielded=true, unshielded=true, dust=false
[11:14:20.059] INFO (17898): Wallet sync [6996]: shielded=true, unshielded=true, dust=false
[11:14:20.099] INFO (17898): Wallet sync [6997]: shielded=true, unshielded=true, dust=false
[11:14:20.152] INFO (17898): Wallet sync [6998]: shielded=true, unshielded=true, dust=false
[11:14:20.199] INFO (17898): Wallet sync [6999]: shielded=true, unshielded=true, dust=false
[11:14:20.260] INFO (17898): Wallet sync [7000]: shielded=true, unshielded=true, dust=false
[11:14:20.309] INFO (17898): Wallet sync [7001]: shielded=true, unshielded=true, dust=false
[11:14:20.366] INFO (17898): Wallet sync [7002]: shielded=true, unshielded=true, dust=false
[11:14:20.413] INFO (17898): Wallet sync [7003]: shielded=true, unshielded=true, dust=false
[11:14:20.491] INFO (17898): Wallet sync [7004]: shielded=true, unshielded=true, dust=false
[11:14:20.529] INFO (17898): Wallet sync [7005]: shielded=true, unshielded=true, dust=false
[11:14:20.566] INFO (17898): Wallet sync [7006]: shielded=true, unshielded=true, dust=false
[11:14:20.608] INFO (17898): Wallet sync [7007]: shielded=true, unshielded=true, dust=false
[11:14:20.654] INFO (17898): Wallet sync [7008]: shielded=true, unshielded=true, dust=false
[11:14:20.694] INFO (17898): Wallet sync [7009]: shielded=true, unshielded=true, dust=false
[11:14:20.733] INFO (17898): Wallet sync [7010]: shielded=true, unshielded=true, dust=false
[11:14:20.774] INFO (17898): Wallet sync [7011]: shielded=true, unshielded=true, dust=false
[11:14:20.808] INFO (17898): Wallet sync [7012]: shielded=true, unshielded=true, dust=false
[11:14:20.881] INFO (17898): Wallet sync [7013]: shielded=true, unshielded=true, dust=false
[11:14:20.914] INFO (17898): Wallet sync [7014]: shielded=true, unshielded=true, dust=false
[11:14:20.969] INFO (17898): Wallet sync [7015]: shielded=true, unshielded=true, dust=false
[11:14:21.005] INFO (17898): Wallet sync [7016]: shielded=true, unshielded=true, dust=false
[11:14:21.044] INFO (17898): Wallet sync [7017]: shielded=true, unshielded=true, dust=false
[11:14:21.086] INFO (17898): Wallet sync [7018]: shielded=true, unshielded=true, dust=false
[11:14:21.139] INFO (17898): Wallet sync [7019]: shielded=true, unshielded=true, dust=false
[11:14:21.182] INFO (17898): Wallet sync [7020]: shielded=true, unshielded=true, dust=false
[11:14:21.245] INFO (17898): Wallet sync [7021]: shielded=true, unshielded=true, dust=false
[11:14:21.280] INFO (17898): Wallet sync [7022]: shielded=true, unshielded=true, dust=false
[11:14:21.322] INFO (17898): Wallet sync [7023]: shielded=true, unshielded=true, dust=false
[11:14:21.388] INFO (17898): Wallet sync [7024]: shielded=true, unshielded=true, dust=false
[11:14:21.461] INFO (17898): Wallet sync [7025]: shielded=true, unshielded=true, dust=false
[11:14:21.522] INFO (17898): Wallet sync [7026]: shielded=true, unshielded=true, dust=false
[11:14:21.558] INFO (17898): Wallet sync [7027]: shielded=true, unshielded=true, dust=false
[11:14:21.604] INFO (17898): Wallet sync [7028]: shielded=true, unshielded=true, dust=false
[11:14:21.642] INFO (17898): Wallet sync [7029]: shielded=true, unshielded=true, dust=false
[11:14:21.677] INFO (17898): Wallet sync [7030]: shielded=true, unshielded=true, dust=false
[11:14:21.718] INFO (17898): Wallet sync [7031]: shielded=true, unshielded=true, dust=false
[11:14:21.751] INFO (17898): Wallet sync [7032]: shielded=true, unshielded=true, dust=false
[11:14:21.789] INFO (17898): Wallet sync [7033]: shielded=true, unshielded=true, dust=false
[11:14:21.831] INFO (17898): Wallet sync [7034]: shielded=true, unshielded=true, dust=false
[11:14:21.865] INFO (17898): Wallet sync [7035]: shielded=true, unshielded=true, dust=false
[11:14:21.901] INFO (17898): Wallet sync [7036]: shielded=true, unshielded=true, dust=false
[11:14:21.966] INFO (17898): Wallet sync [7037]: shielded=true, unshielded=true, dust=false
[11:14:22.009] INFO (17898): Wallet sync [7038]: shielded=true, unshielded=true, dust=false
[11:14:22.047] INFO (17898): Wallet sync [7039]: shielded=true, unshielded=true, dust=false
[11:14:22.079] INFO (17898): Wallet sync [7040]: shielded=true, unshielded=true, dust=false
[11:14:22.141] INFO (17898): Wallet sync [7041]: shielded=true, unshielded=true, dust=false
[11:14:22.179] INFO (17898): Wallet sync [7042]: shielded=true, unshielded=true, dust=false
[11:14:22.212] INFO (17898): Wallet sync [7043]: shielded=true, unshielded=true, dust=false
[11:14:22.252] INFO (17898): Wallet sync [7044]: shielded=true, unshielded=true, dust=false
[11:14:22.298] INFO (17898): Wallet sync [7045]: shielded=true, unshielded=true, dust=false
[11:14:22.337] INFO (17898): Wallet sync [7046]: shielded=true, unshielded=true, dust=false
[11:14:22.408] INFO (17898): Wallet sync [7047]: shielded=true, unshielded=true, dust=false
[11:14:22.442] INFO (17898): Wallet sync [7048]: shielded=true, unshielded=true, dust=false
[11:14:22.479] INFO (17898): Wallet sync [7049]: shielded=true, unshielded=true, dust=false
[11:14:22.518] INFO (17898): Wallet sync [7050]: shielded=true, unshielded=true, dust=false
[11:14:22.552] INFO (17898): Wallet sync [7051]: shielded=true, unshielded=true, dust=false
[11:14:22.587] INFO (17898): Wallet sync [7052]: shielded=true, unshielded=true, dust=false
[11:14:22.623] INFO (17898): Wallet sync [7053]: shielded=true, unshielded=true, dust=false
[11:14:22.672] INFO (17898): Wallet sync [7054]: shielded=true, unshielded=true, dust=false
[11:14:22.718] INFO (17898): Wallet sync [7055]: shielded=true, unshielded=true, dust=false
[11:14:22.753] INFO (17898): Wallet sync [7056]: shielded=true, unshielded=true, dust=false
[11:14:22.824] INFO (17898): Wallet sync [7057]: shielded=true, unshielded=true, dust=false
[11:14:22.895] INFO (17898): Wallet sync [7058]: shielded=true, unshielded=true, dust=false
[11:14:22.956] INFO (17898): Wallet sync [7059]: shielded=true, unshielded=true, dust=false
[11:14:22.988] INFO (17898): Wallet sync [7060]: shielded=true, unshielded=true, dust=false
[11:14:23.044] INFO (17898): Wallet sync [7061]: shielded=true, unshielded=true, dust=false
[11:14:23.080] INFO (17898): Wallet sync [7062]: shielded=true, unshielded=true, dust=false
[11:14:23.116] INFO (17898): Wallet sync [7063]: shielded=true, unshielded=true, dust=false
[11:14:23.157] INFO (17898): Wallet sync [7064]: shielded=true, unshielded=true, dust=false
[11:14:23.192] INFO (17898): Wallet sync [7065]: shielded=true, unshielded=true, dust=false
[11:14:23.227] INFO (17898): Wallet sync [7066]: shielded=true, unshielded=true, dust=false
[11:14:23.277] INFO (17898): Wallet sync [7067]: shielded=true, unshielded=true, dust=false
[11:14:23.322] INFO (17898): Wallet sync [7068]: shielded=true, unshielded=true, dust=false
[11:14:23.360] INFO (17898): Wallet sync [7069]: shielded=true, unshielded=true, dust=false
[11:14:23.458] INFO (17898): Wallet sync [7070]: shielded=true, unshielded=true, dust=false
[11:14:23.501] INFO (17898): Wallet sync [7071]: shielded=true, unshielded=true, dust=false
[11:14:23.653] INFO (17898): Wallet sync [7072]: shielded=true, unshielded=true, dust=false
[11:14:23.696] INFO (17898): Wallet sync [7073]: shielded=true, unshielded=true, dust=false
[11:14:23.729] INFO (17898): Wallet sync [7074]: shielded=true, unshielded=true, dust=false
[11:14:23.765] INFO (17898): Wallet sync [7075]: shielded=true, unshielded=true, dust=false
[11:14:23.798] INFO (17898): Wallet sync [7076]: shielded=true, unshielded=true, dust=false
[11:14:23.841] INFO (17898): Wallet sync [7077]: shielded=true, unshielded=true, dust=false
[11:14:23.878] INFO (17898): Wallet sync [7078]: shielded=true, unshielded=true, dust=false
[11:14:23.913] INFO (17898): Wallet sync [7079]: shielded=true, unshielded=true, dust=false
[11:14:23.960] INFO (17898): Wallet sync [7080]: shielded=true, unshielded=true, dust=false
[11:14:24.024] INFO (17898): Wallet sync [7081]: shielded=true, unshielded=true, dust=false
[11:14:24.108] INFO (17898): Wallet sync [7082]: shielded=true, unshielded=true, dust=false
[11:14:24.180] INFO (17898): Wallet sync [7083]: shielded=true, unshielded=true, dust=false
[11:14:24.240] INFO (17898): Wallet sync [7084]: shielded=true, unshielded=true, dust=false
[11:14:24.277] INFO (17898): Wallet sync [7085]: shielded=true, unshielded=true, dust=false
[11:14:24.313] INFO (17898): Wallet sync [7086]: shielded=true, unshielded=true, dust=false
[11:14:24.355] INFO (17898): Wallet sync [7087]: shielded=true, unshielded=true, dust=false
[11:14:24.389] INFO (17898): Wallet sync [7088]: shielded=true, unshielded=true, dust=false
[11:14:24.426] INFO (17898): Wallet sync [7089]: shielded=true, unshielded=true, dust=false
[11:14:24.465] INFO (17898): Wallet sync [7090]: shielded=true, unshielded=true, dust=false
[11:14:24.498] INFO (17898): Wallet sync [7091]: shielded=true, unshielded=true, dust=false
[11:14:24.532] INFO (17898): Wallet sync [7092]: shielded=true, unshielded=true, dust=false
[11:14:24.587] INFO (17898): Wallet sync [7093]: shielded=true, unshielded=true, dust=false
[11:14:24.643] INFO (17898): Wallet sync [7094]: shielded=true, unshielded=true, dust=false
[11:14:24.681] INFO (17898): Wallet sync [7095]: shielded=true, unshielded=true, dust=false
[11:14:24.716] INFO (17898): Wallet sync [7096]: shielded=true, unshielded=true, dust=false
[11:14:24.757] INFO (17898): Wallet sync [7097]: shielded=true, unshielded=true, dust=false
[11:14:24.794] INFO (17898): Wallet sync [7098]: shielded=true, unshielded=true, dust=false
[11:14:24.828] INFO (17898): Wallet sync [7099]: shielded=true, unshielded=true, dust=false
[11:14:24.871] INFO (17898): Wallet sync [7100]: shielded=true, unshielded=true, dust=false
[11:14:24.907] INFO (17898): Wallet sync [7101]: shielded=true, unshielded=true, dust=false
[11:14:24.942] INFO (17898): Wallet sync [7102]: shielded=true, unshielded=true, dust=false
[11:14:24.980] INFO (17898): Wallet sync [7103]: shielded=true, unshielded=true, dust=false
[11:14:25.014] INFO (17898): Wallet sync [7104]: shielded=true, unshielded=true, dust=false
[11:14:25.079] INFO (17898): Wallet sync [7105]: shielded=true, unshielded=true, dust=false
[11:14:25.142] INFO (17898): Wallet sync [7106]: shielded=true, unshielded=true, dust=false
[11:14:25.211] INFO (17898): Wallet sync [7107]: shielded=true, unshielded=true, dust=false
[11:14:25.260] INFO (17898): Wallet sync [7108]: shielded=true, unshielded=true, dust=false
[11:14:25.308] INFO (17898): Wallet sync [7109]: shielded=true, unshielded=true, dust=false
[11:14:25.349] INFO (17898): Wallet sync [7110]: shielded=true, unshielded=true, dust=false
[11:14:25.386] INFO (17898): Wallet sync [7111]: shielded=true, unshielded=true, dust=false
[11:14:25.478] INFO (17898): Wallet sync [7112]: shielded=true, unshielded=true, dust=false
[11:14:25.637] INFO (17898): Wallet sync [7113]: shielded=true, unshielded=true, dust=false
[11:14:25.811] INFO (17898): Wallet sync [7114]: shielded=true, unshielded=true, dust=false
[11:14:25.827] INFO (17898): Wallet sync [7115]: shielded=true, unshielded=true, dust=false
[11:14:25.973] INFO (17898): Wallet sync [7116]: shielded=true, unshielded=true, dust=false
[11:14:26.084] INFO (17898): Wallet sync [7117]: shielded=true, unshielded=true, dust=false
[11:14:26.178] INFO (17898): Wallet sync [7118]: shielded=true, unshielded=true, dust=false
[11:14:26.316] INFO (17898): Wallet sync [7119]: shielded=true, unshielded=true, dust=false
[11:14:26.439] INFO (17898): Wallet sync [7120]: shielded=true, unshielded=true, dust=false
[11:14:26.538] INFO (17898): Wallet sync [7121]: shielded=true, unshielded=true, dust=false
[11:14:26.604] INFO (17898): Wallet sync [7122]: shielded=true, unshielded=true, dust=false
[11:14:26.745] INFO (17898): Wallet sync [7123]: shielded=true, unshielded=true, dust=false
[11:14:26.840] INFO (17898): Wallet sync [7124]: shielded=true, unshielded=true, dust=false
[11:14:26.920] INFO (17898): Wallet sync [7125]: shielded=true, unshielded=true, dust=false
[11:14:27.760] INFO (17898): Wallet sync [7126]: shielded=true, unshielded=true, dust=false
[11:14:27.936] INFO (17898): Wallet sync [7127]: shielded=true, unshielded=true, dust=false
[11:14:28.027] INFO (17898): Wallet sync [7128]: shielded=true, unshielded=true, dust=false
[11:14:28.214] INFO (17898): Wallet sync [7129]: shielded=true, unshielded=true, dust=false
[11:14:28.498] INFO (17898): Wallet sync [7130]: shielded=true, unshielded=true, dust=false
[11:14:28.776] INFO (17898): Wallet sync [7131]: shielded=true, unshielded=true, dust=false
[11:14:29.029] INFO (17898): Wallet sync [7132]: shielded=true, unshielded=true, dust=false
[11:14:29.239] INFO (17898): Wallet sync [7133]: shielded=true, unshielded=true, dust=false
[11:14:29.571] INFO (17898): Wallet sync [7134]: shielded=true, unshielded=true, dust=false
[11:14:29.747] INFO (17898): Wallet sync [7135]: shielded=true, unshielded=true, dust=false
[11:14:29.871] INFO (17898): Wallet sync [7136]: shielded=true, unshielded=true, dust=false
[11:14:29.990] INFO (17898): Wallet sync [7137]: shielded=true, unshielded=true, dust=false
[11:14:30.091] INFO (17898): Wallet sync [7138]: shielded=true, unshielded=true, dust=false
[11:14:30.148] INFO (17898): Wallet sync [7139]: shielded=true, unshielded=true, dust=false
[11:14:30.230] INFO (17898): Wallet sync [7140]: shielded=true, unshielded=true, dust=false
[11:14:30.339] INFO (17898): Wallet sync [7141]: shielded=true, unshielded=true, dust=false
[11:14:30.411] INFO (17898): Wallet sync [7142]: shielded=true, unshielded=true, dust=false
[11:14:30.476] INFO (17898): Wallet sync [7143]: shielded=true, unshielded=true, dust=false
[11:14:30.544] INFO (17898): Wallet sync [7144]: shielded=true, unshielded=true, dust=false
[11:14:30.754] INFO (17898): Wallet sync [7145]: shielded=true, unshielded=true, dust=false
[11:14:31.163] INFO (17898): Wallet sync [7146]: shielded=true, unshielded=true, dust=false
[11:14:31.240] INFO (17898): Wallet sync [7147]: shielded=true, unshielded=true, dust=false
[11:14:31.291] INFO (17898): Wallet sync [7148]: shielded=true, unshielded=true, dust=false
[11:14:31.349] INFO (17898): Wallet sync [7149]: shielded=true, unshielded=true, dust=false
[11:14:31.443] INFO (17898): Wallet sync [7150]: shielded=true, unshielded=true, dust=false
[11:14:31.515] INFO (17898): Wallet sync [7151]: shielded=true, unshielded=true, dust=false
[11:14:31.708] INFO (17898): Wallet sync [7152]: shielded=true, unshielded=true, dust=false
[11:14:31.815] INFO (17898): Wallet sync [7153]: shielded=true, unshielded=true, dust=false
[11:14:31.900] INFO (17898): Wallet sync [7154]: shielded=true, unshielded=true, dust=false
[11:14:32.012] INFO (17898): Wallet sync [7155]: shielded=true, unshielded=true, dust=false
[11:14:32.150] INFO (17898): Wallet sync [7156]: shielded=true, unshielded=true, dust=false
[11:14:32.268] INFO (17898): Wallet sync [7157]: shielded=true, unshielded=true, dust=false
[11:14:32.377] INFO (17898): Wallet sync [7158]: shielded=true, unshielded=true, dust=false
[11:14:32.479] INFO (17898): Wallet sync [7159]: shielded=true, unshielded=true, dust=false
[11:14:32.541] INFO (17898): Wallet sync [7160]: shielded=true, unshielded=true, dust=false
[11:14:32.639] INFO (17898): Wallet sync [7161]: shielded=true, unshielded=true, dust=false
[11:14:32.723] INFO (17898): Wallet sync [7162]: shielded=true, unshielded=true, dust=false
[11:14:32.857] INFO (17898): Wallet sync [7163]: shielded=true, unshielded=true, dust=false
[11:14:33.008] INFO (17898): Wallet sync [7164]: shielded=true, unshielded=true, dust=false
[11:14:33.125] INFO (17898): Wallet sync [7165]: shielded=true, unshielded=true, dust=false
[11:14:33.227] INFO (17898): Wallet sync [7166]: shielded=true, unshielded=true, dust=false
[11:14:33.316] INFO (17898): Wallet sync [7167]: shielded=true, unshielded=true, dust=false
[11:14:33.407] INFO (17898): Wallet sync [7168]: shielded=true, unshielded=true, dust=false
[11:14:33.575] INFO (17898): Wallet sync [7169]: shielded=true, unshielded=true, dust=false
[11:14:33.680] INFO (17898): Wallet sync [7170]: shielded=true, unshielded=true, dust=false
[11:14:33.838] INFO (17898): Wallet sync [7171]: shielded=true, unshielded=true, dust=false
[11:14:33.929] INFO (17898): Wallet sync [7172]: shielded=true, unshielded=true, dust=false
[11:14:34.089] INFO (17898): Wallet sync [7173]: shielded=true, unshielded=true, dust=false
[11:14:34.221] INFO (17898): Wallet sync [7174]: shielded=true, unshielded=true, dust=false
[11:14:34.335] INFO (17898): Wallet sync [7175]: shielded=true, unshielded=true, dust=false
[11:14:34.478] INFO (17898): Wallet sync [7176]: shielded=true, unshielded=true, dust=false
[11:14:34.544] INFO (17898): Wallet sync [7177]: shielded=true, unshielded=true, dust=false
[11:14:34.607] INFO (17898): Wallet sync [7178]: shielded=true, unshielded=true, dust=false
[11:14:34.696] INFO (17898): Wallet sync [7179]: shielded=true, unshielded=true, dust=false
[11:14:34.761] INFO (17898): Wallet sync [7180]: shielded=true, unshielded=true, dust=false
[11:14:34.838] INFO (17898): Wallet sync [7181]: shielded=true, unshielded=true, dust=false
[11:14:34.940] INFO (17898): Wallet sync [7182]: shielded=true, unshielded=true, dust=false
[11:14:35.042] INFO (17898): Wallet sync [7183]: shielded=true, unshielded=true, dust=false
[11:14:35.148] INFO (17898): Wallet sync [7184]: shielded=true, unshielded=true, dust=false
[11:14:35.435] INFO (17898): Wallet sync [7185]: shielded=true, unshielded=true, dust=false
[11:14:35.806] INFO (17898): Wallet sync [7186]: shielded=true, unshielded=true, dust=false
[11:14:35.880] INFO (17898): Wallet sync [7187]: shielded=true, unshielded=true, dust=false
[11:14:35.969] INFO (17898): Wallet sync [7188]: shielded=true, unshielded=true, dust=false
[11:14:36.087] INFO (17898): Wallet sync [7189]: shielded=true, unshielded=true, dust=false
[11:14:36.172] INFO (17898): Wallet sync [7190]: shielded=true, unshielded=true, dust=false
[11:14:36.218] INFO (17898): Wallet sync [7191]: shielded=true, unshielded=true, dust=false
[11:14:36.293] INFO (17898): Wallet sync [7192]: shielded=true, unshielded=true, dust=false
[11:14:36.345] INFO (17898): Wallet sync [7193]: shielded=true, unshielded=true, dust=false
[11:14:36.402] INFO (17898): Wallet sync [7194]: shielded=true, unshielded=true, dust=false
[11:14:36.541] INFO (17898): Wallet sync [7195]: shielded=true, unshielded=true, dust=false
[11:14:36.634] INFO (17898): Wallet sync [7196]: shielded=true, unshielded=true, dust=false
[11:14:36.691] INFO (17898): Wallet sync [7197]: shielded=true, unshielded=true, dust=false
[11:14:36.766] INFO (17898): Wallet sync [7198]: shielded=true, unshielded=true, dust=false
[11:14:36.807] INFO (17898): Wallet sync [7199]: shielded=true, unshielded=true, dust=false
[11:14:36.867] INFO (17898): Wallet sync [7200]: shielded=true, unshielded=true, dust=false
[11:14:36.924] INFO (17898): Wallet sync [7201]: shielded=true, unshielded=true, dust=false
[11:14:36.972] INFO (17898): Wallet sync [7202]: shielded=true, unshielded=true, dust=false
[11:14:37.049] INFO (17898): Wallet sync [7203]: shielded=true, unshielded=true, dust=false
[11:14:37.099] INFO (17898): Wallet sync [7204]: shielded=true, unshielded=true, dust=false
[11:14:37.194] INFO (17898): Wallet sync [7205]: shielded=true, unshielded=true, dust=false
[11:14:37.299] INFO (17898): Wallet sync [7206]: shielded=true, unshielded=true, dust=false
[11:14:37.350] INFO (17898): Wallet sync [7207]: shielded=true, unshielded=true, dust=false
[11:14:37.432] INFO (17898): Wallet sync [7208]: shielded=true, unshielded=true, dust=false
[11:14:37.516] INFO (17898): Wallet sync [7209]: shielded=true, unshielded=true, dust=false
[11:14:37.721] INFO (17898): Wallet sync [7210]: shielded=true, unshielded=true, dust=false
[11:14:37.791] INFO (17898): Wallet sync [7211]: shielded=true, unshielded=true, dust=false
[11:14:37.831] INFO (17898): Wallet sync [7212]: shielded=true, unshielded=true, dust=false
[11:14:37.887] INFO (17898): Wallet sync [7213]: shielded=true, unshielded=true, dust=false
[11:14:37.960] INFO (17898): Wallet sync [7214]: shielded=true, unshielded=true, dust=false
[11:14:38.002] INFO (17898): Wallet sync [7215]: shielded=true, unshielded=true, dust=false
[11:14:38.085] INFO (17898): Wallet sync [7216]: shielded=true, unshielded=true, dust=false
[11:14:38.138] INFO (17898): Wallet sync [7217]: shielded=true, unshielded=true, dust=false
[11:14:38.229] INFO (17898): Wallet sync [7218]: shielded=true, unshielded=true, dust=false
[11:14:38.329] INFO (17898): Wallet sync [7219]: shielded=true, unshielded=true, dust=false
[11:14:38.381] INFO (17898): Wallet sync [7220]: shielded=true, unshielded=true, dust=false
[11:14:38.444] INFO (17898): Wallet sync [7221]: shielded=true, unshielded=true, dust=false
[11:14:38.477] INFO (17898): Wallet sync [7222]: shielded=true, unshielded=true, dust=false
[11:14:38.532] INFO (17898): Wallet sync [7223]: shielded=true, unshielded=true, dust=false
[11:14:38.602] INFO (17898): Wallet sync [7224]: shielded=true, unshielded=true, dust=false
[11:14:38.648] INFO (17898): Wallet sync [7225]: shielded=true, unshielded=true, dust=false
[11:14:38.708] INFO (17898): Wallet sync [7226]: shielded=true, unshielded=true, dust=false
[11:14:38.777] INFO (17898): Wallet sync [7227]: shielded=true, unshielded=true, dust=false
[11:14:38.824] INFO (17898): Wallet sync [7228]: shielded=true, unshielded=true, dust=false
[11:14:38.866] INFO (17898): Wallet sync [7229]: shielded=true, unshielded=true, dust=false
[11:14:38.903] INFO (17898): Wallet sync [7230]: shielded=true, unshielded=true, dust=false
[11:14:38.988] INFO (17898): Wallet sync [7231]: shielded=true, unshielded=true, dust=false
[11:14:39.068] INFO (17898): Wallet sync [7232]: shielded=true, unshielded=true, dust=false
[11:14:39.131] INFO (17898): Wallet sync [7233]: shielded=true, unshielded=true, dust=false
[11:14:39.205] INFO (17898): Wallet sync [7234]: shielded=true, unshielded=true, dust=false
[11:14:39.266] INFO (17898): Wallet sync [7235]: shielded=true, unshielded=true, dust=false
[11:14:39.468] INFO (17898): Wallet sync [7236]: shielded=true, unshielded=true, dust=false
[11:14:39.583] INFO (17898): Wallet sync [7237]: shielded=true, unshielded=true, dust=false
[11:14:39.629] INFO (17898): Wallet sync [7238]: shielded=true, unshielded=true, dust=false
[11:14:39.680] INFO (17898): Wallet sync [7239]: shielded=true, unshielded=true, dust=false
[11:14:39.732] INFO (17898): Wallet sync [7240]: shielded=true, unshielded=true, dust=false
[11:14:39.774] INFO (17898): Wallet sync [7241]: shielded=true, unshielded=true, dust=false
[11:14:39.878] INFO (17898): Wallet sync [7242]: shielded=true, unshielded=true, dust=false
[11:14:39.934] INFO (17898): Wallet sync [7243]: shielded=true, unshielded=true, dust=false
[11:14:39.988] INFO (17898): Wallet sync [7244]: shielded=true, unshielded=true, dust=false
[11:14:40.036] INFO (17898): Wallet sync [7245]: shielded=true, unshielded=true, dust=false
[11:14:40.078] INFO (17898): Wallet sync [7246]: shielded=true, unshielded=true, dust=false
[11:14:40.120] INFO (17898): Wallet sync [7247]: shielded=true, unshielded=true, dust=false
[11:14:40.160] INFO (17898): Wallet sync [7248]: shielded=true, unshielded=true, dust=false
[11:14:40.219] INFO (17898): Wallet sync [7249]: shielded=true, unshielded=true, dust=false
[11:14:40.341] INFO (17898): Wallet sync [7250]: shielded=true, unshielded=true, dust=false
[11:14:40.449] INFO (17898): Wallet sync [7251]: shielded=true, unshielded=true, dust=false
[11:14:40.500] INFO (17898): Wallet sync [7252]: shielded=true, unshielded=true, dust=false
[11:14:40.576] INFO (17898): Wallet sync [7253]: shielded=true, unshielded=true, dust=false
[11:14:40.655] INFO (17898): Wallet sync [7254]: shielded=true, unshielded=true, dust=false
[11:14:40.702] INFO (17898): Wallet sync [7255]: shielded=true, unshielded=true, dust=false
[11:14:40.761] INFO (17898): Wallet sync [7256]: shielded=true, unshielded=true, dust=false
[11:14:40.816] INFO (17898): Wallet sync [7257]: shielded=true, unshielded=true, dust=false
[11:14:40.865] INFO (17898): Wallet sync [7258]: shielded=true, unshielded=true, dust=false
[11:14:40.902] INFO (17898): Wallet sync [7259]: shielded=true, unshielded=true, dust=false
[11:14:40.958] INFO (17898): Wallet sync [7260]: shielded=true, unshielded=true, dust=false
[11:14:41.017] INFO (17898): Wallet sync [7261]: shielded=true, unshielded=true, dust=false
[11:14:41.091] INFO (17898): Wallet sync [7262]: shielded=true, unshielded=true, dust=false
[11:14:41.171] INFO (17898): Wallet sync [7263]: shielded=true, unshielded=true, dust=false
[11:14:41.208] INFO (17898): Wallet sync [7264]: shielded=true, unshielded=true, dust=false
[11:14:41.246] INFO (17898): Wallet sync [7265]: shielded=true, unshielded=true, dust=false
[11:14:41.353] INFO (17898): Wallet sync [7266]: shielded=true, unshielded=true, dust=false
[11:14:41.397] INFO (17898): Wallet sync [7267]: shielded=true, unshielded=true, dust=false
[11:14:41.438] INFO (17898): Wallet sync [7268]: shielded=true, unshielded=true, dust=false
[11:14:41.481] INFO (17898): Wallet sync [7269]: shielded=true, unshielded=true, dust=false
[11:14:41.570] INFO (17898): Wallet sync [7270]: shielded=true, unshielded=true, dust=false
[11:14:41.634] INFO (17898): Wallet sync [7271]: shielded=true, unshielded=true, dust=false
[11:14:41.699] INFO (17898): Wallet sync [7272]: shielded=true, unshielded=true, dust=false
[11:14:41.765] INFO (17898): Wallet sync [7273]: shielded=true, unshielded=true, dust=false
[11:14:41.828] INFO (17898): Wallet sync [7274]: shielded=true, unshielded=true, dust=false
[11:14:41.886] INFO (17898): Wallet sync [7275]: shielded=true, unshielded=true, dust=false
[11:14:41.950] INFO (17898): Wallet sync [7276]: shielded=true, unshielded=true, dust=false
[11:14:42.022] INFO (17898): Wallet sync [7277]: shielded=true, unshielded=true, dust=false
[11:14:42.119] INFO (17898): Wallet sync [7278]: shielded=true, unshielded=true, dust=false
[11:14:42.186] INFO (17898): Wallet sync [7279]: shielded=true, unshielded=true, dust=false
[11:14:42.239] INFO (17898): Wallet sync [7280]: shielded=true, unshielded=true, dust=false
[11:14:42.291] INFO (17898): Wallet sync [7281]: shielded=true, unshielded=true, dust=false
[11:14:42.350] INFO (17898): Wallet sync [7282]: shielded=true, unshielded=true, dust=false
[11:14:42.453] INFO (17898): Wallet sync [7283]: shielded=true, unshielded=true, dust=false
[11:14:42.514] INFO (17898): Wallet sync [7284]: shielded=true, unshielded=true, dust=false
[11:14:42.583] INFO (17898): Wallet sync [7285]: shielded=true, unshielded=true, dust=false
[11:14:42.632] INFO (17898): Wallet sync [7286]: shielded=true, unshielded=true, dust=false
[11:14:42.674] INFO (17898): Wallet sync [7287]: shielded=true, unshielded=true, dust=false
[11:14:42.718] INFO (17898): Wallet sync [7288]: shielded=true, unshielded=true, dust=false
[11:14:42.778] INFO (17898): Wallet sync [7289]: shielded=true, unshielded=true, dust=false
[11:14:42.827] INFO (17898): Wallet sync [7290]: shielded=true, unshielded=true, dust=false
[11:14:42.917] INFO (17898): Wallet sync [7291]: shielded=true, unshielded=true, dust=false
[11:14:42.959] INFO (17898): Wallet sync [7292]: shielded=true, unshielded=true, dust=false
[11:14:43.002] INFO (17898): Wallet sync [7293]: shielded=true, unshielded=true, dust=false
[11:14:43.071] INFO (17898): Wallet sync [7294]: shielded=true, unshielded=true, dust=false
[11:14:43.128] INFO (17898): Wallet sync [7295]: shielded=true, unshielded=true, dust=false
[11:14:43.201] INFO (17898): Wallet sync [7296]: shielded=true, unshielded=true, dust=false
[11:14:43.273] INFO (17898): Wallet sync [7297]: shielded=true, unshielded=true, dust=false
[11:14:43.316] INFO (17898): Wallet sync [7298]: shielded=true, unshielded=true, dust=false
[11:14:43.361] INFO (17898): Wallet sync [7299]: shielded=true, unshielded=true, dust=false
[11:14:43.405] INFO (17898): Wallet sync [7300]: shielded=true, unshielded=true, dust=false
[11:14:43.453] INFO (17898): Wallet sync [7301]: shielded=true, unshielded=true, dust=false
[11:14:43.549] INFO (17898): Wallet sync [7302]: shielded=true, unshielded=true, dust=false
[11:14:43.624] INFO (17898): Wallet sync [7303]: shielded=true, unshielded=true, dust=false
[11:14:43.667] INFO (17898): Wallet sync [7304]: shielded=true, unshielded=true, dust=false
[11:14:43.731] INFO (17898): Wallet sync [7305]: shielded=true, unshielded=true, dust=false
[11:14:43.788] INFO (17898): Wallet sync [7306]: shielded=true, unshielded=true, dust=false
[11:14:43.851] INFO (17898): Wallet sync [7307]: shielded=true, unshielded=true, dust=false
[11:14:43.910] INFO (17898): Wallet sync [7308]: shielded=true, unshielded=true, dust=false
[11:14:43.991] INFO (17898): Wallet sync [7309]: shielded=true, unshielded=true, dust=false
[11:14:44.056] INFO (17898): Wallet sync [7310]: shielded=true, unshielded=true, dust=false
[11:14:44.122] INFO (17898): Wallet sync [7311]: shielded=true, unshielded=true, dust=false
[11:14:44.169] INFO (17898): Wallet sync [7312]: shielded=true, unshielded=true, dust=false
[11:14:44.238] INFO (17898): Wallet sync [7313]: shielded=true, unshielded=true, dust=false
[11:14:44.308] INFO (17898): Wallet sync [7314]: shielded=true, unshielded=true, dust=false
[11:14:44.388] INFO (17898): Wallet sync [7315]: shielded=true, unshielded=true, dust=false
[11:14:44.497] INFO (17898): Wallet sync [7316]: shielded=true, unshielded=true, dust=false
[11:14:44.536] INFO (17898): Wallet sync [7317]: shielded=true, unshielded=true, dust=false
[11:14:44.585] INFO (17898): Wallet sync [7318]: shielded=true, unshielded=true, dust=false
[11:14:44.653] INFO (17898): Wallet sync [7319]: shielded=true, unshielded=true, dust=false
[11:14:44.696] INFO (17898): Wallet sync [7320]: shielded=true, unshielded=true, dust=false
[11:14:44.734] INFO (17898): Wallet sync [7321]: shielded=true, unshielded=true, dust=false
[11:14:44.790] INFO (17898): Wallet sync [7322]: shielded=true, unshielded=true, dust=false
[11:14:44.849] INFO (17898): Wallet sync [7323]: shielded=true, unshielded=true, dust=false
[11:14:44.911] INFO (17898): Wallet sync [7324]: shielded=true, unshielded=true, dust=false
[11:14:44.974] INFO (17898): Wallet sync [7325]: shielded=true, unshielded=true, dust=false
[11:14:45.034] INFO (17898): Wallet sync [7326]: shielded=true, unshielded=true, dust=false
[11:14:45.095] INFO (17898): Wallet sync [7327]: shielded=true, unshielded=true, dust=false
[11:14:45.203] INFO (17898): Wallet sync [7328]: shielded=true, unshielded=true, dust=false
[11:14:45.303] INFO (17898): Wallet sync [7329]: shielded=true, unshielded=true, dust=false
[11:14:45.363] INFO (17898): Wallet sync [7330]: shielded=true, unshielded=true, dust=false
[11:14:45.413] INFO (17898): Wallet sync [7331]: shielded=true, unshielded=true, dust=false
[11:14:45.465] INFO (17898): Wallet sync [7332]: shielded=true, unshielded=true, dust=false
[11:14:45.504] INFO (17898): Wallet sync [7333]: shielded=true, unshielded=true, dust=false
[11:14:45.557] INFO (17898): Wallet sync [7334]: shielded=true, unshielded=true, dust=false
[11:14:45.633] INFO (17898): Wallet sync [7335]: shielded=true, unshielded=true, dust=false
[11:14:45.696] INFO (17898): Wallet sync [7336]: shielded=true, unshielded=true, dust=false
[11:14:45.749] INFO (17898): Wallet sync [7337]: shielded=true, unshielded=true, dust=false
[11:14:45.800] INFO (17898): Wallet sync [7338]: shielded=true, unshielded=true, dust=false
[11:14:45.865] INFO (17898): Wallet sync [7339]: shielded=true, unshielded=true, dust=false
[11:14:45.903] INFO (17898): Wallet sync [7340]: shielded=true, unshielded=true, dust=false
[11:14:45.941] INFO (17898): Wallet sync [7341]: shielded=true, unshielded=true, dust=false
[11:14:46.043] INFO (17898): Wallet sync [7342]: shielded=true, unshielded=true, dust=false
[11:14:46.140] INFO (17898): Wallet sync [7343]: shielded=true, unshielded=true, dust=false
[11:14:46.238] INFO (17898): Wallet sync [7344]: shielded=true, unshielded=true, dust=false
[11:14:46.381] INFO (17898): Wallet sync [7345]: shielded=true, unshielded=true, dust=false
[11:14:46.497] INFO (17898): Wallet sync [7346]: shielded=true, unshielded=true, dust=false
[11:14:46.603] INFO (17898): Wallet sync [7347]: shielded=true, unshielded=true, dust=false
[11:14:46.710] INFO (17898): Wallet sync [7348]: shielded=true, unshielded=true, dust=false
[11:14:46.824] INFO (17898): Wallet sync [7349]: shielded=true, unshielded=true, dust=false
[11:14:46.923] INFO (17898): Wallet sync [7350]: shielded=true, unshielded=true, dust=false
[11:14:47.032] INFO (17898): Wallet sync [7351]: shielded=true, unshielded=true, dust=false
[11:14:47.135] INFO (17898): Wallet sync [7352]: shielded=true, unshielded=true, dust=false
[11:14:47.197] INFO (17898): Wallet sync [7353]: shielded=true, unshielded=true, dust=false
[11:14:47.256] INFO (17898): Wallet sync [7354]: shielded=true, unshielded=true, dust=false
[11:14:47.324] INFO (17898): Wallet sync [7355]: shielded=true, unshielded=true, dust=false
[11:14:47.425] INFO (17898): Wallet sync [7356]: shielded=true, unshielded=true, dust=false
[11:14:47.551] INFO (17898): Wallet sync [7357]: shielded=true, unshielded=true, dust=false
[11:14:47.691] INFO (17898): Wallet sync [7358]: shielded=true, unshielded=true, dust=false
[11:14:47.781] INFO (17898): Wallet sync [7359]: shielded=true, unshielded=true, dust=false
[11:14:47.851] INFO (17898): Wallet sync [7360]: shielded=true, unshielded=true, dust=false
[11:14:47.944] INFO (17898): Wallet sync [7361]: shielded=true, unshielded=true, dust=false
[11:14:48.046] INFO (17898): Wallet sync [7362]: shielded=true, unshielded=true, dust=false
[11:14:48.153] INFO (17898): Wallet sync [7363]: shielded=true, unshielded=true, dust=false
[11:14:48.257] INFO (17898): Wallet sync [7364]: shielded=true, unshielded=true, dust=false
[11:14:48.378] INFO (17898): Wallet sync [7365]: shielded=true, unshielded=true, dust=false
[11:14:48.464] INFO (17898): Wallet sync [7366]: shielded=true, unshielded=true, dust=false
[11:14:48.541] INFO (17898): Wallet sync [7367]: shielded=true, unshielded=true, dust=false
[11:14:48.601] INFO (17898): Wallet sync [7368]: shielded=true, unshielded=true, dust=false
[11:14:48.660] INFO (17898): Wallet sync [7369]: shielded=true, unshielded=true, dust=false
[11:14:48.709] INFO (17898): Wallet sync [7370]: shielded=true, unshielded=true, dust=false
[11:14:48.768] INFO (17898): Wallet sync [7371]: shielded=true, unshielded=true, dust=false
[11:14:48.820] INFO (17898): Wallet sync [7372]: shielded=true, unshielded=true, dust=false
[11:14:48.870] INFO (17898): Wallet sync [7373]: shielded=true, unshielded=true, dust=false
[11:14:48.930] INFO (17898): Wallet sync [7374]: shielded=true, unshielded=true, dust=false
[11:14:49.000] INFO (17898): Wallet sync [7375]: shielded=true, unshielded=true, dust=false
[11:14:49.103] INFO (17898): Wallet sync [7376]: shielded=true, unshielded=true, dust=false
[11:14:49.167] INFO (17898): Wallet sync [7377]: shielded=true, unshielded=true, dust=false
[11:14:49.241] INFO (17898): Wallet sync [7378]: shielded=true, unshielded=true, dust=false
[11:14:49.285] INFO (17898): Wallet sync [7379]: shielded=true, unshielded=true, dust=false
[11:14:49.357] INFO (17898): Wallet sync [7380]: shielded=true, unshielded=true, dust=false
[11:14:49.398] INFO (17898): Wallet sync [7381]: shielded=true, unshielded=true, dust=false
[11:14:49.435] INFO (17898): Wallet sync [7382]: shielded=true, unshielded=true, dust=false
[11:14:49.490] INFO (17898): Wallet sync [7383]: shielded=true, unshielded=true, dust=false
[11:14:49.535] INFO (17898): Wallet sync [7384]: shielded=true, unshielded=true, dust=false
[11:14:49.594] INFO (17898): Wallet sync [7385]: shielded=true, unshielded=true, dust=false
[11:14:49.651] INFO (17898): Wallet sync [7386]: shielded=true, unshielded=true, dust=false
[11:14:49.692] INFO (17898): Wallet sync [7387]: shielded=true, unshielded=true, dust=false
[11:14:49.738] INFO (17898): Wallet sync [7388]: shielded=true, unshielded=true, dust=false
[11:14:49.780] INFO (17898): Wallet sync [7389]: shielded=true, unshielded=true, dust=false
[11:14:49.877] INFO (17898): Wallet sync [7390]: shielded=true, unshielded=true, dust=false
[11:14:49.994] INFO (17898): Wallet sync [7391]: shielded=true, unshielded=true, dust=false
[11:14:50.061] INFO (17898): Wallet sync [7392]: shielded=true, unshielded=true, dust=false
[11:14:50.137] INFO (17898): Wallet sync [7393]: shielded=true, unshielded=true, dust=false
[11:14:50.172] INFO (17898): Wallet sync [7394]: shielded=true, unshielded=true, dust=false
[11:14:50.213] INFO (17898): Wallet sync [7395]: shielded=true, unshielded=true, dust=false
[11:14:50.262] INFO (17898): Wallet sync [7396]: shielded=true, unshielded=true, dust=false
[11:14:50.305] INFO (17898): Wallet sync [7397]: shielded=true, unshielded=true, dust=false
[11:14:50.354] INFO (17898): Wallet sync [7398]: shielded=true, unshielded=true, dust=false
[11:14:50.441] INFO (17898): Wallet sync [7399]: shielded=true, unshielded=true, dust=false
[11:14:50.486] INFO (17898): Wallet sync [7400]: shielded=true, unshielded=true, dust=false
[11:14:50.554] INFO (17898): Wallet sync [7401]: shielded=true, unshielded=true, dust=false
[11:14:50.620] INFO (17898): Wallet sync [7402]: shielded=true, unshielded=true, dust=false
[11:14:50.709] INFO (17898): Wallet sync [7403]: shielded=true, unshielded=true, dust=false
[11:14:50.800] INFO (17898): Wallet sync [7404]: shielded=true, unshielded=true, dust=false
[11:14:51.017] INFO (17898): Wallet sync [7405]: shielded=true, unshielded=true, dust=false
[11:14:51.112] INFO (17898): Wallet sync [7406]: shielded=true, unshielded=true, dust=false
[11:14:51.296] INFO (17898): Wallet sync [7407]: shielded=true, unshielded=true, dust=false
[11:14:51.435] INFO (17898): Wallet sync [7408]: shielded=true, unshielded=true, dust=false
[11:14:51.627] INFO (17898): Wallet sync [7409]: shielded=true, unshielded=true, dust=false
[11:14:51.844] INFO (17898): Wallet sync [7410]: shielded=true, unshielded=true, dust=false
[11:14:51.984] INFO (17898): Wallet sync [7411]: shielded=true, unshielded=true, dust=false
[11:14:52.106] INFO (17898): Wallet sync [7412]: shielded=true, unshielded=true, dust=false
[11:14:52.209] INFO (17898): Wallet sync [7413]: shielded=true, unshielded=true, dust=false
[11:14:52.353] INFO (17898): Wallet sync [7414]: shielded=true, unshielded=true, dust=false
[11:14:52.519] INFO (17898): Wallet sync [7415]: shielded=true, unshielded=true, dust=false
[11:14:52.764] INFO (17898): Wallet sync [7416]: shielded=true, unshielded=true, dust=false
[11:14:52.909] INFO (17898): Wallet sync [7417]: shielded=true, unshielded=true, dust=false
[11:14:53.021] INFO (17898): Wallet sync [7418]: shielded=true, unshielded=true, dust=false
[11:14:53.193] INFO (17898): Wallet sync [7419]: shielded=true, unshielded=true, dust=false
[11:14:53.329] INFO (17898): Wallet sync [7420]: shielded=true, unshielded=true, dust=false
[11:14:53.462] INFO (17898): Wallet sync [7421]: shielded=true, unshielded=true, dust=false
[11:14:53.548] INFO (17898): Wallet sync [7422]: shielded=true, unshielded=true, dust=false
[11:14:53.622] INFO (17898): Wallet sync [7423]: shielded=true, unshielded=true, dust=false
[11:14:53.735] INFO (17898): Wallet sync [7424]: shielded=true, unshielded=true, dust=false
[11:14:53.836] INFO (17898): Wallet sync [7425]: shielded=true, unshielded=true, dust=false
[11:14:53.925] INFO (17898): Wallet sync [7426]: shielded=true, unshielded=true, dust=false
[11:14:54.035] INFO (17898): Wallet sync [7427]: shielded=true, unshielded=true, dust=false
[11:14:54.113] INFO (17898): Wallet sync [7428]: shielded=true, unshielded=true, dust=false
[11:14:54.203] INFO (17898): Wallet sync [7429]: shielded=true, unshielded=true, dust=false
[11:14:54.288] INFO (17898): Wallet sync [7430]: shielded=true, unshielded=true, dust=false
[11:14:54.413] INFO (17898): Wallet sync [7431]: shielded=true, unshielded=true, dust=false
[11:14:54.496] INFO (17898): Wallet sync [7432]: shielded=true, unshielded=true, dust=false
[11:14:54.606] INFO (17898): Wallet sync [7433]: shielded=true, unshielded=true, dust=false
[11:14:54.705] INFO (17898): Wallet sync [7434]: shielded=true, unshielded=true, dust=false
[11:14:54.815] INFO (17898): Wallet sync [7435]: shielded=true, unshielded=true, dust=false
[11:14:54.934] INFO (17898): Wallet sync [7436]: shielded=true, unshielded=true, dust=false
[11:14:55.038] INFO (17898): Wallet sync [7437]: shielded=true, unshielded=true, dust=false
[11:14:55.141] INFO (17898): Wallet sync [7438]: shielded=true, unshielded=true, dust=false
[11:14:55.253] INFO (17898): Wallet sync [7439]: shielded=true, unshielded=true, dust=false
[11:14:55.369] INFO (17898): Wallet sync [7440]: shielded=true, unshielded=true, dust=false
[11:14:55.434] INFO (17898): Wallet sync [7441]: shielded=true, unshielded=true, dust=false
[11:14:55.504] INFO (17898): Wallet sync [7442]: shielded=true, unshielded=true, dust=false
[11:14:55.795] INFO (17898): Wallet sync [7443]: shielded=true, unshielded=true, dust=false
[11:14:55.826] INFO (17898): Wallet sync [7444]: shielded=true, unshielded=true, dust=false
[11:14:56.041] INFO (17898): Wallet sync [7445]: shielded=true, unshielded=true, dust=false
[11:14:56.128] INFO (17898): Wallet sync [7446]: shielded=true, unshielded=true, dust=false
[11:14:56.208] INFO (17898): Wallet sync [7447]: shielded=true, unshielded=true, dust=false
[11:14:56.381] INFO (17898): Wallet sync [7448]: shielded=true, unshielded=true, dust=false
[11:14:56.442] INFO (17898): Wallet sync [7449]: shielded=true, unshielded=true, dust=false
[11:14:56.530] INFO (17898): Wallet sync [7450]: shielded=true, unshielded=true, dust=false
[11:14:56.611] INFO (17898): Wallet sync [7451]: shielded=true, unshielded=true, dust=false
[11:14:56.713] INFO (17898): Wallet sync [7452]: shielded=true, unshielded=true, dust=false
[11:14:56.816] INFO (17898): Wallet sync [7453]: shielded=true, unshielded=true, dust=false
[11:14:56.873] INFO (17898): Wallet sync [7454]: shielded=true, unshielded=true, dust=false
[11:14:56.975] INFO (17898): Wallet sync [7455]: shielded=true, unshielded=true, dust=false
[11:14:57.048] INFO (17898): Wallet sync [7456]: shielded=true, unshielded=true, dust=false
[11:14:57.119] INFO (17898): Wallet sync [7457]: shielded=true, unshielded=true, dust=false
[11:14:57.158] INFO (17898): Wallet sync [7458]: shielded=true, unshielded=true, dust=false
[11:14:57.222] INFO (17898): Wallet sync [7459]: shielded=true, unshielded=true, dust=false
[11:14:57.281] INFO (17898): Wallet sync [7460]: shielded=true, unshielded=true, dust=false
[11:14:57.347] INFO (17898): Wallet sync [7461]: shielded=true, unshielded=true, dust=false
[11:14:57.430] INFO (17898): Wallet sync [7462]: shielded=true, unshielded=true, dust=false
[11:14:57.491] INFO (17898): Wallet sync [7463]: shielded=true, unshielded=true, dust=false
[11:14:57.553] INFO (17898): Wallet sync [7464]: shielded=true, unshielded=true, dust=false
[11:14:57.626] INFO (17898): Wallet sync [7465]: shielded=true, unshielded=true, dust=false
[11:14:57.676] INFO (17898): Wallet sync [7466]: shielded=true, unshielded=true, dust=false
[11:14:57.787] INFO (17898): Wallet sync [7467]: shielded=true, unshielded=true, dust=false
[11:14:57.873] INFO (17898): Wallet sync [7468]: shielded=true, unshielded=true, dust=false
[11:14:57.957] INFO (17898): Wallet sync [7469]: shielded=true, unshielded=true, dust=false
[11:14:58.036] INFO (17898): Wallet sync [7470]: shielded=true, unshielded=true, dust=false
[11:14:58.122] INFO (17898): Wallet sync [7471]: shielded=true, unshielded=true, dust=false
[11:14:58.235] INFO (17898): Wallet sync [7472]: shielded=true, unshielded=true, dust=false
[11:14:58.306] INFO (17898): Wallet sync [7473]: shielded=true, unshielded=true, dust=false
[11:14:58.381] INFO (17898): Wallet sync [7474]: shielded=true, unshielded=true, dust=false
[11:14:58.464] INFO (17898): Wallet sync [7475]: shielded=true, unshielded=true, dust=false
[11:14:58.607] INFO (17898): Wallet sync [7476]: shielded=true, unshielded=true, dust=false
[11:14:58.709] INFO (17898): Wallet sync [7477]: shielded=true, unshielded=true, dust=false
[11:14:58.814] INFO (17898): Wallet sync [7478]: shielded=true, unshielded=true, dust=false
[11:14:58.890] INFO (17898): Wallet sync [7479]: shielded=true, unshielded=true, dust=false
[11:14:58.971] INFO (17898): Wallet sync [7480]: shielded=true, unshielded=true, dust=false
[11:14:59.051] INFO (17898): Wallet sync [7481]: shielded=true, unshielded=true, dust=false
[11:14:59.128] INFO (17898): Wallet sync [7482]: shielded=true, unshielded=true, dust=false
[11:14:59.206] INFO (17898): Wallet sync [7483]: shielded=true, unshielded=true, dust=false
[11:14:59.266] INFO (17898): Wallet sync [7484]: shielded=true, unshielded=true, dust=false
[11:14:59.375] INFO (17898): Wallet sync [7485]: shielded=true, unshielded=true, dust=false
[11:14:59.493] INFO (17898): Wallet sync [7486]: shielded=true, unshielded=true, dust=false
[11:14:59.600] INFO (17898): Wallet sync [7487]: shielded=true, unshielded=true, dust=false
[11:14:59.692] INFO (17898): Wallet sync [7488]: shielded=true, unshielded=true, dust=false
[11:14:59.802] INFO (17898): Wallet sync [7489]: shielded=true, unshielded=true, dust=false
[11:14:59.910] INFO (17898): Wallet sync [7490]: shielded=true, unshielded=true, dust=false
[11:15:00.022] INFO (17898): Wallet sync [7491]: shielded=true, unshielded=true, dust=false
[11:15:00.115] INFO (17898): Wallet sync [7492]: shielded=true, unshielded=true, dust=false
[11:15:00.182] INFO (17898): Wallet sync [7493]: shielded=true, unshielded=true, dust=false
[11:15:00.276] INFO (17898): Wallet sync [7494]: shielded=true, unshielded=true, dust=false
[11:15:00.359] INFO (17898): Wallet sync [7495]: shielded=true, unshielded=true, dust=false
[11:15:00.402] INFO (17898): Wallet sync [7496]: shielded=true, unshielded=true, dust=false
[11:15:00.453] INFO (17898): Wallet sync [7497]: shielded=true, unshielded=true, dust=false
[11:15:00.511] INFO (17898): Wallet sync [7498]: shielded=true, unshielded=true, dust=false
[11:15:00.574] INFO (17898): Wallet sync [7499]: shielded=true, unshielded=true, dust=false
[11:15:00.656] INFO (17898): Wallet sync [7500]: shielded=true, unshielded=true, dust=false
[11:15:00.718] INFO (17898): Wallet sync [7501]: shielded=true, unshielded=true, dust=false
[11:15:00.799] INFO (17898): Wallet sync [7502]: shielded=true, unshielded=true, dust=false
[11:15:00.856] INFO (17898): Wallet sync [7503]: shielded=true, unshielded=true, dust=false
[11:15:00.926] INFO (17898): Wallet sync [7504]: shielded=true, unshielded=true, dust=false
[11:15:01.012] INFO (17898): Wallet sync [7505]: shielded=true, unshielded=true, dust=false
[11:15:01.063] INFO (17898): Wallet sync [7506]: shielded=true, unshielded=true, dust=false
[11:15:01.128] INFO (17898): Wallet sync [7507]: shielded=true, unshielded=true, dust=false
[11:15:01.271] INFO (17898): Wallet sync [7508]: shielded=true, unshielded=true, dust=false
[11:15:01.406] INFO (17898): Wallet sync [7509]: shielded=true, unshielded=true, dust=false
[11:15:01.501] INFO (17898): Wallet sync [7510]: shielded=true, unshielded=true, dust=false
[11:15:01.547] INFO (17898): Wallet sync [7511]: shielded=true, unshielded=true, dust=false
[11:15:01.604] INFO (17898): Wallet sync [7512]: shielded=true, unshielded=true, dust=false
[11:15:01.681] INFO (17898): Wallet sync [7513]: shielded=true, unshielded=true, dust=false
[11:15:01.748] INFO (17898): Wallet sync [7514]: shielded=true, unshielded=true, dust=false
[11:15:01.824] INFO (17898): Wallet sync [7515]: shielded=true, unshielded=true, dust=false
[11:15:01.930] INFO (17898): Wallet sync [7516]: shielded=true, unshielded=true, dust=false
[11:15:02.001] INFO (17898): Wallet sync [7517]: shielded=true, unshielded=true, dust=false
[11:15:02.082] INFO (17898): Wallet sync [7518]: shielded=true, unshielded=true, dust=false
[11:15:02.122] INFO (17898): Wallet sync [7519]: shielded=true, unshielded=true, dust=false
[11:15:02.188] INFO (17898): Wallet sync [7520]: shielded=true, unshielded=true, dust=false
[11:15:02.251] INFO (17898): Wallet sync [7521]: shielded=true, unshielded=true, dust=false
[11:15:02.321] INFO (17898): Wallet sync [7522]: shielded=true, unshielded=true, dust=false
[11:15:02.375] INFO (17898): Wallet sync [7523]: shielded=true, unshielded=true, dust=false
[11:15:02.425] INFO (17898): Wallet sync [7524]: shielded=true, unshielded=true, dust=false
[11:15:02.495] INFO (17898): Wallet sync [7525]: shielded=true, unshielded=true, dust=false
[11:15:02.570] INFO (17898): Wallet sync [7526]: shielded=true, unshielded=true, dust=false
[11:15:02.796] INFO (17898): Wallet sync [7527]: shielded=true, unshielded=true, dust=false
[11:15:02.883] INFO (17898): Wallet sync [7528]: shielded=true, unshielded=true, dust=false
[11:15:02.956] INFO (17898): Wallet sync [7529]: shielded=true, unshielded=true, dust=false
[11:15:03.062] INFO (17898): Wallet sync [7530]: shielded=true, unshielded=true, dust=false
[11:15:03.168] INFO (17898): Wallet sync [7531]: shielded=true, unshielded=true, dust=false
[11:15:03.239] INFO (17898): Wallet sync [7532]: shielded=true, unshielded=true, dust=false
[11:15:03.343] INFO (17898): Wallet sync [7533]: shielded=true, unshielded=true, dust=false
[11:15:03.464] INFO (17898): Wallet sync [7534]: shielded=true, unshielded=true, dust=false
[11:15:03.621] INFO (17898): Wallet sync [7535]: shielded=true, unshielded=true, dust=false
[11:15:03.677] INFO (17898): Wallet sync [7536]: shielded=true, unshielded=true, dust=false
[11:15:03.748] INFO (17898): Wallet sync [7537]: shielded=true, unshielded=true, dust=false
[11:15:03.841] INFO (17898): Wallet sync [7538]: shielded=true, unshielded=true, dust=false
[11:15:03.903] INFO (17898): Wallet sync [7539]: shielded=true, unshielded=true, dust=false
[11:15:03.945] INFO (17898): Wallet sync [7540]: shielded=true, unshielded=true, dust=false
[11:15:04.026] INFO (17898): Wallet sync [7541]: shielded=true, unshielded=true, dust=false
[11:15:04.084] INFO (17898): Wallet sync [7542]: shielded=true, unshielded=true, dust=false
[11:15:04.137] INFO (17898): Wallet sync [7543]: shielded=true, unshielded=true, dust=false
[11:15:04.185] INFO (17898): Wallet sync [7544]: shielded=true, unshielded=true, dust=false
[11:15:04.251] INFO (17898): Wallet sync [7545]: shielded=true, unshielded=true, dust=false
[11:15:04.320] INFO (17898): Wallet sync [7546]: shielded=true, unshielded=true, dust=false
[11:15:04.424] INFO (17898): Wallet sync [7547]: shielded=true, unshielded=true, dust=false
[11:15:04.520] INFO (17898): Wallet sync [7548]: shielded=true, unshielded=true, dust=false
[11:15:04.581] INFO (17898): Wallet sync [7549]: shielded=true, unshielded=true, dust=false
[11:15:04.636] INFO (17898): Wallet sync [7550]: shielded=true, unshielded=true, dust=false
[11:15:04.709] INFO (17898): Wallet sync [7551]: shielded=true, unshielded=true, dust=false
[11:15:04.886] INFO (17898): Wallet sync [7552]: shielded=true, unshielded=true, dust=false
[11:15:05.091] INFO (17898): Wallet sync [7553]: shielded=true, unshielded=true, dust=false
[11:15:05.167] INFO (17898): Wallet sync [7554]: shielded=true, unshielded=true, dust=false
[11:15:05.223] INFO (17898): Wallet sync [7555]: shielded=true, unshielded=true, dust=false
[11:15:05.298] INFO (17898): Wallet sync [7556]: shielded=true, unshielded=true, dust=false
[11:15:05.335] INFO (17898): Wallet sync [7557]: shielded=true, unshielded=true, dust=false
[11:15:05.376] INFO (17898): Wallet sync [7558]: shielded=true, unshielded=true, dust=false
[11:15:05.446] INFO (17898): Wallet sync [7559]: shielded=true, unshielded=true, dust=false
[11:15:05.537] INFO (17898): Wallet sync [7560]: shielded=true, unshielded=true, dust=false
[11:15:05.647] INFO (17898): Wallet sync [7561]: shielded=true, unshielded=true, dust=false
[11:15:05.747] INFO (17898): Wallet sync [7562]: shielded=true, unshielded=true, dust=false
[11:15:05.816] INFO (17898): Wallet sync [7563]: shielded=true, unshielded=true, dust=false
[11:15:05.960] INFO (17898): Wallet sync [7564]: shielded=true, unshielded=true, dust=false
[11:15:06.059] INFO (17898): Wallet sync [7565]: shielded=true, unshielded=true, dust=false
[11:15:06.126] INFO (17898): Wallet sync [7566]: shielded=true, unshielded=true, dust=false
[11:15:06.200] INFO (17898): Wallet sync [7567]: shielded=true, unshielded=true, dust=false
[11:15:06.270] INFO (17898): Wallet sync [7568]: shielded=true, unshielded=true, dust=false
[11:15:06.367] INFO (17898): Wallet sync [7569]: shielded=true, unshielded=true, dust=false
[11:15:06.485] INFO (17898): Wallet sync [7570]: shielded=true, unshielded=true, dust=false
[11:15:06.554] INFO (17898): Wallet sync [7571]: shielded=true, unshielded=true, dust=false
[11:15:06.669] INFO (17898): Wallet sync [7572]: shielded=true, unshielded=true, dust=false
[11:15:06.816] INFO (17898): Wallet sync [7573]: shielded=true, unshielded=true, dust=false
[11:15:06.946] INFO (17898): Wallet sync [7574]: shielded=true, unshielded=true, dust=false
[11:15:07.059] INFO (17898): Wallet sync [7575]: shielded=true, unshielded=true, dust=false
[11:15:07.168] INFO (17898): Wallet sync [7576]: shielded=true, unshielded=true, dust=false
[11:15:07.265] INFO (17898): Wallet sync [7577]: shielded=true, unshielded=true, dust=false
[11:15:07.377] INFO (17898): Wallet sync [7578]: shielded=true, unshielded=true, dust=false
[11:15:07.476] INFO (17898): Wallet sync [7579]: shielded=true, unshielded=true, dust=false
[11:15:07.585] INFO (17898): Wallet sync [7580]: shielded=true, unshielded=true, dust=false
[11:15:07.676] INFO (17898): Wallet sync [7581]: shielded=true, unshielded=true, dust=false
[11:15:07.777] INFO (17898): Wallet sync [7582]: shielded=true, unshielded=true, dust=false
[11:15:07.903] INFO (17898): Wallet sync [7583]: shielded=true, unshielded=true, dust=false
[11:15:08.007] INFO (17898): Wallet sync [7584]: shielded=true, unshielded=true, dust=false
[11:15:08.125] INFO (17898): Wallet sync [7585]: shielded=true, unshielded=true, dust=false
[11:15:08.267] INFO (17898): Wallet sync [7586]: shielded=true, unshielded=true, dust=false
[11:15:08.423] INFO (17898): Wallet sync [7587]: shielded=true, unshielded=true, dust=false
[11:15:08.578] INFO (17898): Wallet sync [7588]: shielded=true, unshielded=true, dust=false
[11:15:08.691] INFO (17898): Wallet sync [7589]: shielded=true, unshielded=true, dust=false
[11:15:08.799] INFO (17898): Wallet sync [7590]: shielded=true, unshielded=true, dust=false
[11:15:08.938] INFO (17898): Wallet sync [7591]: shielded=true, unshielded=true, dust=false
[11:15:09.026] INFO (17898): Wallet sync [7592]: shielded=true, unshielded=true, dust=false
[11:15:09.112] INFO (17898): Wallet sync [7593]: shielded=true, unshielded=true, dust=false
[11:15:09.207] INFO (17898): Wallet sync [7594]: shielded=true, unshielded=true, dust=false
[11:15:09.294] INFO (17898): Wallet sync [7595]: shielded=true, unshielded=true, dust=false
[11:15:09.405] INFO (17898): Wallet sync [7596]: shielded=true, unshielded=true, dust=false
[11:15:09.521] INFO (17898): Wallet sync [7597]: shielded=true, unshielded=true, dust=false
[11:15:09.605] INFO (17898): Wallet sync [7598]: shielded=true, unshielded=true, dust=false
[11:15:09.722] INFO (17898): Wallet sync [7599]: shielded=true, unshielded=true, dust=false
[11:15:10.046] INFO (17898): Wallet sync [7600]: shielded=true, unshielded=true, dust=false
[11:15:10.213] INFO (17898): Wallet sync [7601]: shielded=true, unshielded=true, dust=false
[11:15:10.315] INFO (17898): Wallet sync [7602]: shielded=true, unshielded=true, dust=false
[11:15:10.406] INFO (17898): Wallet sync [7603]: shielded=true, unshielded=true, dust=false
[11:15:10.515] INFO (17898): Wallet sync [7604]: shielded=true, unshielded=true, dust=false
[11:15:10.674] INFO (17898): Wallet sync [7605]: shielded=true, unshielded=true, dust=false
[11:15:10.857] INFO (17898): Wallet sync [7606]: shielded=true, unshielded=true, dust=false
[11:15:11.191] INFO (17898): Wallet sync [7607]: shielded=true, unshielded=true, dust=false
[11:15:11.457] INFO (17898): Wallet sync [7608]: shielded=true, unshielded=true, dust=false
[11:15:11.668] INFO (17898): Wallet sync [7609]: shielded=true, unshielded=true, dust=false
[11:15:11.824] INFO (17898): Wallet sync [7610]: shielded=true, unshielded=true, dust=false
[11:15:11.944] INFO (17898): Wallet sync [7611]: shielded=true, unshielded=true, dust=false
[11:15:12.094] INFO (17898): Wallet sync [7612]: shielded=true, unshielded=true, dust=false
[11:15:12.272] INFO (17898): Wallet sync [7613]: shielded=true, unshielded=true, dust=false
[11:15:12.597] INFO (17898): Wallet sync [7614]: shielded=true, unshielded=true, dust=false
[11:15:13.048] INFO (17898): Wallet sync [7615]: shielded=true, unshielded=true, dust=false
[11:15:13.532] INFO (17898): Wallet sync [7616]: shielded=true, unshielded=true, dust=false
[11:15:13.800] INFO (17898): Wallet sync [7617]: shielded=true, unshielded=true, dust=false
[11:15:14.032] INFO (17898): Wallet sync [7618]: shielded=true, unshielded=true, dust=false
[11:15:14.147] INFO (17898): Wallet sync [7619]: shielded=true, unshielded=true, dust=false
[11:15:14.266] INFO (17898): Wallet sync [7620]: shielded=true, unshielded=true, dust=false
[11:15:14.375] INFO (17898): Wallet sync [7621]: shielded=true, unshielded=true, dust=false
[11:15:14.558] INFO (17898): Wallet sync [7622]: shielded=true, unshielded=true, dust=false
[11:15:14.728] INFO (17898): Wallet sync [7623]: shielded=true, unshielded=true, dust=false
[11:15:14.846] INFO (17898): Wallet sync [7624]: shielded=true, unshielded=true, dust=false
[11:15:15.040] INFO (17898): Wallet sync [7625]: shielded=true, unshielded=true, dust=false
[11:15:15.246] INFO (17898): Wallet sync [7626]: shielded=true, unshielded=true, dust=false
[11:15:15.539] INFO (17898): Wallet sync [7627]: shielded=true, unshielded=true, dust=false
[11:15:15.633] INFO (17898): Wallet sync [7628]: shielded=true, unshielded=true, dust=false
[11:15:15.729] INFO (17898): Wallet sync [7629]: shielded=true, unshielded=true, dust=false
[11:15:15.817] INFO (17898): Wallet sync [7630]: shielded=true, unshielded=true, dust=false
[11:15:15.941] INFO (17898): Wallet sync [7631]: shielded=true, unshielded=true, dust=false
[11:15:16.055] INFO (17898): Wallet sync [7632]: shielded=true, unshielded=true, dust=false
[11:15:16.208] INFO (17898): Wallet sync [7633]: shielded=true, unshielded=true, dust=false
[11:15:16.294] INFO (17898): Wallet sync [7634]: shielded=true, unshielded=true, dust=false
[11:15:16.430] INFO (17898): Wallet sync [7635]: shielded=true, unshielded=true, dust=false
[11:15:16.629] INFO (17898): Wallet sync [7636]: shielded=true, unshielded=true, dust=false
[11:15:16.734] INFO (17898): Wallet sync [7637]: shielded=true, unshielded=true, dust=false
[11:15:16.883] INFO (17898): Wallet sync [7638]: shielded=true, unshielded=true, dust=false
[11:15:16.993] INFO (17898): Wallet sync [7639]: shielded=true, unshielded=true, dust=false
[11:15:17.258] INFO (17898): Wallet sync [7640]: shielded=true, unshielded=true, dust=false
[11:15:17.503] INFO (17898): Wallet sync [7641]: shielded=true, unshielded=true, dust=false
[11:15:17.727] INFO (17898): Wallet sync [7642]: shielded=true, unshielded=true, dust=false
[11:15:17.848] INFO (17898): Wallet sync [7643]: shielded=true, unshielded=true, dust=false
[11:15:17.961] INFO (17898): Wallet sync [7644]: shielded=true, unshielded=true, dust=false
[11:15:18.025] INFO (17898): Wallet sync [7645]: shielded=true, unshielded=true, dust=false
[11:15:18.101] INFO (17898): Wallet sync [7646]: shielded=true, unshielded=true, dust=false
[11:15:18.164] INFO (17898): Wallet sync [7647]: shielded=true, unshielded=true, dust=false
[11:15:18.232] INFO (17898): Wallet sync [7648]: shielded=true, unshielded=true, dust=false
[11:15:18.313] INFO (17898): Wallet sync [7649]: shielded=true, unshielded=true, dust=false
[11:15:18.448] INFO (17898): Wallet sync [7650]: shielded=true, unshielded=true, dust=false
[11:15:18.573] INFO (17898): Wallet sync [7651]: shielded=true, unshielded=true, dust=false
[11:15:18.709] INFO (17898): Wallet sync [7652]: shielded=true, unshielded=true, dust=false
[11:15:18.944] INFO (17898): Wallet sync [7653]: shielded=true, unshielded=true, dust=false
[11:15:19.057] INFO (17898): Wallet sync [7654]: shielded=true, unshielded=true, dust=false
[11:15:19.125] INFO (17898): Wallet sync [7655]: shielded=true, unshielded=true, dust=false
[11:15:19.237] INFO (17898): Wallet sync [7656]: shielded=true, unshielded=true, dust=false
[11:15:19.310] INFO (17898): Wallet sync [7657]: shielded=true, unshielded=true, dust=false
[11:15:19.426] INFO (17898): Wallet sync [7658]: shielded=true, unshielded=true, dust=false
[11:15:19.582] INFO (17898): Wallet sync [7659]: shielded=true, unshielded=true, dust=false
[11:15:19.695] INFO (17898): Wallet sync [7660]: shielded=true, unshielded=true, dust=false
[11:15:19.815] INFO (17898): Wallet sync [7661]: shielded=true, unshielded=true, dust=false
[11:15:19.917] INFO (17898): Wallet sync [7662]: shielded=true, unshielded=true, dust=false
[11:15:19.995] INFO (17898): Wallet sync [7663]: shielded=true, unshielded=true, dust=false
[11:15:20.082] INFO (17898): Wallet sync [7664]: shielded=true, unshielded=true, dust=false
[11:15:20.192] INFO (17898): Wallet sync [7665]: shielded=true, unshielded=true, dust=false
[11:15:20.283] INFO (17898): Wallet sync [7666]: shielded=true, unshielded=true, dust=false
[11:15:20.351] INFO (17898): Wallet sync [7667]: shielded=true, unshielded=true, dust=false
[11:15:20.416] INFO (17898): Wallet sync [7668]: shielded=true, unshielded=true, dust=false
[11:15:20.479] INFO (17898): Wallet sync [7669]: shielded=true, unshielded=true, dust=false
[11:15:20.542] INFO (17898): Wallet sync [7670]: shielded=true, unshielded=true, dust=false
[11:15:20.611] INFO (17898): Wallet sync [7671]: shielded=true, unshielded=true, dust=false
[11:15:20.699] INFO (17898): Wallet sync [7672]: shielded=true, unshielded=true, dust=false
[11:15:20.769] INFO (17898): Wallet sync [7673]: shielded=true, unshielded=true, dust=false
[11:15:20.839] INFO (17898): Wallet sync [7674]: shielded=true, unshielded=true, dust=false
[11:15:20.901] INFO (17898): Wallet sync [7675]: shielded=true, unshielded=true, dust=false
[11:15:21.011] INFO (17898): Wallet sync [7676]: shielded=true, unshielded=true, dust=false
[11:15:21.174] INFO (17898): Wallet sync [7677]: shielded=true, unshielded=true, dust=false
[11:15:21.325] INFO (17898): Wallet sync [7678]: shielded=true, unshielded=true, dust=false
[11:15:21.447] INFO (17898): Wallet sync [7679]: shielded=true, unshielded=true, dust=false
[11:15:21.516] INFO (17898): Wallet sync [7680]: shielded=true, unshielded=true, dust=false
[11:15:21.585] INFO (17898): Wallet sync [7681]: shielded=true, unshielded=true, dust=false
[11:15:21.657] INFO (17898): Wallet sync [7682]: shielded=true, unshielded=true, dust=false
[11:15:21.722] INFO (17898): Wallet sync [7683]: shielded=true, unshielded=true, dust=false
[11:15:21.854] INFO (17898): Wallet sync [7684]: shielded=true, unshielded=true, dust=false
[11:15:21.944] INFO (17898): Wallet sync [7685]: shielded=true, unshielded=true, dust=false
[11:15:22.114] INFO (17898): Wallet sync [7686]: shielded=true, unshielded=true, dust=false
[11:15:22.263] INFO (17898): Wallet sync [7687]: shielded=true, unshielded=true, dust=false
[11:15:22.392] INFO (17898): Wallet sync [7688]: shielded=true, unshielded=true, dust=false
[11:15:22.498] INFO (17898): Wallet sync [7689]: shielded=true, unshielded=true, dust=false
[11:15:22.659] INFO (17898): Wallet sync [7690]: shielded=true, unshielded=true, dust=false
[11:15:22.724] INFO (17898): Wallet sync [7691]: shielded=true, unshielded=true, dust=false
[11:15:22.898] INFO (17898): Wallet sync [7692]: shielded=true, unshielded=true, dust=false
[11:15:23.076] INFO (17898): Wallet sync [7693]: shielded=true, unshielded=true, dust=false
[11:15:23.176] INFO (17898): Wallet sync [7694]: shielded=true, unshielded=true, dust=false
[11:15:23.230] INFO (17898): Wallet sync [7695]: shielded=true, unshielded=true, dust=false
[11:15:23.280] INFO (17898): Wallet sync [7696]: shielded=true, unshielded=true, dust=false
[11:15:23.346] INFO (17898): Wallet sync [7697]: shielded=true, unshielded=true, dust=false
[11:15:23.412] INFO (17898): Wallet sync [7698]: shielded=true, unshielded=true, dust=false
[11:15:23.469] INFO (17898): Wallet sync [7699]: shielded=true, unshielded=true, dust=false
[11:15:23.526] INFO (17898): Wallet sync [7700]: shielded=true, unshielded=true, dust=false
[11:15:23.606] INFO (17898): Wallet sync [7701]: shielded=true, unshielded=true, dust=false
[11:15:23.715] INFO (17898): Wallet sync [7702]: shielded=true, unshielded=true, dust=false
[11:15:23.816] INFO (17898): Wallet sync [7703]: shielded=true, unshielded=true, dust=false
[11:15:23.875] INFO (17898): Wallet sync [7704]: shielded=true, unshielded=true, dust=false
[11:15:23.977] INFO (17898): Wallet sync [7705]: shielded=true, unshielded=true, dust=false
[11:15:24.034] INFO (17898): Wallet sync [7706]: shielded=true, unshielded=true, dust=false
[11:15:24.112] INFO (17898): Wallet sync [7707]: shielded=true, unshielded=true, dust=false
[11:15:24.164] INFO (17898): Wallet sync [7708]: shielded=true, unshielded=true, dust=false
[11:15:24.235] INFO (17898): Wallet sync [7709]: shielded=true, unshielded=true, dust=false
[11:15:24.310] INFO (17898): Wallet sync [7710]: shielded=true, unshielded=true, dust=false
[11:15:24.391] INFO (17898): Wallet sync [7711]: shielded=true, unshielded=true, dust=false
[11:15:24.464] INFO (17898): Wallet sync [7712]: shielded=true, unshielded=true, dust=false
[11:15:24.563] INFO (17898): Wallet sync [7713]: shielded=true, unshielded=true, dust=false
[11:15:24.610] INFO (17898): Wallet sync [7714]: shielded=true, unshielded=true, dust=false
[11:15:24.676] INFO (17898): Wallet sync [7715]: shielded=true, unshielded=true, dust=false
[11:15:24.726] INFO (17898): Wallet sync [7716]: shielded=true, unshielded=true, dust=false
[11:15:24.795] INFO (17898): Wallet sync [7717]: shielded=true, unshielded=true, dust=false
[11:15:24.876] INFO (17898): Wallet sync [7718]: shielded=true, unshielded=true, dust=false
[11:15:24.943] INFO (17898): Wallet sync [7719]: shielded=true, unshielded=true, dust=false
[11:15:25.007] INFO (17898): Wallet sync [7720]: shielded=true, unshielded=true, dust=false
[11:15:25.080] INFO (17898): Wallet sync [7721]: shielded=true, unshielded=true, dust=false
[11:15:25.133] INFO (17898): Wallet sync [7722]: shielded=true, unshielded=true, dust=false
[11:15:25.197] INFO (17898): Wallet sync [7723]: shielded=true, unshielded=true, dust=false
[11:15:25.245] INFO (17898): Wallet sync [7724]: shielded=true, unshielded=true, dust=false
[11:15:25.318] INFO (17898): Wallet sync [7725]: shielded=true, unshielded=true, dust=false
[11:15:25.440] INFO (17898): Wallet sync [7726]: shielded=true, unshielded=true, dust=false
[11:15:25.543] INFO (17898): Wallet sync [7727]: shielded=true, unshielded=true, dust=false
[11:15:25.611] INFO (17898): Wallet sync [7728]: shielded=true, unshielded=true, dust=false
[11:15:25.670] INFO (17898): Wallet sync [7729]: shielded=true, unshielded=true, dust=false
[11:15:25.727] INFO (17898): Wallet sync [7730]: shielded=true, unshielded=true, dust=false
[11:15:25.817] INFO (17898): Wallet sync [7731]: shielded=true, unshielded=true, dust=false
[11:15:25.875] INFO (17898): Wallet sync [7732]: shielded=true, unshielded=true, dust=false
[11:15:25.879] INFO (17898): Wallet sync [7733]: shielded=true, unshielded=true, dust=false
[11:15:25.955] INFO (17898): Wallet sync [7734]: shielded=true, unshielded=true, dust=false
[11:15:26.024] INFO (17898): Wallet sync [7735]: shielded=true, unshielded=true, dust=false
[11:15:26.099] INFO (17898): Wallet sync [7736]: shielded=true, unshielded=true, dust=false
[11:15:26.228] INFO (17898): Wallet sync [7737]: shielded=true, unshielded=true, dust=false
[11:15:26.329] INFO (17898): Wallet sync [7738]: shielded=true, unshielded=true, dust=false
[11:15:26.479] INFO (17898): Wallet sync [7739]: shielded=true, unshielded=true, dust=false
[11:15:26.578] INFO (17898): Wallet sync [7740]: shielded=true, unshielded=true, dust=false
[11:15:26.633] INFO (17898): Wallet sync [7741]: shielded=true, unshielded=true, dust=false
[11:15:26.697] INFO (17898): Wallet sync [7742]: shielded=true, unshielded=true, dust=false
[11:15:26.752] INFO (17898): Wallet sync [7743]: shielded=true, unshielded=true, dust=false
[11:15:26.811] INFO (17898): Wallet sync [7744]: shielded=true, unshielded=true, dust=false
[11:15:26.892] INFO (17898): Wallet sync [7745]: shielded=true, unshielded=true, dust=false
[11:15:26.948] INFO (17898): Wallet sync [7746]: shielded=true, unshielded=true, dust=false
[11:15:27.015] INFO (17898): Wallet sync [7747]: shielded=true, unshielded=true, dust=false
[11:15:27.101] INFO (17898): Wallet sync [7748]: shielded=true, unshielded=true, dust=false
[11:15:27.173] INFO (17898): Wallet sync [7749]: shielded=true, unshielded=true, dust=false
[11:15:27.240] INFO (17898): Wallet sync [7750]: shielded=true, unshielded=true, dust=false
[11:15:27.295] INFO (17898): Wallet sync [7751]: shielded=true, unshielded=true, dust=false
[11:15:27.364] INFO (17898): Wallet sync [7752]: shielded=true, unshielded=true, dust=false
[11:15:27.539] INFO (17898): Wallet sync [7753]: shielded=true, unshielded=true, dust=false
[11:15:27.806] INFO (17898): Wallet sync [7754]: shielded=true, unshielded=true, dust=false
[11:15:27.928] INFO (17898): Wallet sync [7755]: shielded=true, unshielded=true, dust=false
[11:15:28.096] INFO (17898): Wallet sync [7756]: shielded=true, unshielded=true, dust=false
[11:15:28.189] INFO (17898): Wallet sync [7757]: shielded=true, unshielded=true, dust=false
[11:15:28.260] INFO (17898): Wallet sync [7758]: shielded=true, unshielded=true, dust=false
[11:15:28.409] INFO (17898): Wallet sync [7759]: shielded=true, unshielded=true, dust=false
[11:15:28.479] INFO (17898): Wallet sync [7760]: shielded=true, unshielded=true, dust=false
[11:15:28.547] INFO (17898): Wallet sync [7761]: shielded=true, unshielded=true, dust=false
[11:15:28.691] INFO (17898): Wallet sync [7762]: shielded=true, unshielded=true, dust=false
[11:15:28.755] INFO (17898): Wallet sync [7763]: shielded=true, unshielded=true, dust=false
[11:15:28.814] INFO (17898): Wallet sync [7764]: shielded=true, unshielded=true, dust=false
[11:15:28.909] INFO (17898): Wallet sync [7765]: shielded=true, unshielded=true, dust=false
[11:15:29.027] INFO (17898): Wallet sync [7766]: shielded=true, unshielded=true, dust=false
[11:15:29.174] INFO (17898): Wallet sync [7767]: shielded=true, unshielded=true, dust=false
[11:15:29.294] INFO (17898): Wallet sync [7768]: shielded=true, unshielded=true, dust=false
[11:15:29.417] INFO (17898): Wallet sync [7769]: shielded=true, unshielded=true, dust=false
[11:15:29.573] INFO (17898): Wallet sync [7770]: shielded=true, unshielded=true, dust=false
[11:15:29.777] INFO (17898): Wallet sync [7771]: shielded=true, unshielded=true, dust=false
[11:15:29.928] INFO (17898): Wallet sync [7772]: shielded=true, unshielded=true, dust=false
[11:15:30.129] INFO (17898): Wallet sync [7773]: shielded=true, unshielded=true, dust=false
[11:15:30.210] INFO (17898): Wallet sync [7774]: shielded=true, unshielded=true, dust=false
[11:15:30.308] INFO (17898): Wallet sync [7775]: shielded=true, unshielded=true, dust=false
[11:15:30.364] INFO (17898): Wallet sync [7776]: shielded=true, unshielded=true, dust=false
[11:15:30.442] INFO (17898): Wallet sync [7777]: shielded=true, unshielded=true, dust=false
[11:15:30.547] INFO (17898): Wallet sync [7778]: shielded=true, unshielded=true, dust=false
[11:15:30.658] INFO (17898): Wallet sync [7779]: shielded=true, unshielded=true, dust=false
[11:15:30.744] INFO (17898): Wallet sync [7780]: shielded=true, unshielded=true, dust=false
[11:15:30.825] INFO (17898): Wallet sync [7781]: shielded=true, unshielded=true, dust=false
[11:15:30.900] INFO (17898): Wallet sync [7782]: shielded=true, unshielded=true, dust=false
[11:15:30.979] INFO (17898): Wallet sync [7783]: shielded=true, unshielded=true, dust=false
[11:15:31.175] INFO (17898): Wallet sync [7784]: shielded=true, unshielded=true, dust=false
[11:15:31.459] INFO (17898): Wallet sync [7785]: shielded=true, unshielded=true, dust=false
[11:15:31.540] INFO (17898): Wallet sync [7786]: shielded=true, unshielded=true, dust=false
[11:15:31.607] INFO (17898): Wallet sync [7787]: shielded=true, unshielded=true, dust=false
[11:15:31.692] INFO (17898): Wallet sync [7788]: shielded=true, unshielded=true, dust=false
[11:15:31.789] INFO (17898): Wallet sync [7789]: shielded=true, unshielded=true, dust=false
[11:15:31.905] INFO (17898): Wallet sync [7790]: shielded=true, unshielded=true, dust=false
[11:15:32.158] INFO (17898): Wallet sync [7791]: shielded=true, unshielded=true, dust=false
[11:15:32.281] INFO (17898): Wallet sync [7792]: shielded=true, unshielded=true, dust=false
[11:15:32.393] INFO (17898): Wallet sync [7793]: shielded=true, unshielded=true, dust=false
[11:15:32.459] INFO (17898): Wallet sync [7794]: shielded=true, unshielded=true, dust=false
[11:15:32.544] INFO (17898): Wallet sync [7795]: shielded=true, unshielded=true, dust=false
[11:15:32.625] INFO (17898): Wallet sync [7796]: shielded=true, unshielded=true, dust=false
[11:15:32.743] INFO (17898): Wallet sync [7797]: shielded=true, unshielded=true, dust=false
[11:15:32.893] INFO (17898): Wallet sync [7798]: shielded=true, unshielded=true, dust=false
[11:15:32.963] INFO (17898): Wallet sync [7799]: shielded=true, unshielded=true, dust=false
[11:15:33.021] INFO (17898): Wallet sync [7800]: shielded=true, unshielded=true, dust=false
[11:15:33.102] INFO (17898): Wallet sync [7801]: shielded=true, unshielded=true, dust=false
[11:15:33.176] INFO (17898): Wallet sync [7802]: shielded=true, unshielded=true, dust=false
[11:15:33.290] INFO (17898): Wallet sync [7803]: shielded=true, unshielded=true, dust=false
[11:15:33.480] INFO (17898): Wallet sync [7804]: shielded=true, unshielded=true, dust=false
[11:15:33.614] INFO (17898): Wallet sync [7805]: shielded=true, unshielded=true, dust=false
[11:15:33.771] INFO (17898): Wallet sync [7806]: shielded=true, unshielded=true, dust=false
[11:15:33.908] INFO (17898): Wallet sync [7807]: shielded=true, unshielded=true, dust=false
[11:15:34.025] INFO (17898): Wallet sync [7808]: shielded=true, unshielded=true, dust=false
[11:15:34.339] INFO (17898): Wallet sync [7809]: shielded=true, unshielded=true, dust=false
[11:15:34.509] INFO (17898): Wallet sync [7810]: shielded=true, unshielded=true, dust=false
[11:15:34.712] INFO (17898): Wallet sync [7811]: shielded=true, unshielded=true, dust=false
[11:15:34.921] INFO (17898): Wallet sync [7812]: shielded=true, unshielded=true, dust=false
[11:15:35.485] INFO (17898): Wallet sync [7813]: shielded=true, unshielded=true, dust=false
[11:15:35.604] INFO (17898): Wallet sync [7814]: shielded=true, unshielded=true, dust=false
[11:15:35.727] INFO (17898): Wallet sync [7815]: shielded=true, unshielded=true, dust=false
[11:15:35.970] INFO (17898): Wallet sync [7816]: shielded=true, unshielded=true, dust=false
[11:15:36.196] INFO (17898): Wallet sync [7817]: shielded=true, unshielded=true, dust=false
[11:15:36.368] INFO (17898): Wallet sync [7818]: shielded=true, unshielded=true, dust=false
[11:15:36.436] INFO (17898): Wallet sync [7819]: shielded=true, unshielded=true, dust=false
[11:15:36.556] INFO (17898): Wallet sync [7820]: shielded=true, unshielded=true, dust=false
[11:15:36.645] INFO (17898): Wallet sync [7821]: shielded=true, unshielded=true, dust=false
[11:15:36.707] INFO (17898): Wallet sync [7822]: shielded=true, unshielded=true, dust=false
[11:15:36.790] INFO (17898): Wallet sync [7823]: shielded=true, unshielded=true, dust=false
[11:15:36.862] INFO (17898): Wallet sync [7824]: shielded=true, unshielded=true, dust=false
[11:15:36.924] INFO (17898): Wallet sync [7825]: shielded=true, unshielded=true, dust=false
[11:15:37.083] INFO (17898): Wallet sync [7826]: shielded=true, unshielded=true, dust=false
[11:15:37.207] INFO (17898): Wallet sync [7827]: shielded=true, unshielded=true, dust=false
[11:15:37.352] INFO (17898): Wallet sync [7828]: shielded=true, unshielded=true, dust=false
[11:15:37.459] INFO (17898): Wallet sync [7829]: shielded=true, unshielded=true, dust=false
[11:15:37.593] INFO (17898): Wallet sync [7830]: shielded=true, unshielded=true, dust=false
[11:15:37.742] INFO (17898): Wallet sync [7831]: shielded=true, unshielded=true, dust=false
[11:15:37.874] INFO (17898): Wallet sync [7832]: shielded=true, unshielded=true, dust=false
[11:15:37.991] INFO (17898): Wallet sync [7833]: shielded=true, unshielded=true, dust=false
[11:15:38.121] INFO (17898): Wallet sync [7834]: shielded=true, unshielded=true, dust=false
[11:15:38.233] INFO (17898): Wallet sync [7835]: shielded=true, unshielded=true, dust=false
[11:15:38.348] INFO (17898): Wallet sync [7836]: shielded=true, unshielded=true, dust=false
[11:15:38.608] INFO (17898): Wallet sync [7837]: shielded=true, unshielded=true, dust=false
[11:15:38.693] INFO (17898): Wallet sync [7838]: shielded=true, unshielded=true, dust=false
[11:15:38.751] INFO (17898): Wallet sync [7839]: shielded=true, unshielded=true, dust=false
[11:15:38.820] INFO (17898): Wallet sync [7840]: shielded=true, unshielded=true, dust=false
[11:15:38.872] INFO (17898): Wallet sync [7841]: shielded=true, unshielded=true, dust=false
[11:15:38.957] INFO (17898): Wallet sync [7842]: shielded=true, unshielded=true, dust=false
[11:15:39.023] INFO (17898): Wallet sync [7843]: shielded=true, unshielded=true, dust=false
[11:15:39.113] INFO (17898): Wallet sync [7844]: shielded=true, unshielded=true, dust=false
[11:15:39.188] INFO (17898): Wallet sync [7845]: shielded=true, unshielded=true, dust=false
[11:15:39.274] INFO (17898): Wallet sync [7846]: shielded=true, unshielded=true, dust=false
[11:15:39.522] INFO (17898): Wallet sync [7847]: shielded=true, unshielded=true, dust=false
[11:15:39.804] INFO (17898): Wallet sync [7848]: shielded=true, unshielded=true, dust=false
[11:15:39.943] INFO (17898): Wallet sync [7849]: shielded=true, unshielded=true, dust=false
[11:15:40.046] INFO (17898): Wallet sync [7850]: shielded=true, unshielded=true, dust=false
[11:15:40.146] INFO (17898): Wallet sync [7851]: shielded=true, unshielded=true, dust=false
[11:15:40.213] INFO (17898): Wallet sync [7852]: shielded=true, unshielded=true, dust=false
[11:15:40.277] INFO (17898): Wallet sync [7853]: shielded=true, unshielded=true, dust=false
[11:15:40.362] INFO (17898): Wallet sync [7854]: shielded=true, unshielded=true, dust=false
[11:15:40.445] INFO (17898): Wallet sync [7855]: shielded=true, unshielded=true, dust=false
[11:15:40.499] INFO (17898): Wallet sync [7856]: shielded=true, unshielded=true, dust=false
[11:15:40.549] INFO (17898): Wallet sync [7857]: shielded=true, unshielded=true, dust=false
[11:15:40.598] INFO (17898): Wallet sync [7858]: shielded=true, unshielded=true, dust=false
[11:15:40.662] INFO (17898): Wallet sync [7859]: shielded=true, unshielded=true, dust=false
[11:15:40.722] INFO (17898): Wallet sync [7860]: shielded=true, unshielded=true, dust=false
[11:15:40.791] INFO (17898): Wallet sync [7861]: shielded=true, unshielded=true, dust=false
[11:15:40.969] INFO (17898): Wallet sync [7862]: shielded=true, unshielded=true, dust=false
[11:15:41.388] INFO (17898): Wallet sync [7863]: shielded=true, unshielded=true, dust=false
[11:15:41.610] INFO (17898): Wallet sync [7864]: shielded=true, unshielded=true, dust=false
[11:15:41.846] INFO (17898): Wallet sync [7865]: shielded=true, unshielded=true, dust=false
[11:15:41.892] INFO (17898): Wallet sync [7866]: shielded=true, unshielded=true, dust=false
[11:15:41.951] INFO (17898): Wallet sync [7867]: shielded=true, unshielded=true, dust=false
[11:15:42.032] INFO (17898): Wallet sync [7868]: shielded=true, unshielded=true, dust=false
[11:15:42.118] INFO (17898): Wallet sync [7869]: shielded=true, unshielded=true, dust=false
[11:15:42.194] INFO (17898): Wallet sync [7870]: shielded=true, unshielded=true, dust=false
[11:15:42.269] INFO (17898): Wallet sync [7871]: shielded=true, unshielded=true, dust=false
[11:15:42.314] INFO (17898): Wallet sync [7872]: shielded=true, unshielded=true, dust=false
[11:15:42.380] INFO (17898): Wallet sync [7873]: shielded=true, unshielded=true, dust=false
[11:15:42.438] INFO (17898): Wallet sync [7874]: shielded=true, unshielded=true, dust=false
[11:15:42.517] INFO (17898): Wallet sync [7875]: shielded=true, unshielded=true, dust=false
[11:15:42.613] INFO (17898): Wallet sync [7876]: shielded=true, unshielded=true, dust=false
[11:15:42.672] INFO (17898): Wallet sync [7877]: shielded=true, unshielded=true, dust=false
[11:15:42.730] INFO (17898): Wallet sync [7878]: shielded=true, unshielded=true, dust=false
[11:15:42.776] INFO (17898): Wallet sync [7879]: shielded=true, unshielded=true, dust=false
[11:15:42.858] INFO (17898): Wallet sync [7880]: shielded=true, unshielded=true, dust=false
[11:15:42.947] INFO (17898): Wallet sync [7881]: shielded=true, unshielded=true, dust=false
[11:15:42.990] INFO (17898): Wallet sync [7882]: shielded=true, unshielded=true, dust=false
[11:15:43.037] INFO (17898): Wallet sync [7883]: shielded=true, unshielded=true, dust=false
[11:15:43.092] INFO (17898): Wallet sync [7884]: shielded=true, unshielded=true, dust=false
[11:15:43.147] INFO (17898): Wallet sync [7885]: shielded=true, unshielded=true, dust=false
[11:15:43.209] INFO (17898): Wallet sync [7886]: shielded=true, unshielded=true, dust=false
[11:15:43.302] INFO (17898): Wallet sync [7887]: shielded=true, unshielded=true, dust=false
[11:15:43.407] INFO (17898): Wallet sync [7888]: shielded=true, unshielded=true, dust=false
[11:15:43.523] INFO (17898): Wallet sync [7889]: shielded=true, unshielded=true, dust=false
[11:15:43.630] INFO (17898): Wallet sync [7890]: shielded=true, unshielded=true, dust=false
[11:15:43.739] INFO (17898): Wallet sync [7891]: shielded=true, unshielded=true, dust=false
[11:15:43.851] INFO (17898): Wallet sync [7892]: shielded=true, unshielded=true, dust=false
[11:15:43.932] INFO (17898): Wallet sync [7893]: shielded=true, unshielded=true, dust=false
[11:15:44.130] INFO (17898): Wallet sync [7894]: shielded=true, unshielded=true, dust=false
[11:15:44.238] INFO (17898): Wallet sync [7895]: shielded=true, unshielded=true, dust=false
[11:15:44.324] INFO (17898): Wallet sync [7896]: shielded=true, unshielded=true, dust=false
[11:15:44.367] INFO (17898): Wallet sync [7897]: shielded=true, unshielded=true, dust=false
[11:15:44.403] INFO (17898): Wallet sync [7898]: shielded=true, unshielded=true, dust=false
[11:15:44.445] INFO (17898): Wallet sync [7899]: shielded=true, unshielded=true, dust=false
[11:15:44.484] INFO (17898): Wallet sync [7900]: shielded=true, unshielded=true, dust=false
[11:15:44.523] INFO (17898): Wallet sync [7901]: shielded=true, unshielded=true, dust=false
[11:15:44.568] INFO (17898): Wallet sync [7902]: shielded=true, unshielded=true, dust=false
[11:15:44.603] INFO (17898): Wallet sync [7903]: shielded=true, unshielded=true, dust=false
[11:15:44.643] INFO (17898): Wallet sync [7904]: shielded=true, unshielded=true, dust=false
[11:15:44.693] INFO (17898): Wallet sync [7905]: shielded=true, unshielded=true, dust=false
[11:15:44.755] INFO (17898): Wallet sync [7906]: shielded=true, unshielded=true, dust=false
[11:15:44.829] INFO (17898): Wallet sync [7907]: shielded=true, unshielded=true, dust=false
[11:15:44.904] INFO (17898): Wallet sync [7908]: shielded=true, unshielded=true, dust=false
[11:15:44.964] INFO (17898): Wallet sync [7909]: shielded=true, unshielded=true, dust=false
[11:15:45.018] INFO (17898): Wallet sync [7910]: shielded=true, unshielded=true, dust=false
[11:15:45.059] INFO (17898): Wallet sync [7911]: shielded=true, unshielded=true, dust=false
[11:15:45.101] INFO (17898): Wallet sync [7912]: shielded=true, unshielded=true, dust=false
[11:15:45.154] INFO (17898): Wallet sync [7913]: shielded=true, unshielded=true, dust=false
[11:15:45.201] INFO (17898): Wallet sync [7914]: shielded=true, unshielded=true, dust=false
[11:15:45.273] INFO (17898): Wallet sync [7915]: shielded=true, unshielded=true, dust=false
[11:15:45.331] INFO (17898): Wallet sync [7916]: shielded=true, unshielded=true, dust=false
[11:15:45.367] INFO (17898): Wallet sync [7917]: shielded=true, unshielded=true, dust=false
[11:15:45.429] INFO (17898): Wallet sync [7918]: shielded=true, unshielded=true, dust=false
[11:15:45.487] INFO (17898): Wallet sync [7919]: shielded=true, unshielded=true, dust=false
[11:15:45.580] INFO (17898): Wallet sync [7920]: shielded=true, unshielded=true, dust=false
[11:15:45.685] INFO (17898): Wallet sync [7921]: shielded=true, unshielded=true, dust=false
[11:15:45.753] INFO (17898): Wallet sync [7922]: shielded=true, unshielded=true, dust=false
[11:15:45.850] INFO (17898): Wallet sync [7923]: shielded=true, unshielded=true, dust=false
[11:15:45.980] INFO (17898): Wallet sync [7924]: shielded=true, unshielded=true, dust=false
[11:15:46.087] INFO (17898): Wallet sync [7925]: shielded=true, unshielded=true, dust=false
[11:15:46.177] INFO (17898): Wallet sync [7926]: shielded=true, unshielded=true, dust=false
[11:15:46.251] INFO (17898): Wallet sync [7927]: shielded=true, unshielded=true, dust=false
[11:15:46.326] INFO (17898): Wallet sync [7928]: shielded=true, unshielded=true, dust=false
[11:15:46.399] INFO (17898): Wallet sync [7929]: shielded=true, unshielded=true, dust=false
[11:15:46.527] INFO (17898): Wallet sync [7930]: shielded=true, unshielded=true, dust=false
[11:15:46.639] INFO (17898): Wallet sync [7931]: shielded=true, unshielded=true, dust=false
[11:15:46.757] INFO (17898): Wallet sync [7932]: shielded=true, unshielded=true, dust=false
[11:15:46.860] INFO (17898): Wallet sync [7933]: shielded=true, unshielded=true, dust=false
[11:15:46.995] INFO (17898): Wallet sync [7934]: shielded=true, unshielded=true, dust=false
[11:15:47.112] INFO (17898): Wallet sync [7935]: shielded=true, unshielded=true, dust=false
[11:15:47.221] INFO (17898): Wallet sync [7936]: shielded=true, unshielded=true, dust=false
[11:15:47.324] INFO (17898): Wallet sync [7937]: shielded=true, unshielded=true, dust=false
[11:15:47.395] INFO (17898): Wallet sync [7938]: shielded=true, unshielded=true, dust=false
[11:15:47.484] INFO (17898): Wallet sync [7939]: shielded=true, unshielded=true, dust=false
[11:15:47.585] INFO (17898): Wallet sync [7940]: shielded=true, unshielded=true, dust=false
[11:15:47.686] INFO (17898): Wallet sync [7941]: shielded=true, unshielded=true, dust=false
[11:15:47.769] INFO (17898): Wallet sync [7942]: shielded=true, unshielded=true, dust=false
[11:15:47.845] INFO (17898): Wallet sync [7943]: shielded=true, unshielded=true, dust=false
[11:15:47.947] INFO (17898): Wallet sync [7944]: shielded=true, unshielded=true, dust=false
[11:15:48.044] INFO (17898): Wallet sync [7945]: shielded=true, unshielded=true, dust=false
[11:15:48.116] INFO (17898): Wallet sync [7946]: shielded=true, unshielded=true, dust=false
[11:15:48.185] INFO (17898): Wallet sync [7947]: shielded=true, unshielded=true, dust=false
[11:15:48.264] INFO (17898): Wallet sync [7948]: shielded=true, unshielded=true, dust=false
[11:15:48.374] INFO (17898): Wallet sync [7949]: shielded=true, unshielded=true, dust=false
[11:15:48.491] INFO (17898): Wallet sync [7950]: shielded=true, unshielded=true, dust=false
[11:15:48.599] INFO (17898): Wallet sync [7951]: shielded=true, unshielded=true, dust=false
[11:15:48.698] INFO (17898): Wallet sync [7952]: shielded=true, unshielded=true, dust=false
[11:15:48.782] INFO (17898): Wallet sync [7953]: shielded=true, unshielded=true, dust=false
[11:15:48.856] INFO (17898): Wallet sync [7954]: shielded=true, unshielded=true, dust=false
[11:15:48.935] INFO (17898): Wallet sync [7955]: shielded=true, unshielded=true, dust=false
[11:15:49.037] INFO (17898): Wallet sync [7956]: shielded=true, unshielded=true, dust=false
[11:15:49.114] INFO (17898): Wallet sync [7957]: shielded=true, unshielded=true, dust=false
[11:15:49.185] INFO (17898): Wallet sync [7958]: shielded=true, unshielded=true, dust=false
[11:15:49.272] INFO (17898): Wallet sync [7959]: shielded=true, unshielded=true, dust=false
[11:15:49.359] INFO (17898): Wallet sync [7960]: shielded=true, unshielded=true, dust=false
[11:15:49.478] INFO (17898): Wallet sync [7961]: shielded=true, unshielded=true, dust=false
[11:15:49.585] INFO (17898): Wallet sync [7962]: shielded=true, unshielded=true, dust=false
[11:15:49.711] INFO (17898): Wallet sync [7963]: shielded=true, unshielded=true, dust=false
[11:15:49.814] INFO (17898): Wallet sync [7964]: shielded=true, unshielded=true, dust=false
[11:15:49.921] INFO (17898): Wallet sync [7965]: shielded=true, unshielded=true, dust=false
[11:15:49.992] INFO (17898): Wallet sync [7966]: shielded=true, unshielded=true, dust=false
[11:15:50.084] INFO (17898): Wallet sync [7967]: shielded=true, unshielded=true, dust=false
[11:15:50.172] INFO (17898): Wallet sync [7968]: shielded=true, unshielded=true, dust=false
[11:15:50.265] INFO (17898): Wallet sync [7969]: shielded=true, unshielded=true, dust=false
[11:15:50.481] INFO (17898): Wallet sync [7970]: shielded=true, unshielded=true, dust=false
[11:15:50.804] INFO (17898): Wallet sync [7971]: shielded=true, unshielded=true, dust=false
[11:15:50.932] INFO (17898): Wallet sync [7972]: shielded=true, unshielded=true, dust=false
[11:15:51.017] INFO (17898): Wallet sync [7973]: shielded=true, unshielded=true, dust=false
[11:15:51.163] INFO (17898): Wallet sync [7974]: shielded=true, unshielded=true, dust=false
[11:15:51.228] INFO (17898): Wallet sync [7975]: shielded=true, unshielded=true, dust=false
[11:15:51.310] INFO (17898): Wallet sync [7976]: shielded=true, unshielded=true, dust=false
[11:15:51.394] INFO (17898): Wallet sync [7977]: shielded=true, unshielded=true, dust=false
[11:15:51.490] INFO (17898): Wallet sync [7978]: shielded=true, unshielded=true, dust=false
[11:15:51.598] INFO (17898): Wallet sync [7979]: shielded=true, unshielded=true, dust=false
[11:15:51.682] INFO (17898): Wallet sync [7980]: shielded=true, unshielded=true, dust=false
[11:15:51.805] INFO (17898): Wallet sync [7981]: shielded=true, unshielded=true, dust=false
[11:15:51.935] INFO (17898): Wallet sync [7982]: shielded=true, unshielded=true, dust=false
[11:15:52.021] INFO (17898): Wallet sync [7983]: shielded=true, unshielded=true, dust=false
[11:15:52.129] INFO (17898): Wallet sync [7984]: shielded=true, unshielded=true, dust=false
[11:15:52.235] INFO (17898): Wallet sync [7985]: shielded=true, unshielded=true, dust=false
[11:15:52.321] INFO (17898): Wallet sync [7986]: shielded=true, unshielded=true, dust=false
[11:15:52.466] INFO (17898): Wallet sync [7987]: shielded=true, unshielded=true, dust=false
[11:15:52.523] INFO (17898): Wallet sync [7988]: shielded=true, unshielded=true, dust=false
[11:15:52.599] INFO (17898): Wallet sync [7989]: shielded=true, unshielded=true, dust=false
[11:15:52.668] INFO (17898): Wallet sync [7990]: shielded=true, unshielded=true, dust=false
[11:15:52.757] INFO (17898): Wallet sync [7991]: shielded=true, unshielded=true, dust=false
[11:15:52.847] INFO (17898): Wallet sync [7992]: shielded=true, unshielded=true, dust=false
[11:15:52.922] INFO (17898): Wallet sync [7993]: shielded=true, unshielded=true, dust=false
[11:15:53.023] INFO (17898): Wallet sync [7994]: shielded=true, unshielded=true, dust=false
[11:15:53.081] INFO (17898): Wallet sync [7995]: shielded=true, unshielded=true, dust=false
[11:15:53.153] INFO (17898): Wallet sync [7996]: shielded=true, unshielded=true, dust=false
[11:15:53.192] INFO (17898): Wallet sync [7997]: shielded=true, unshielded=true, dust=false
[11:15:53.303] INFO (17898): Wallet sync [7998]: shielded=true, unshielded=true, dust=false
[11:15:53.360] INFO (17898): Wallet sync [7999]: shielded=true, unshielded=true, dust=false
[11:15:53.402] INFO (17898): Wallet sync [8000]: shielded=true, unshielded=true, dust=false
[11:15:53.479] INFO (17898): Wallet sync [8001]: shielded=true, unshielded=true, dust=false
[11:15:53.585] INFO (17898): Wallet sync [8002]: shielded=true, unshielded=true, dust=false
[11:15:53.625] INFO (17898): Wallet sync [8003]: shielded=true, unshielded=true, dust=false
[11:15:53.676] INFO (17898): Wallet sync [8004]: shielded=true, unshielded=true, dust=false
[11:15:53.739] INFO (17898): Wallet sync [8005]: shielded=true, unshielded=true, dust=false
[11:15:53.814] INFO (17898): Wallet sync [8006]: shielded=true, unshielded=true, dust=false
[11:15:53.875] INFO (17898): Wallet sync [8007]: shielded=true, unshielded=true, dust=false
[11:15:53.972] INFO (17898): Wallet sync [8008]: shielded=true, unshielded=true, dust=false
[11:15:54.050] INFO (17898): Wallet sync [8009]: shielded=true, unshielded=true, dust=false
[11:15:54.105] INFO (17898): Wallet sync [8010]: shielded=true, unshielded=true, dust=false
[11:15:54.150] INFO (17898): Wallet sync [8011]: shielded=true, unshielded=true, dust=false
[11:15:54.201] INFO (17898): Wallet sync [8012]: shielded=true, unshielded=true, dust=false
[11:15:54.242] INFO (17898): Wallet sync [8013]: shielded=true, unshielded=true, dust=false
[11:15:54.293] INFO (17898): Wallet sync [8014]: shielded=true, unshielded=true, dust=false
[11:15:54.362] INFO (17898): Wallet sync [8015]: shielded=true, unshielded=true, dust=false
[11:15:54.447] INFO (17898): Wallet sync [8016]: shielded=true, unshielded=true, dust=false
[11:15:54.518] INFO (17898): Wallet sync [8017]: shielded=true, unshielded=true, dust=false
[11:15:54.602] INFO (17898): Wallet sync [8018]: shielded=true, unshielded=true, dust=false
[11:15:54.673] INFO (17898): Wallet sync [8019]: shielded=true, unshielded=true, dust=false
[11:15:54.747] INFO (17898): Wallet sync [8020]: shielded=true, unshielded=true, dust=false
[11:15:54.815] INFO (17898): Wallet sync [8021]: shielded=true, unshielded=true, dust=false
[11:15:54.864] INFO (17898): Wallet sync [8022]: shielded=true, unshielded=true, dust=false
[11:15:54.900] INFO (17898): Wallet sync [8023]: shielded=true, unshielded=true, dust=false
[11:15:54.939] INFO (17898): Wallet sync [8024]: shielded=true, unshielded=true, dust=false
[11:15:54.984] INFO (17898): Wallet sync [8025]: shielded=true, unshielded=true, dust=false
[11:15:55.035] INFO (17898): Wallet sync [8026]: shielded=true, unshielded=true, dust=false
[11:15:55.142] INFO (17898): Wallet sync [8027]: shielded=true, unshielded=true, dust=false
[11:15:55.189] INFO (17898): Wallet sync [8028]: shielded=true, unshielded=true, dust=false
[11:15:55.239] INFO (17898): Wallet sync [8029]: shielded=true, unshielded=true, dust=false
[11:15:55.276] INFO (17898): Wallet sync [8030]: shielded=true, unshielded=true, dust=false
[11:15:55.312] INFO (17898): Wallet sync [8031]: shielded=true, unshielded=true, dust=false
[11:15:55.353] INFO (17898): Wallet sync [8032]: shielded=true, unshielded=true, dust=false
[11:15:55.408] INFO (17898): Wallet sync [8033]: shielded=true, unshielded=true, dust=false
[11:15:55.445] INFO (17898): Wallet sync [8034]: shielded=true, unshielded=true, dust=false
[11:15:55.492] INFO (17898): Wallet sync [8035]: shielded=true, unshielded=true, dust=false
[11:15:55.553] INFO (17898): Wallet sync [8036]: shielded=true, unshielded=true, dust=false
[11:15:55.615] INFO (17898): Wallet sync [8037]: shielded=true, unshielded=true, dust=false
[11:15:55.692] INFO (17898): Wallet sync [8038]: shielded=true, unshielded=true, dust=false
[11:15:55.740] INFO (17898): Wallet sync [8039]: shielded=true, unshielded=true, dust=false
[11:15:55.821] INFO (17898): Wallet sync [8040]: shielded=true, unshielded=true, dust=false
[11:15:55.949] INFO (17898): Wallet sync [8041]: shielded=true, unshielded=true, dust=false
[11:15:56.011] INFO (17898): Wallet sync [8042]: shielded=true, unshielded=true, dust=false
[11:15:56.093] INFO (17898): Wallet sync [8043]: shielded=true, unshielded=true, dust=false
[11:15:56.098] INFO (17898): Wallet sync [8044]: shielded=true, unshielded=true, dust=false
[11:15:56.137] INFO (17898): Wallet sync [8045]: shielded=true, unshielded=true, dust=false
[11:15:56.229] INFO (17898): Wallet sync [8046]: shielded=true, unshielded=true, dust=false
[11:15:56.285] INFO (17898): Wallet sync [8047]: shielded=true, unshielded=true, dust=false
[11:15:56.325] INFO (17898): Wallet sync [8048]: shielded=true, unshielded=true, dust=false
[11:15:56.440] INFO (17898): Wallet sync [8049]: shielded=true, unshielded=true, dust=false
[11:15:56.540] INFO (17898): Wallet sync [8050]: shielded=true, unshielded=true, dust=false
[11:15:56.599] INFO (17898): Wallet sync [8051]: shielded=true, unshielded=true, dust=false
[11:15:56.670] INFO (17898): Wallet sync [8052]: shielded=true, unshielded=true, dust=false
[11:15:56.729] INFO (17898): Wallet sync [8053]: shielded=true, unshielded=true, dust=false
[11:15:56.798] INFO (17898): Wallet sync [8054]: shielded=true, unshielded=true, dust=false
[11:15:56.921] INFO (17898): Wallet sync [8055]: shielded=true, unshielded=true, dust=false
[11:15:57.038] INFO (17898): Wallet sync [8056]: shielded=true, unshielded=true, dust=false
[11:15:57.143] INFO (17898): Wallet sync [8057]: shielded=true, unshielded=true, dust=false
[11:15:57.236] INFO (17898): Wallet sync [8058]: shielded=true, unshielded=true, dust=false
[11:15:57.295] INFO (17898): Wallet sync [8059]: shielded=true, unshielded=true, dust=false
[11:15:57.341] INFO (17898): Wallet sync [8060]: shielded=true, unshielded=true, dust=false
[11:15:57.382] INFO (17898): Wallet sync [8061]: shielded=true, unshielded=true, dust=false
[11:15:57.433] INFO (17898): Wallet sync [8062]: shielded=true, unshielded=true, dust=false
[11:15:57.485] INFO (17898): Wallet sync [8063]: shielded=true, unshielded=true, dust=false
[11:15:57.550] INFO (17898): Wallet sync [8064]: shielded=true, unshielded=true, dust=false
[11:15:57.610] INFO (17898): Wallet sync [8065]: shielded=true, unshielded=true, dust=false
[11:15:57.665] INFO (17898): Wallet sync [8066]: shielded=true, unshielded=true, dust=false
[11:15:57.716] INFO (17898): Wallet sync [8067]: shielded=true, unshielded=true, dust=false
[11:15:57.776] INFO (17898): Wallet sync [8068]: shielded=true, unshielded=true, dust=false
[11:15:57.879] INFO (17898): Wallet sync [8069]: shielded=true, unshielded=true, dust=false
[11:15:57.944] INFO (17898): Wallet sync [8070]: shielded=true, unshielded=true, dust=false
[11:15:57.995] INFO (17898): Wallet sync [8071]: shielded=true, unshielded=true, dust=false
[11:15:58.043] INFO (17898): Wallet sync [8072]: shielded=true, unshielded=true, dust=false
[11:15:58.093] INFO (17898): Wallet sync [8073]: shielded=true, unshielded=true, dust=false
[11:15:58.142] INFO (17898): Wallet sync [8074]: shielded=true, unshielded=true, dust=false
[11:15:58.212] INFO (17898): Wallet sync [8075]: shielded=true, unshielded=true, dust=false
[11:15:58.270] INFO (17898): Wallet sync [8076]: shielded=true, unshielded=true, dust=false
[11:15:58.324] INFO (17898): Wallet sync [8077]: shielded=true, unshielded=true, dust=false
[11:15:58.387] INFO (17898): Wallet sync [8078]: shielded=true, unshielded=true, dust=false
[11:15:58.518] INFO (17898): Wallet sync [8079]: shielded=true, unshielded=true, dust=false
[11:15:58.615] INFO (17898): Wallet sync [8080]: shielded=true, unshielded=true, dust=false
[11:15:58.725] INFO (17898): Wallet sync [8081]: shielded=true, unshielded=true, dust=false
[11:15:58.818] INFO (17898): Wallet sync [8082]: shielded=true, unshielded=true, dust=false
[11:15:58.872] INFO (17898): Wallet sync [8083]: shielded=true, unshielded=true, dust=false
[11:15:58.918] INFO (17898): Wallet sync [8084]: shielded=true, unshielded=true, dust=false
[11:15:58.965] INFO (17898): Wallet sync [8085]: shielded=true, unshielded=true, dust=false
[11:15:59.002] INFO (17898): Wallet sync [8086]: shielded=true, unshielded=true, dust=false
[11:15:59.048] INFO (17898): Wallet sync [8087]: shielded=true, unshielded=true, dust=false
[11:15:59.103] INFO (17898): Wallet sync [8088]: shielded=true, unshielded=true, dust=false
[11:15:59.178] INFO (17898): Wallet sync [8089]: shielded=true, unshielded=true, dust=false
[11:15:59.238] INFO (17898): Wallet sync [8090]: shielded=true, unshielded=true, dust=false
[11:15:59.296] INFO (17898): Wallet sync [8091]: shielded=true, unshielded=true, dust=false
[11:15:59.406] INFO (17898): Wallet sync [8092]: shielded=true, unshielded=true, dust=false
[11:15:59.470] INFO (17898): Wallet sync [8093]: shielded=true, unshielded=true, dust=false
[11:15:59.527] INFO (17898): Wallet sync [8094]: shielded=true, unshielded=true, dust=false
[11:15:59.626] INFO (17898): Wallet sync [8095]: shielded=true, unshielded=true, dust=false
[11:15:59.675] INFO (17898): Wallet sync [8096]: shielded=true, unshielded=true, dust=false
[11:15:59.716] INFO (17898): Wallet sync [8097]: shielded=true, unshielded=true, dust=false
[11:15:59.762] INFO (17898): Wallet sync [8098]: shielded=true, unshielded=true, dust=false
[11:15:59.813] INFO (17898): Wallet sync [8099]: shielded=true, unshielded=true, dust=false
[11:15:59.876] INFO (17898): Wallet sync [8100]: shielded=true, unshielded=true, dust=false
[11:15:59.951] INFO (17898): Wallet sync [8101]: shielded=true, unshielded=true, dust=false
[11:15:59.999] INFO (17898): Wallet sync [8102]: shielded=true, unshielded=true, dust=false
[11:16:00.099] INFO (17898): Wallet sync [8103]: shielded=true, unshielded=true, dust=false
[11:16:00.140] INFO (17898): Wallet sync [8104]: shielded=true, unshielded=true, dust=false
[11:16:00.206] INFO (17898): Wallet sync [8105]: shielded=true, unshielded=true, dust=false
[11:16:00.276] INFO (17898): Wallet sync [8106]: shielded=true, unshielded=true, dust=false
[11:16:00.337] INFO (17898): Wallet sync [8107]: shielded=true, unshielded=true, dust=false
[11:16:00.411] INFO (17898): Wallet sync [8108]: shielded=true, unshielded=true, dust=false
[11:16:00.475] INFO (17898): Wallet sync [8109]: shielded=true, unshielded=true, dust=false
[11:16:00.535] INFO (17898): Wallet sync [8110]: shielded=true, unshielded=true, dust=false
[11:16:00.597] INFO (17898): Wallet sync [8111]: shielded=true, unshielded=true, dust=false
[11:16:00.651] INFO (17898): Wallet sync [8112]: shielded=true, unshielded=true, dust=false
[11:16:00.721] INFO (17898): Wallet sync [8113]: shielded=true, unshielded=true, dust=false
[11:16:00.959] INFO (17898): Wallet sync [8114]: shielded=true, unshielded=true, dust=false
[11:16:01.077] INFO (17898): Wallet sync [8115]: shielded=true, unshielded=true, dust=false
[11:16:01.157] INFO (17898): Wallet sync [8116]: shielded=true, unshielded=true, dust=false
[11:16:01.244] INFO (17898): Wallet sync [8117]: shielded=true, unshielded=true, dust=false
[11:16:01.287] INFO (17898): Wallet sync [8118]: shielded=true, unshielded=true, dust=false
[11:16:01.331] INFO (17898): Wallet sync [8119]: shielded=true, unshielded=true, dust=false
[11:16:01.382] INFO (17898): Wallet sync [8120]: shielded=true, unshielded=true, dust=false
[11:16:01.438] INFO (17898): Wallet sync [8121]: shielded=true, unshielded=true, dust=false
[11:16:01.479] INFO (17898): Wallet sync [8122]: shielded=true, unshielded=true, dust=false
[11:16:01.525] INFO (17898): Wallet sync [8123]: shielded=true, unshielded=true, dust=false
[11:16:01.581] INFO (17898): Wallet sync [8124]: shielded=true, unshielded=true, dust=false
[11:16:01.651] INFO (17898): Wallet sync [8125]: shielded=true, unshielded=true, dust=false
[11:16:01.715] INFO (17898): Wallet sync [8126]: shielded=true, unshielded=true, dust=false
[11:16:01.788] INFO (17898): Wallet sync [8127]: shielded=true, unshielded=true, dust=false
[11:16:01.880] INFO (17898): Wallet sync [8128]: shielded=true, unshielded=true, dust=false
[11:16:01.925] INFO (17898): Wallet sync [8129]: shielded=true, unshielded=true, dust=false
[11:16:01.989] INFO (17898): Wallet sync [8130]: shielded=true, unshielded=true, dust=false
[11:16:02.067] INFO (17898): Wallet sync [8131]: shielded=true, unshielded=true, dust=false
[11:16:02.119] INFO (17898): Wallet sync [8132]: shielded=true, unshielded=true, dust=false
[11:16:02.172] INFO (17898): Wallet sync [8133]: shielded=true, unshielded=true, dust=false
[11:16:02.227] INFO (17898): Wallet sync [8134]: shielded=true, unshielded=true, dust=false
[11:16:02.276] INFO (17898): Wallet sync [8135]: shielded=true, unshielded=true, dust=false
[11:16:02.374] INFO (17898): Wallet sync [8136]: shielded=true, unshielded=true, dust=false
[11:16:02.444] INFO (17898): Wallet sync [8137]: shielded=true, unshielded=true, dust=false
[11:16:02.479] INFO (17898): Wallet sync [8138]: shielded=true, unshielded=true, dust=false
[11:16:02.566] INFO (17898): Wallet sync [8139]: shielded=true, unshielded=true, dust=false
[11:16:02.635] INFO (17898): Wallet sync [8140]: shielded=true, unshielded=true, dust=false
[11:16:02.709] INFO (17898): Wallet sync [8141]: shielded=true, unshielded=true, dust=false
[11:16:02.775] INFO (17898): Wallet sync [8142]: shielded=true, unshielded=true, dust=false
[11:16:02.843] INFO (17898): Wallet sync [8143]: shielded=true, unshielded=true, dust=false
[11:16:02.938] INFO (17898): Wallet sync [8144]: shielded=true, unshielded=true, dust=false
[11:16:02.993] INFO (17898): Wallet sync [8145]: shielded=true, unshielded=true, dust=false
[11:16:03.085] INFO (17898): Wallet sync [8146]: shielded=true, unshielded=true, dust=false
[11:16:03.154] INFO (17898): Wallet sync [8147]: shielded=true, unshielded=true, dust=false
[11:16:03.194] INFO (17898): Wallet sync [8148]: shielded=true, unshielded=true, dust=false
[11:16:03.252] INFO (17898): Wallet sync [8149]: shielded=true, unshielded=true, dust=false
[11:16:03.391] INFO (17898): Wallet sync [8150]: shielded=true, unshielded=true, dust=false
[11:16:03.501] INFO (17898): Wallet sync [8151]: shielded=true, unshielded=true, dust=false
[11:16:03.621] INFO (17898): Wallet sync [8152]: shielded=true, unshielded=true, dust=false
[11:16:03.687] INFO (17898): Wallet sync [8153]: shielded=true, unshielded=true, dust=false
[11:16:03.767] INFO (17898): Wallet sync [8154]: shielded=true, unshielded=true, dust=false
[11:16:03.829] INFO (17898): Wallet sync [8155]: shielded=true, unshielded=true, dust=false
[11:16:03.892] INFO (17898): Wallet sync [8156]: shielded=true, unshielded=true, dust=false
[11:16:03.963] INFO (17898): Wallet sync [8157]: shielded=true, unshielded=true, dust=false
[11:16:04.022] INFO (17898): Wallet sync [8158]: shielded=true, unshielded=true, dust=false
[11:16:04.089] INFO (17898): Wallet sync [8159]: shielded=true, unshielded=true, dust=false
[11:16:04.145] INFO (17898): Wallet sync [8160]: shielded=true, unshielded=true, dust=false
[11:16:04.228] INFO (17898): Wallet sync [8161]: shielded=true, unshielded=true, dust=false
[11:16:04.291] INFO (17898): Wallet sync [8162]: shielded=true, unshielded=true, dust=false
[11:16:04.335] INFO (17898): Wallet sync [8163]: shielded=true, unshielded=true, dust=false
[11:16:04.440] INFO (17898): Wallet sync [8164]: shielded=true, unshielded=true, dust=false
[11:16:04.515] INFO (17898): Wallet sync [8165]: shielded=true, unshielded=true, dust=false
[11:16:04.615] INFO (17898): Wallet sync [8166]: shielded=true, unshielded=true, dust=false
[11:16:04.733] INFO (17898): Wallet sync [8167]: shielded=true, unshielded=true, dust=false
[11:16:04.827] INFO (17898): Wallet sync [8168]: shielded=true, unshielded=true, dust=false
[11:16:04.896] INFO (17898): Wallet sync [8169]: shielded=true, unshielded=true, dust=false
[11:16:04.980] INFO (17898): Wallet sync [8170]: shielded=true, unshielded=true, dust=false
[11:16:05.030] INFO (17898): Wallet sync [8171]: shielded=true, unshielded=true, dust=false
[11:16:05.073] INFO (17898): Wallet sync [8172]: shielded=true, unshielded=true, dust=false
[11:16:05.138] INFO (17898): Wallet sync [8173]: shielded=true, unshielded=true, dust=false
[11:16:05.271] INFO (17898): Wallet sync [8174]: shielded=true, unshielded=true, dust=false
[11:16:05.322] INFO (17898): Wallet sync [8175]: shielded=true, unshielded=true, dust=false
[11:16:05.361] INFO (17898): Wallet sync [8176]: shielded=true, unshielded=true, dust=false
[11:16:05.482] INFO (17898): Wallet sync [8177]: shielded=true, unshielded=true, dust=false
[11:16:05.558] INFO (17898): Wallet sync [8178]: shielded=true, unshielded=true, dust=false
[11:16:05.606] INFO (17898): Wallet sync [8179]: shielded=true, unshielded=true, dust=false
[11:16:05.667] INFO (17898): Wallet sync [8180]: shielded=true, unshielded=true, dust=false
[11:16:05.727] INFO (17898): Wallet sync [8181]: shielded=true, unshielded=true, dust=false
[11:16:05.798] INFO (17898): Wallet sync [8182]: shielded=true, unshielded=true, dust=false
[11:16:05.855] INFO (17898): Wallet sync [8183]: shielded=true, unshielded=true, dust=false
[11:16:05.909] INFO (17898): Wallet sync [8184]: shielded=true, unshielded=true, dust=false
[11:16:05.970] INFO (17898): Wallet sync [8185]: shielded=true, unshielded=true, dust=false
[11:16:06.012] INFO (17898): Wallet sync [8186]: shielded=true, unshielded=true, dust=false
[11:16:06.072] INFO (17898): Wallet sync [8187]: shielded=true, unshielded=true, dust=false
[11:16:06.134] INFO (17898): Wallet sync [8188]: shielded=true, unshielded=true, dust=false
[11:16:06.234] INFO (17898): Wallet sync [8189]: shielded=true, unshielded=true, dust=false
[11:16:06.350] INFO (17898): Wallet sync [8190]: shielded=true, unshielded=true, dust=false
[11:16:06.427] INFO (17898): Wallet sync [8191]: shielded=true, unshielded=true, dust=false
[11:16:06.501] INFO (17898): Wallet sync [8192]: shielded=true, unshielded=true, dust=false
[11:16:06.584] INFO (17898): Wallet sync [8193]: shielded=true, unshielded=true, dust=false
[11:16:06.633] INFO (17898): Wallet sync [8194]: shielded=true, unshielded=true, dust=false
[11:16:06.669] INFO (17898): Wallet sync [8195]: shielded=true, unshielded=true, dust=false
[11:16:06.715] INFO (17898): Wallet sync [8196]: shielded=true, unshielded=true, dust=false
[11:16:06.778] INFO (17898): Wallet sync [8197]: shielded=true, unshielded=true, dust=false
[11:16:06.837] INFO (17898): Wallet sync [8198]: shielded=true, unshielded=true, dust=false
[11:16:06.902] INFO (17898): Wallet sync [8199]: shielded=true, unshielded=true, dust=false
[11:16:06.961] INFO (17898): Wallet sync [8200]: shielded=true, unshielded=true, dust=false
[11:16:07.073] INFO (17898): Wallet sync [8201]: shielded=true, unshielded=true, dust=false
[11:16:07.136] INFO (17898): Wallet sync [8202]: shielded=true, unshielded=true, dust=false
[11:16:07.179] INFO (17898): Wallet sync [8203]: shielded=true, unshielded=true, dust=false
[11:16:07.259] INFO (17898): Wallet sync [8204]: shielded=true, unshielded=true, dust=false
[11:16:07.318] INFO (17898): Wallet sync [8205]: shielded=true, unshielded=true, dust=false
[11:16:07.402] INFO (17898): Wallet sync [8206]: shielded=true, unshielded=true, dust=false
[11:16:07.477] INFO (17898): Wallet sync [8207]: shielded=true, unshielded=true, dust=false
[11:16:07.537] INFO (17898): Wallet sync [8208]: shielded=true, unshielded=true, dust=false
[11:16:07.588] INFO (17898): Wallet sync [8209]: shielded=true, unshielded=true, dust=false
[11:16:07.629] INFO (17898): Wallet sync [8210]: shielded=true, unshielded=true, dust=false
[11:16:07.668] INFO (17898): Wallet sync [8211]: shielded=true, unshielded=true, dust=false
[11:16:07.708] INFO (17898): Wallet sync [8212]: shielded=true, unshielded=true, dust=false
[11:16:07.763] INFO (17898): Wallet sync [8213]: shielded=true, unshielded=true, dust=false
[11:16:07.801] INFO (17898): Wallet sync [8214]: shielded=true, unshielded=true, dust=false
[11:16:07.844] INFO (17898): Wallet sync [8215]: shielded=true, unshielded=true, dust=false
[11:16:07.886] INFO (17898): Wallet sync [8216]: shielded=true, unshielded=true, dust=false
[11:16:07.958] INFO (17898): Wallet sync [8217]: shielded=true, unshielded=true, dust=false
[11:16:08.073] INFO (17898): Wallet sync [8218]: shielded=true, unshielded=true, dust=false
[11:16:08.155] INFO (17898): Wallet sync [8219]: shielded=true, unshielded=true, dust=false
[11:16:08.229] INFO (17898): Wallet sync [8220]: shielded=true, unshielded=true, dust=false
[11:16:08.275] INFO (17898): Wallet sync [8221]: shielded=true, unshielded=true, dust=false
[11:16:08.339] INFO (17898): Wallet sync [8222]: shielded=true, unshielded=true, dust=false
[11:16:08.408] INFO (17898): Wallet sync [8223]: shielded=true, unshielded=true, dust=false
[11:16:08.471] INFO (17898): Wallet sync [8224]: shielded=true, unshielded=true, dust=false
[11:16:08.516] INFO (17898): Wallet sync [8225]: shielded=true, unshielded=true, dust=false
[11:16:08.553] INFO (17898): Wallet sync [8226]: shielded=true, unshielded=true, dust=false
[11:16:08.622] INFO (17898): Wallet sync [8227]: shielded=true, unshielded=true, dust=false
[11:16:08.683] INFO (17898): Wallet sync [8228]: shielded=true, unshielded=true, dust=false
[11:16:08.736] INFO (17898): Wallet sync [8229]: shielded=true, unshielded=true, dust=false
[11:16:08.785] INFO (17898): Wallet sync [8230]: shielded=true, unshielded=true, dust=false
[11:16:08.826] INFO (17898): Wallet sync [8231]: shielded=true, unshielded=true, dust=false
[11:16:08.891] INFO (17898): Wallet sync [8232]: shielded=true, unshielded=true, dust=false
[11:16:09.004] INFO (17898): Wallet sync [8233]: shielded=true, unshielded=true, dust=false
[11:16:09.065] INFO (17898): Wallet sync [8234]: shielded=true, unshielded=true, dust=false
[11:16:09.188] INFO (17898): Wallet sync [8235]: shielded=true, unshielded=true, dust=false
[11:16:09.290] INFO (17898): Wallet sync [8236]: shielded=true, unshielded=true, dust=false
[11:16:09.332] INFO (17898): Wallet sync [8237]: shielded=true, unshielded=true, dust=false
[11:16:09.383] INFO (17898): Wallet sync [8238]: shielded=true, unshielded=true, dust=false
[11:16:09.443] INFO (17898): Wallet sync [8239]: shielded=true, unshielded=true, dust=false
[11:16:09.529] INFO (17898): Wallet sync [8240]: shielded=true, unshielded=true, dust=false
[11:16:09.573] INFO (17898): Wallet sync [8241]: shielded=true, unshielded=true, dust=false
[11:16:11.114] INFO (17898): Wallet sync [8242]: shielded=true, unshielded=true, dust=false
[11:16:11.185] INFO (17898): Wallet sync [8243]: shielded=true, unshielded=true, dust=false
[11:16:11.312] INFO (17898): Wallet sync [8244]: shielded=true, unshielded=true, dust=false
[11:16:11.351] INFO (17898): Wallet sync [8245]: shielded=true, unshielded=true, dust=false
[11:16:11.399] INFO (17898): Wallet sync [8246]: shielded=true, unshielded=true, dust=false
[11:16:11.461] INFO (17898): Wallet sync [8247]: shielded=true, unshielded=true, dust=false
[11:16:11.558] INFO (17898): Wallet sync [8248]: shielded=true, unshielded=true, dust=false
[11:16:11.731] INFO (17898): Wallet sync [8249]: shielded=true, unshielded=true, dust=false
[11:16:11.820] INFO (17898): Wallet sync [8250]: shielded=true, unshielded=true, dust=false
[11:16:11.898] INFO (17898): Wallet sync [8251]: shielded=true, unshielded=true, dust=false
[11:16:11.977] INFO (17898): Wallet sync [8252]: shielded=true, unshielded=true, dust=false
[11:16:12.054] INFO (17898): Wallet sync [8253]: shielded=true, unshielded=true, dust=false
[11:16:12.119] INFO (17898): Wallet sync [8254]: shielded=true, unshielded=true, dust=false
[11:16:12.162] INFO (17898): Wallet sync [8255]: shielded=true, unshielded=true, dust=false
[11:16:12.306] INFO (17898): Wallet sync [8256]: shielded=true, unshielded=true, dust=false
[11:16:12.364] INFO (17898): Wallet sync [8257]: shielded=true, unshielded=true, dust=false
[11:16:12.406] INFO (17898): Wallet sync [8258]: shielded=true, unshielded=true, dust=false
[11:16:12.451] INFO (17898): Wallet sync [8259]: shielded=true, unshielded=true, dust=false
[11:16:12.497] INFO (17898): Wallet sync [8260]: shielded=true, unshielded=true, dust=false
[11:16:12.556] INFO (17898): Wallet sync [8261]: shielded=true, unshielded=true, dust=false
[11:16:12.617] INFO (17898): Wallet sync [8262]: shielded=true, unshielded=true, dust=false
[11:16:12.682] INFO (17898): Wallet sync [8263]: shielded=true, unshielded=true, dust=false
[11:16:12.759] INFO (17898): Wallet sync [8264]: shielded=true, unshielded=true, dust=false
[11:16:12.816] INFO (17898): Wallet sync [8265]: shielded=true, unshielded=true, dust=false
[11:16:12.884] INFO (17898): Wallet sync [8266]: shielded=true, unshielded=true, dust=false
[11:16:12.984] INFO (17898): Wallet sync [8267]: shielded=true, unshielded=true, dust=false
[11:16:13.057] INFO (17898): Wallet sync [8268]: shielded=true, unshielded=true, dust=false
[11:16:13.138] INFO (17898): Wallet sync [8269]: shielded=true, unshielded=true, dust=false
[11:16:13.195] INFO (17898): Wallet sync [8270]: shielded=true, unshielded=true, dust=false
[11:16:13.243] INFO (17898): Wallet sync [8271]: shielded=true, unshielded=true, dust=false
[11:16:13.303] INFO (17898): Wallet sync [8272]: shielded=true, unshielded=true, dust=false
[11:16:13.361] INFO (17898): Wallet sync [8273]: shielded=true, unshielded=true, dust=false
[11:16:13.410] INFO (17898): Wallet sync [8274]: shielded=true, unshielded=true, dust=false
[11:16:13.451] INFO (17898): Wallet sync [8275]: shielded=true, unshielded=true, dust=false
[11:16:13.514] INFO (17898): Wallet sync [8276]: shielded=true, unshielded=true, dust=false
[11:16:13.577] INFO (17898): Wallet sync [8277]: shielded=true, unshielded=true, dust=false
[11:16:13.677] INFO (17898): Wallet sync [8278]: shielded=true, unshielded=true, dust=false
[11:16:13.758] INFO (17898): Wallet sync [8279]: shielded=true, unshielded=true, dust=false
[11:16:13.799] INFO (17898): Wallet sync [8280]: shielded=true, unshielded=true, dust=false
[11:16:13.855] INFO (17898): Wallet sync [8281]: shielded=true, unshielded=true, dust=false
[11:16:13.950] INFO (17898): Wallet sync [8282]: shielded=true, unshielded=true, dust=false
[11:16:14.012] INFO (17898): Wallet sync [8283]: shielded=true, unshielded=true, dust=false
[11:16:14.079] INFO (17898): Wallet sync [8284]: shielded=true, unshielded=true, dust=false
[11:16:14.136] INFO (17898): Wallet sync [8285]: shielded=true, unshielded=true, dust=false
[11:16:14.173] INFO (17898): Wallet sync [8286]: shielded=true, unshielded=true, dust=false
[11:16:14.221] INFO (17898): Wallet sync [8287]: shielded=true, unshielded=true, dust=false
[11:16:14.266] INFO (17898): Wallet sync [8288]: shielded=true, unshielded=true, dust=false
[11:16:14.318] INFO (17898): Wallet sync [8289]: shielded=true, unshielded=true, dust=false
[11:16:14.356] INFO (17898): Wallet sync [8290]: shielded=true, unshielded=true, dust=false
[11:16:14.424] INFO (17898): Wallet sync [8291]: shielded=true, unshielded=true, dust=false
[11:16:14.512] INFO (17898): Wallet sync [8292]: shielded=true, unshielded=true, dust=false
[11:16:14.624] INFO (17898): Wallet sync [8293]: shielded=true, unshielded=true, dust=false
[11:16:14.691] INFO (17898): Wallet sync [8294]: shielded=true, unshielded=true, dust=false
[11:16:14.744] INFO (17898): Wallet sync [8295]: shielded=true, unshielded=true, dust=false
[11:16:14.845] INFO (17898): Wallet sync [8296]: shielded=true, unshielded=true, dust=false
[11:16:14.905] INFO (17898): Wallet sync [8297]: shielded=true, unshielded=true, dust=false
[11:16:14.950] INFO (17898): Wallet sync [8298]: shielded=true, unshielded=true, dust=false
[11:16:14.997] INFO (17898): Wallet sync [8299]: shielded=true, unshielded=true, dust=false
[11:16:15.047] INFO (17898): Wallet sync [8300]: shielded=true, unshielded=true, dust=false
[11:16:15.107] INFO (17898): Wallet sync [8301]: shielded=true, unshielded=true, dust=false
[11:16:15.159] INFO (17898): Wallet sync [8302]: shielded=true, unshielded=true, dust=false
[11:16:15.198] INFO (17898): Wallet sync [8303]: shielded=true, unshielded=true, dust=false
[11:16:15.244] INFO (17898): Wallet sync [8304]: shielded=true, unshielded=true, dust=false
[11:16:15.318] INFO (17898): Wallet sync [8305]: shielded=true, unshielded=true, dust=false
[11:16:15.379] INFO (17898): Wallet sync [8306]: shielded=true, unshielded=true, dust=false
[11:16:15.483] INFO (17898): Wallet sync [8307]: shielded=true, unshielded=true, dust=false
[11:16:15.543] INFO (17898): Wallet sync [8308]: shielded=true, unshielded=true, dust=false
[11:16:15.652] INFO (17898): Wallet sync [8309]: shielded=true, unshielded=true, dust=false
[11:16:15.721] INFO (17898): Wallet sync [8310]: shielded=true, unshielded=true, dust=false
[11:16:15.774] INFO (17898): Wallet sync [8311]: shielded=true, unshielded=true, dust=false
[11:16:15.842] INFO (17898): Wallet sync [8312]: shielded=true, unshielded=true, dust=false
[11:16:15.908] INFO (17898): Wallet sync [8313]: shielded=true, unshielded=true, dust=false
[11:16:15.953] INFO (17898): Wallet sync [8314]: shielded=true, unshielded=true, dust=false
[11:16:16.014] INFO (17898): Wallet sync [8315]: shielded=true, unshielded=true, dust=false
[11:16:16.075] INFO (17898): Wallet sync [8316]: shielded=true, unshielded=true, dust=false
[11:16:16.142] INFO (17898): Wallet sync [8317]: shielded=true, unshielded=true, dust=false
[11:16:16.184] INFO (17898): Wallet sync [8318]: shielded=true, unshielded=true, dust=false
[11:16:16.238] INFO (17898): Wallet sync [8319]: shielded=true, unshielded=true, dust=false
[11:16:16.337] INFO (17898): Wallet sync [8320]: shielded=true, unshielded=true, dust=false
[11:16:16.423] INFO (17898): Wallet sync [8321]: shielded=true, unshielded=true, dust=false
[11:16:16.470] INFO (17898): Wallet sync [8322]: shielded=true, unshielded=true, dust=false
[11:16:16.520] INFO (17898): Wallet sync [8323]: shielded=true, unshielded=true, dust=false
[11:16:16.584] INFO (17898): Wallet sync [8324]: shielded=true, unshielded=true, dust=false
[11:16:16.651] INFO (17898): Wallet sync [8325]: shielded=true, unshielded=true, dust=false
[11:16:16.710] INFO (17898): Wallet sync [8326]: shielded=true, unshielded=true, dust=false
[11:16:16.771] INFO (17898): Wallet sync [8327]: shielded=true, unshielded=true, dust=false
[11:16:16.832] INFO (17898): Wallet sync [8328]: shielded=true, unshielded=true, dust=false
[11:16:16.900] INFO (17898): Wallet sync [8329]: shielded=true, unshielded=true, dust=false
[11:16:16.944] INFO (17898): Wallet sync [8330]: shielded=true, unshielded=true, dust=false
[11:16:17.006] INFO (17898): Wallet sync [8331]: shielded=true, unshielded=true, dust=false
[11:16:17.070] INFO (17898): Wallet sync [8332]: shielded=true, unshielded=true, dust=false
[11:16:17.167] INFO (17898): Wallet sync [8333]: shielded=true, unshielded=true, dust=false
[11:16:17.255] INFO (17898): Wallet sync [8334]: shielded=true, unshielded=true, dust=false
[11:16:17.390] INFO (17898): Wallet sync [8335]: shielded=true, unshielded=true, dust=false
[11:16:17.437] INFO (17898): Wallet sync [8336]: shielded=true, unshielded=true, dust=false
[11:16:17.481] INFO (17898): Wallet sync [8337]: shielded=true, unshielded=true, dust=false
[11:16:17.551] INFO (17898): Wallet sync [8338]: shielded=true, unshielded=true, dust=false
[11:16:17.604] INFO (17898): Wallet sync [8339]: shielded=true, unshielded=true, dust=false
[11:16:17.669] INFO (17898): Wallet sync [8340]: shielded=true, unshielded=true, dust=false
[11:16:17.742] INFO (17898): Wallet sync [8341]: shielded=true, unshielded=true, dust=false
[11:16:17.783] INFO (17898): Wallet sync [8342]: shielded=true, unshielded=true, dust=false
[11:16:17.822] INFO (17898): Wallet sync [8343]: shielded=true, unshielded=true, dust=false
[11:16:17.867] INFO (17898): Wallet sync [8344]: shielded=true, unshielded=true, dust=false
[11:16:17.914] INFO (17898): Wallet sync [8345]: shielded=true, unshielded=true, dust=false
[11:16:17.983] INFO (17898): Wallet sync [8346]: shielded=true, unshielded=true, dust=false
[11:16:18.047] INFO (17898): Wallet sync [8347]: shielded=true, unshielded=true, dust=false
[11:16:18.111] INFO (17898): Wallet sync [8348]: shielded=true, unshielded=true, dust=false
[11:16:18.180] INFO (17898): Wallet sync [8349]: shielded=true, unshielded=true, dust=false
[11:16:18.223] INFO (17898): Wallet sync [8350]: shielded=true, unshielded=true, dust=false
[11:16:18.283] INFO (17898): Wallet sync [8351]: shielded=true, unshielded=true, dust=false
[11:16:18.381] INFO (17898): Wallet sync [8352]: shielded=true, unshielded=true, dust=false
[11:16:18.435] INFO (17898): Wallet sync [8353]: shielded=true, unshielded=true, dust=false
[11:16:18.496] INFO (17898): Wallet sync [8354]: shielded=true, unshielded=true, dust=false
[11:16:18.536] INFO (17898): Wallet sync [8355]: shielded=true, unshielded=true, dust=false
[11:16:18.587] INFO (17898): Wallet sync [8356]: shielded=true, unshielded=true, dust=false
[11:16:18.642] INFO (17898): Wallet sync [8357]: shielded=true, unshielded=true, dust=false
[11:16:18.687] INFO (17898): Wallet sync [8358]: shielded=true, unshielded=true, dust=false
[11:16:18.730] INFO (17898): Wallet sync [8359]: shielded=true, unshielded=true, dust=false
[11:16:18.799] INFO (17898): Wallet sync [8360]: shielded=true, unshielded=true, dust=false
[11:16:18.845] INFO (17898): Wallet sync [8361]: shielded=true, unshielded=true, dust=false
[11:16:18.954] INFO (17898): Wallet sync [8362]: shielded=true, unshielded=true, dust=false
[11:16:19.010] INFO (17898): Wallet sync [8363]: shielded=true, unshielded=true, dust=false
[11:16:19.063] INFO (17898): Wallet sync [8364]: shielded=true, unshielded=true, dust=false
[11:16:19.112] INFO (17898): Wallet sync [8365]: shielded=true, unshielded=true, dust=false
[11:16:19.152] INFO (17898): Wallet sync [8366]: shielded=true, unshielded=true, dust=false
[11:16:19.207] INFO (17898): Wallet sync [8367]: shielded=true, unshielded=true, dust=false
[11:16:19.254] INFO (17898): Wallet sync [8368]: shielded=true, unshielded=true, dust=false
[11:16:19.325] INFO (17898): Wallet sync [8369]: shielded=true, unshielded=true, dust=false
[11:16:19.385] INFO (17898): Wallet sync [8370]: shielded=true, unshielded=true, dust=false
[11:16:19.442] INFO (17898): Wallet sync [8371]: shielded=true, unshielded=true, dust=false
[11:16:19.503] INFO (17898): Wallet sync [8372]: shielded=true, unshielded=true, dust=false
[11:16:19.593] INFO (17898): Wallet sync [8373]: shielded=true, unshielded=true, dust=false
[11:16:19.686] INFO (17898): Wallet sync [8374]: shielded=true, unshielded=true, dust=false
[11:16:19.785] INFO (17898): Wallet sync [8375]: shielded=true, unshielded=true, dust=false
[11:16:19.880] INFO (17898): Wallet sync [8376]: shielded=true, unshielded=true, dust=false
[11:16:19.949] INFO (17898): Wallet sync [8377]: shielded=true, unshielded=true, dust=false
[11:16:19.994] INFO (17898): Wallet sync [8378]: shielded=true, unshielded=true, dust=false
[11:16:20.051] INFO (17898): Wallet sync [8379]: shielded=true, unshielded=true, dust=false
[11:16:20.099] INFO (17898): Wallet sync [8380]: shielded=true, unshielded=true, dust=false
[11:16:20.159] INFO (17898): Wallet sync [8381]: shielded=true, unshielded=true, dust=false
[11:16:20.207] INFO (17898): Wallet sync [8382]: shielded=true, unshielded=true, dust=false
[11:16:20.257] INFO (17898): Wallet sync [8383]: shielded=true, unshielded=true, dust=false
[11:16:20.313] INFO (17898): Wallet sync [8384]: shielded=true, unshielded=true, dust=false
[11:16:20.364] INFO (17898): Wallet sync [8385]: shielded=true, unshielded=true, dust=false
[11:16:20.415] INFO (17898): Wallet sync [8386]: shielded=true, unshielded=true, dust=false
[11:16:20.495] INFO (17898): Wallet sync [8387]: shielded=true, unshielded=true, dust=false
[11:16:20.543] INFO (17898): Wallet sync [8388]: shielded=true, unshielded=true, dust=false
[11:16:20.604] INFO (17898): Wallet sync [8389]: shielded=true, unshielded=true, dust=false
[11:16:20.660] INFO (17898): Wallet sync [8390]: shielded=true, unshielded=true, dust=false
[11:16:20.749] INFO (17898): Wallet sync [8391]: shielded=true, unshielded=true, dust=false
[11:16:20.804] INFO (17898): Wallet sync [8392]: shielded=true, unshielded=true, dust=false
[11:16:20.859] INFO (17898): Wallet sync [8393]: shielded=true, unshielded=true, dust=false
[11:16:20.898] INFO (17898): Wallet sync [8394]: shielded=true, unshielded=true, dust=false
[11:16:20.939] INFO (17898): Wallet sync [8395]: shielded=true, unshielded=true, dust=false
[11:16:20.976] INFO (17898): Wallet sync [8396]: shielded=true, unshielded=true, dust=false
[11:16:21.022] INFO (17898): Wallet sync [8397]: shielded=true, unshielded=true, dust=false
[11:16:21.071] INFO (17898): Wallet sync [8398]: shielded=true, unshielded=true, dust=false
[11:16:21.131] INFO (17898): Wallet sync [8399]: shielded=true, unshielded=true, dust=false
[11:16:21.239] INFO (17898): Wallet sync [8400]: shielded=true, unshielded=true, dust=false
[11:16:21.305] INFO (17898): Wallet sync [8401]: shielded=true, unshielded=true, dust=false
[11:16:21.345] INFO (17898): Wallet sync [8402]: shielded=true, unshielded=true, dust=false
[11:16:21.449] INFO (17898): Wallet sync [8403]: shielded=true, unshielded=true, dust=false
[11:16:21.561] INFO (17898): Wallet sync [8404]: shielded=true, unshielded=true, dust=false
[11:16:21.663] INFO (17898): Wallet sync [8405]: shielded=true, unshielded=true, dust=false
[11:16:21.732] INFO (17898): Wallet sync [8406]: shielded=true, unshielded=true, dust=false
[11:16:21.780] INFO (17898): Wallet sync [8407]: shielded=true, unshielded=true, dust=false
[11:16:21.829] INFO (17898): Wallet sync [8408]: shielded=true, unshielded=true, dust=false
[11:16:21.887] INFO (17898): Wallet sync [8409]: shielded=true, unshielded=true, dust=false
[11:16:21.940] INFO (17898): Wallet sync [8410]: shielded=true, unshielded=true, dust=false
[11:16:21.979] INFO (17898): Wallet sync [8411]: shielded=true, unshielded=true, dust=false
[11:16:22.021] INFO (17898): Wallet sync [8412]: shielded=true, unshielded=true, dust=false
[11:16:22.120] INFO (17898): Wallet sync [8413]: shielded=true, unshielded=true, dust=false
[11:16:22.191] INFO (17898): Wallet sync [8414]: shielded=true, unshielded=true, dust=false
[11:16:22.252] INFO (17898): Wallet sync [8415]: shielded=true, unshielded=true, dust=false
[11:16:22.307] INFO (17898): Wallet sync [8416]: shielded=true, unshielded=true, dust=false
[11:16:22.356] INFO (17898): Wallet sync [8417]: shielded=true, unshielded=true, dust=false
[11:16:22.406] INFO (17898): Wallet sync [8418]: shielded=true, unshielded=true, dust=false
[11:16:22.470] INFO (17898): Wallet sync [8419]: shielded=true, unshielded=true, dust=false
[11:16:22.633] INFO (17898): Wallet sync [8420]: shielded=true, unshielded=true, dust=false
[11:16:22.822] INFO (17898): Wallet sync [8421]: shielded=true, unshielded=true, dust=false
[11:16:22.906] INFO (17898): Wallet sync [8422]: shielded=true, unshielded=true, dust=false
[11:16:22.957] INFO (17898): Wallet sync [8423]: shielded=true, unshielded=true, dust=false
[11:16:23.015] INFO (17898): Wallet sync [8424]: shielded=true, unshielded=true, dust=false
[11:16:23.071] INFO (17898): Wallet sync [8425]: shielded=true, unshielded=true, dust=false
[11:16:23.120] INFO (17898): Wallet sync [8426]: shielded=true, unshielded=true, dust=false
[11:16:23.214] INFO (17898): Wallet sync [8427]: shielded=true, unshielded=true, dust=false
[11:16:23.258] INFO (17898): Wallet sync [8428]: shielded=true, unshielded=true, dust=false
[11:16:23.296] INFO (17898): Wallet sync [8429]: shielded=true, unshielded=true, dust=false
[11:16:23.350] INFO (17898): Wallet sync [8430]: shielded=true, unshielded=true, dust=false
[11:16:23.387] INFO (17898): Wallet sync [8431]: shielded=true, unshielded=true, dust=false
[11:16:23.436] INFO (17898): Wallet sync [8432]: shielded=true, unshielded=true, dust=false
[11:16:23.489] INFO (17898): Wallet sync [8433]: shielded=true, unshielded=true, dust=false
[11:16:23.532] INFO (17898): Wallet sync [8434]: shielded=true, unshielded=true, dust=false
[11:16:23.614] INFO (17898): Wallet sync [8435]: shielded=true, unshielded=true, dust=false
[11:16:23.700] INFO (17898): Wallet sync [8436]: shielded=true, unshielded=true, dust=false
[11:16:23.761] INFO (17898): Wallet sync [8437]: shielded=true, unshielded=true, dust=false
[11:16:23.806] INFO (17898): Wallet sync [8438]: shielded=true, unshielded=true, dust=false
[11:16:23.855] INFO (17898): Wallet sync [8439]: shielded=true, unshielded=true, dust=false
[11:16:23.944] INFO (17898): Wallet sync [8440]: shielded=true, unshielded=true, dust=false
[11:16:23.984] INFO (17898): Wallet sync [8441]: shielded=true, unshielded=true, dust=false
[11:16:24.031] INFO (17898): Wallet sync [8442]: shielded=true, unshielded=true, dust=false
[11:16:24.084] INFO (17898): Wallet sync [8443]: shielded=true, unshielded=true, dust=false
[11:16:24.126] INFO (17898): Wallet sync [8444]: shielded=true, unshielded=true, dust=false
[11:16:24.185] INFO (17898): Wallet sync [8445]: shielded=true, unshielded=true, dust=false
[11:16:24.228] INFO (17898): Wallet sync [8446]: shielded=true, unshielded=true, dust=false
[11:16:24.280] INFO (17898): Wallet sync [8447]: shielded=true, unshielded=true, dust=false
[11:16:24.363] INFO (17898): Wallet sync [8448]: shielded=true, unshielded=true, dust=false
[11:16:24.484] INFO (17898): Wallet sync [8449]: shielded=true, unshielded=true, dust=false
[11:16:24.536] INFO (17898): Wallet sync [8450]: shielded=true, unshielded=true, dust=false
[11:16:24.580] INFO (17898): Wallet sync [8451]: shielded=true, unshielded=true, dust=false
[11:16:24.639] INFO (17898): Wallet sync [8452]: shielded=true, unshielded=true, dust=false
[11:16:24.716] INFO (17898): Wallet sync [8453]: shielded=true, unshielded=true, dust=false
[11:16:24.803] INFO (17898): Wallet sync [8454]: shielded=true, unshielded=true, dust=false
[11:16:24.857] INFO (17898): Wallet sync [8455]: shielded=true, unshielded=true, dust=false
[11:16:24.951] INFO (17898): Wallet sync [8456]: shielded=true, unshielded=true, dust=false
[11:16:24.988] INFO (17898): Wallet sync [8457]: shielded=true, unshielded=true, dust=false
[11:16:25.035] INFO (17898): Wallet sync [8458]: shielded=true, unshielded=true, dust=false
[11:16:25.132] INFO (17898): Wallet sync [8459]: shielded=true, unshielded=true, dust=false
[11:16:25.252] INFO (17898): Wallet sync [8460]: shielded=true, unshielded=true, dust=false
[11:16:25.315] INFO (17898): Wallet sync [8461]: shielded=true, unshielded=true, dust=false
[11:16:25.375] INFO (17898): Wallet sync [8462]: shielded=true, unshielded=true, dust=false
[11:16:25.444] INFO (17898): Wallet sync [8463]: shielded=true, unshielded=true, dust=false
[11:16:25.486] INFO (17898): Wallet sync [8464]: shielded=true, unshielded=true, dust=false
[11:16:25.536] INFO (17898): Wallet sync [8465]: shielded=true, unshielded=true, dust=false
[11:16:25.656] INFO (17898): Wallet sync [8466]: shielded=true, unshielded=true, dust=false
[11:16:25.695] INFO (17898): Wallet sync [8467]: shielded=true, unshielded=true, dust=false
[11:16:25.741] INFO (17898): Wallet sync [8468]: shielded=true, unshielded=true, dust=false
[11:16:25.790] INFO (17898): Wallet sync [8469]: shielded=true, unshielded=true, dust=false
[11:16:25.849] INFO (17898): Wallet sync [8470]: shielded=true, unshielded=true, dust=false
[11:16:25.915] INFO (17898): Wallet sync [8471]: shielded=true, unshielded=true, dust=false
[11:16:25.991] INFO (17898): Wallet sync [8472]: shielded=true, unshielded=true, dust=false
[11:16:26.050] INFO (17898): Wallet sync [8473]: shielded=true, unshielded=true, dust=false
[11:16:26.133] INFO (17898): Wallet sync [8474]: shielded=true, unshielded=true, dust=false
[11:16:26.215] INFO (17898): Wallet sync [8475]: shielded=true, unshielded=true, dust=false
[11:16:26.320] INFO (17898): Wallet sync [8476]: shielded=true, unshielded=true, dust=false
[11:16:26.362] INFO (17898): Wallet sync [8477]: shielded=true, unshielded=true, dust=false
[11:16:26.400] INFO (17898): Wallet sync [8478]: shielded=true, unshielded=true, dust=false
[11:16:26.436] INFO (17898): Wallet sync [8479]: shielded=true, unshielded=true, dust=false
[11:16:26.493] INFO (17898): Wallet sync [8480]: shielded=true, unshielded=true, dust=false
[11:16:26.538] INFO (17898): Wallet sync [8481]: shielded=true, unshielded=true, dust=false
[11:16:26.575] INFO (17898): Wallet sync [8482]: shielded=true, unshielded=true, dust=false
[11:16:26.643] INFO (17898): Wallet sync [8483]: shielded=true, unshielded=true, dust=false
[11:16:26.700] INFO (17898): Wallet sync [8484]: shielded=true, unshielded=true, dust=false
[11:16:26.749] INFO (17898): Wallet sync [8485]: shielded=true, unshielded=true, dust=false
[11:16:26.797] INFO (17898): Wallet sync [8486]: shielded=true, unshielded=true, dust=false
[11:16:26.800] INFO (17898): Wallet sync [8487]: shielded=true, unshielded=true, dust=false
[11:16:26.841] INFO (17898): Wallet sync [8488]: shielded=true, unshielded=true, dust=false
[11:16:26.898] INFO (17898): Wallet sync [8489]: shielded=true, unshielded=true, dust=false
[11:16:27.009] INFO (17898): Wallet sync [8490]: shielded=true, unshielded=true, dust=false
[11:16:27.092] INFO (17898): Wallet sync [8491]: shielded=true, unshielded=true, dust=false
[11:16:27.162] INFO (17898): Wallet sync [8492]: shielded=true, unshielded=true, dust=false
[11:16:27.204] INFO (17898): Wallet sync [8493]: shielded=true, unshielded=true, dust=false
[11:16:27.259] INFO (17898): Wallet sync [8494]: shielded=true, unshielded=true, dust=false
[11:16:27.296] INFO (17898): Wallet sync [8495]: shielded=true, unshielded=true, dust=false
[11:16:27.353] INFO (17898): Wallet sync [8496]: shielded=true, unshielded=true, dust=false
[11:16:27.400] INFO (17898): Wallet sync [8497]: shielded=true, unshielded=true, dust=false
[11:16:27.469] INFO (17898): Wallet sync [8498]: shielded=true, unshielded=true, dust=false
[11:16:27.537] INFO (17898): Wallet sync [8499]: shielded=true, unshielded=true, dust=false
[11:16:27.599] INFO (17898): Wallet sync [8500]: shielded=true, unshielded=true, dust=false
[11:16:27.671] INFO (17898): Wallet sync [8501]: shielded=true, unshielded=true, dust=false
[11:16:27.778] INFO (17898): Wallet sync [8502]: shielded=true, unshielded=true, dust=false
[11:16:27.843] INFO (17898): Wallet sync [8503]: shielded=true, unshielded=true, dust=false
[11:16:27.903] INFO (17898): Wallet sync [8504]: shielded=true, unshielded=true, dust=false
[11:16:27.941] INFO (17898): Wallet sync [8505]: shielded=true, unshielded=true, dust=false
[11:16:28.010] INFO (17898): Wallet sync [8506]: shielded=true, unshielded=true, dust=false
[11:16:28.061] INFO (17898): Wallet sync [8507]: shielded=true, unshielded=true, dust=false
[11:16:28.097] INFO (17898): Wallet sync [8508]: shielded=true, unshielded=true, dust=false
[11:16:28.146] INFO (17898): Wallet sync [8509]: shielded=true, unshielded=true, dust=false
[11:16:28.191] INFO (17898): Wallet sync [8510]: shielded=true, unshielded=true, dust=false
[11:16:28.261] INFO (17898): Wallet sync [8511]: shielded=true, unshielded=true, dust=false
[11:16:28.327] INFO (17898): Wallet sync [8512]: shielded=true, unshielded=true, dust=false
[11:16:28.386] INFO (17898): Wallet sync [8513]: shielded=true, unshielded=true, dust=false
[11:16:28.431] INFO (17898): Wallet sync [8514]: shielded=true, unshielded=true, dust=false
[11:16:28.486] INFO (17898): Wallet sync [8515]: shielded=true, unshielded=true, dust=false
[11:16:28.537] INFO (17898): Wallet sync [8516]: shielded=true, unshielded=true, dust=false
[11:16:28.604] INFO (17898): Wallet sync [8517]: shielded=true, unshielded=true, dust=false
[11:16:28.644] INFO (17898): Wallet sync [8518]: shielded=true, unshielded=true, dust=false
[11:16:28.740] INFO (17898): Wallet sync [8519]: shielded=true, unshielded=true, dust=false
[11:16:28.828] INFO (17898): Wallet sync [8520]: shielded=true, unshielded=true, dust=false
[11:16:28.908] INFO (17898): Wallet sync [8521]: shielded=true, unshielded=true, dust=false
[11:16:28.950] INFO (17898): Wallet sync [8522]: shielded=true, unshielded=true, dust=false
[11:16:29.009] INFO (17898): Wallet sync [8523]: shielded=true, unshielded=true, dust=false
[11:16:29.081] INFO (17898): Wallet sync [8524]: shielded=true, unshielded=true, dust=false
[11:16:29.138] INFO (17898): Wallet sync [8525]: shielded=true, unshielded=true, dust=false
[11:16:29.194] INFO (17898): Wallet sync [8526]: shielded=true, unshielded=true, dust=false
[11:16:29.249] INFO (17898): Wallet sync [8527]: shielded=true, unshielded=true, dust=false
[11:16:29.295] INFO (17898): Wallet sync [8528]: shielded=true, unshielded=true, dust=false
[11:16:29.344] INFO (17898): Wallet sync [8529]: shielded=true, unshielded=true, dust=false
[11:16:29.402] INFO (17898): Wallet sync [8530]: shielded=true, unshielded=true, dust=false
[11:16:29.455] INFO (17898): Wallet sync [8531]: shielded=true, unshielded=true, dust=false
[11:16:29.541] INFO (17898): Wallet sync [8532]: shielded=true, unshielded=true, dust=false
[11:16:29.608] INFO (17898): Wallet sync [8533]: shielded=true, unshielded=true, dust=false
[11:16:29.747] INFO (17898): Wallet sync [8534]: shielded=true, unshielded=true, dust=false
[11:16:29.887] INFO (17898): Wallet sync [8535]: shielded=true, unshielded=true, dust=false
[11:16:29.955] INFO (17898): Wallet sync [8536]: shielded=true, unshielded=true, dust=false
[11:16:30.012] INFO (17898): Wallet sync [8537]: shielded=true, unshielded=true, dust=false
[11:16:30.112] INFO (17898): Wallet sync [8538]: shielded=true, unshielded=true, dust=false
[11:16:30.238] INFO (17898): Wallet sync [8539]: shielded=true, unshielded=true, dust=false
[11:16:30.329] INFO (17898): Wallet sync [8540]: shielded=true, unshielded=true, dust=false
[11:16:30.387] INFO (17898): Wallet sync [8541]: shielded=true, unshielded=true, dust=false
[11:16:30.467] INFO (17898): Wallet sync [8542]: shielded=true, unshielded=true, dust=false
[11:16:30.526] INFO (17898): Wallet sync [8543]: shielded=true, unshielded=true, dust=false
[11:16:30.644] INFO (17898): Wallet sync [8544]: shielded=true, unshielded=true, dust=false
[11:16:30.709] INFO (17898): Wallet sync [8545]: shielded=true, unshielded=true, dust=false
[11:16:30.797] INFO (17898): Wallet sync [8546]: shielded=true, unshielded=true, dust=false
[11:16:30.900] INFO (17898): Wallet sync [8547]: shielded=true, unshielded=true, dust=false
[11:16:30.985] INFO (17898): Wallet sync [8548]: shielded=true, unshielded=true, dust=false
[11:16:31.096] INFO (17898): Wallet sync [8549]: shielded=true, unshielded=true, dust=false
[11:16:31.170] INFO (17898): Wallet sync [8550]: shielded=true, unshielded=true, dust=false
[11:16:31.219] INFO (17898): Wallet sync [8551]: shielded=true, unshielded=true, dust=false
[11:16:31.262] INFO (17898): Wallet sync [8552]: shielded=true, unshielded=true, dust=false
[11:16:31.304] INFO (17898): Wallet sync [8553]: shielded=true, unshielded=true, dust=false
[11:16:31.381] INFO (17898): Wallet sync [8554]: shielded=true, unshielded=true, dust=false
[11:16:31.427] INFO (17898): Wallet sync [8555]: shielded=true, unshielded=true, dust=false
[11:16:31.470] INFO (17898): Wallet sync [8556]: shielded=true, unshielded=true, dust=false
[11:16:31.517] INFO (17898): Wallet sync [8557]: shielded=true, unshielded=true, dust=false
[11:16:31.573] INFO (17898): Wallet sync [8558]: shielded=true, unshielded=true, dust=false
[11:16:31.631] INFO (17898): Wallet sync [8559]: shielded=true, unshielded=true, dust=false
[11:16:31.720] INFO (17898): Wallet sync [8560]: shielded=true, unshielded=true, dust=false
[11:16:31.786] INFO (17898): Wallet sync [8561]: shielded=true, unshielded=true, dust=false
[11:16:31.850] INFO (17898): Wallet sync [8562]: shielded=true, unshielded=true, dust=false
[11:16:31.925] INFO (17898): Wallet sync [8563]: shielded=true, unshielded=true, dust=false
[11:16:32.023] INFO (17898): Wallet sync [8564]: shielded=true, unshielded=true, dust=false
[11:16:32.134] INFO (17898): Wallet sync [8565]: shielded=true, unshielded=true, dust=false
[11:16:32.183] INFO (17898): Wallet sync [8566]: shielded=true, unshielded=true, dust=false
[11:16:32.266] INFO (17898): Wallet sync [8567]: shielded=true, unshielded=true, dust=false
[11:16:32.342] INFO (17898): Wallet sync [8568]: shielded=true, unshielded=true, dust=false
[11:16:32.403] INFO (17898): Wallet sync [8569]: shielded=true, unshielded=true, dust=false
[11:16:32.473] INFO (17898): Wallet sync [8570]: shielded=true, unshielded=true, dust=false
[11:16:32.541] INFO (17898): Wallet sync [8571]: shielded=true, unshielded=true, dust=false
[11:16:32.597] INFO (17898): Wallet sync [8572]: shielded=true, unshielded=true, dust=false
[11:16:32.707] INFO (17898): Wallet sync [8573]: shielded=true, unshielded=true, dust=false
[11:16:32.768] INFO (17898): Wallet sync [8574]: shielded=true, unshielded=true, dust=false
[11:16:32.868] INFO (17898): Wallet sync [8575]: shielded=true, unshielded=true, dust=false
[11:16:32.945] INFO (17898): Wallet sync [8576]: shielded=true, unshielded=true, dust=false
[11:16:33.058] INFO (17898): Wallet sync [8577]: shielded=true, unshielded=true, dust=false
[11:16:33.353] INFO (17898): Wallet sync [8578]: shielded=true, unshielded=true, dust=false
[11:16:33.460] INFO (17898): Wallet sync [8579]: shielded=true, unshielded=true, dust=false
[11:16:33.564] INFO (17898): Wallet sync [8580]: shielded=true, unshielded=true, dust=false
[11:16:33.619] INFO (17898): Wallet sync [8581]: shielded=true, unshielded=true, dust=false
[11:16:33.667] INFO (17898): Wallet sync [8582]: shielded=true, unshielded=true, dust=false
[11:16:33.717] INFO (17898): Wallet sync [8583]: shielded=true, unshielded=true, dust=false
[11:16:33.775] INFO (17898): Wallet sync [8584]: shielded=true, unshielded=true, dust=false
[11:16:33.833] INFO (17898): Wallet sync [8585]: shielded=true, unshielded=true, dust=false
[11:16:33.932] INFO (17898): Wallet sync [8586]: shielded=true, unshielded=true, dust=false
[11:16:34.065] INFO (17898): Wallet sync [8587]: shielded=true, unshielded=true, dust=false
[11:16:34.186] INFO (17898): Wallet sync [8588]: shielded=true, unshielded=true, dust=false
[11:16:34.434] INFO (17898): Wallet sync [8589]: shielded=true, unshielded=true, dust=false
[11:16:34.705] INFO (17898): Wallet sync [8590]: shielded=true, unshielded=true, dust=false
[11:16:34.911] INFO (17898): Wallet sync [8591]: shielded=true, unshielded=true, dust=false
[11:16:35.327] INFO (17898): Wallet sync [8592]: shielded=true, unshielded=true, dust=false
[11:16:35.647] INFO (17898): Wallet sync [8593]: shielded=true, unshielded=true, dust=false
[11:16:35.909] INFO (17898): Wallet sync [8594]: shielded=true, unshielded=true, dust=false
[11:16:36.127] INFO (17898): Wallet sync [8595]: shielded=true, unshielded=true, dust=false
[11:16:36.422] INFO (17898): Wallet sync [8596]: shielded=true, unshielded=true, dust=false
[11:16:36.697] INFO (17898): Wallet sync [8597]: shielded=true, unshielded=true, dust=false
[11:16:36.904] INFO (17898): Wallet sync [8598]: shielded=true, unshielded=true, dust=false
[11:16:37.207] INFO (17898): Wallet sync [8599]: shielded=true, unshielded=true, dust=false
[11:16:37.404] INFO (17898): Wallet sync [8600]: shielded=true, unshielded=true, dust=false
[11:16:37.707] INFO (17898): Wallet sync [8601]: shielded=true, unshielded=true, dust=false
[11:16:37.991] INFO (17898): Wallet sync [8602]: shielded=true, unshielded=true, dust=false
[11:16:38.227] INFO (17898): Wallet sync [8603]: shielded=true, unshielded=true, dust=false
[11:16:38.466] INFO (17898): Wallet sync [8604]: shielded=true, unshielded=true, dust=false
[11:16:38.704] INFO (17898): Wallet sync [8605]: shielded=true, unshielded=true, dust=false
[11:16:38.951] INFO (17898): Wallet sync [8606]: shielded=true, unshielded=true, dust=false
[11:16:39.201] INFO (17898): Wallet sync [8607]: shielded=true, unshielded=true, dust=false
[11:16:39.379] INFO (17898): Wallet sync [8608]: shielded=true, unshielded=true, dust=false
[11:16:39.588] INFO (17898): Wallet sync [8609]: shielded=true, unshielded=true, dust=false
[11:16:39.660] INFO (17898): Wallet sync [8610]: shielded=true, unshielded=true, dust=false
[11:16:39.748] INFO (17898): Wallet sync [8611]: shielded=true, unshielded=true, dust=false
[11:16:39.863] INFO (17898): Wallet sync [8612]: shielded=true, unshielded=true, dust=false
[11:16:39.979] INFO (17898): Wallet sync [8613]: shielded=true, unshielded=true, dust=false
[11:16:40.163] INFO (17898): Wallet sync [8614]: shielded=true, unshielded=true, dust=false
[11:16:40.412] INFO (17898): Wallet sync [8615]: shielded=true, unshielded=true, dust=false
[11:16:40.702] INFO (17898): Wallet sync [8616]: shielded=true, unshielded=true, dust=false
[11:16:40.839] INFO (17898): Wallet sync [8617]: shielded=true, unshielded=true, dust=false
[11:16:40.958] INFO (17898): Wallet sync [8618]: shielded=true, unshielded=true, dust=false
[11:16:41.077] INFO (17898): Wallet sync [8619]: shielded=true, unshielded=true, dust=false
[11:16:41.166] INFO (17898): Wallet sync [8620]: shielded=true, unshielded=true, dust=false
[11:16:41.274] INFO (17898): Wallet sync [8621]: shielded=true, unshielded=true, dust=false
[11:16:41.376] INFO (17898): Wallet sync [8622]: shielded=true, unshielded=true, dust=false
[11:16:41.431] INFO (17898): Wallet sync [8623]: shielded=true, unshielded=true, dust=false
[11:16:41.496] INFO (17898): Wallet sync [8624]: shielded=true, unshielded=true, dust=false
[11:16:41.640] INFO (17898): Wallet sync [8625]: shielded=true, unshielded=true, dust=false
[11:16:41.697] INFO (17898): Wallet sync [8626]: shielded=true, unshielded=true, dust=false
[11:16:41.809] INFO (17898): Wallet sync [8627]: shielded=true, unshielded=true, dust=false
[11:16:41.913] INFO (17898): Wallet sync [8628]: shielded=true, unshielded=true, dust=false
[11:16:42.039] INFO (17898): Wallet sync [8629]: shielded=true, unshielded=true, dust=false
[11:16:42.142] INFO (17898): Wallet sync [8630]: shielded=true, unshielded=true, dust=false
[11:16:42.216] INFO (17898): Wallet sync [8631]: shielded=true, unshielded=true, dust=false
[11:16:42.304] INFO (17898): Wallet sync [8632]: shielded=true, unshielded=true, dust=false
[11:16:42.385] INFO (17898): Wallet sync [8633]: shielded=true, unshielded=true, dust=false
[11:16:42.443] INFO (17898): Wallet sync [8634]: shielded=true, unshielded=true, dust=false
[11:16:42.519] INFO (17898): Wallet sync [8635]: shielded=true, unshielded=true, dust=false
[11:16:42.647] INFO (17898): Wallet sync [8636]: shielded=true, unshielded=true, dust=false
[11:16:42.771] INFO (17898): Wallet sync [8637]: shielded=true, unshielded=true, dust=false
[11:16:42.904] INFO (17898): Wallet sync [8638]: shielded=true, unshielded=true, dust=false
[11:16:43.082] INFO (17898): Wallet sync [8639]: shielded=true, unshielded=true, dust=false
[11:16:43.200] INFO (17898): Wallet sync [8640]: shielded=true, unshielded=true, dust=false
[11:16:43.318] INFO (17898): Wallet sync [8641]: shielded=true, unshielded=true, dust=false
[11:16:43.418] INFO (17898): Wallet sync [8642]: shielded=true, unshielded=true, dust=false
[11:16:43.536] INFO (17898): Wallet sync [8643]: shielded=true, unshielded=true, dust=false
[11:16:43.653] INFO (17898): Wallet sync [8644]: shielded=true, unshielded=true, dust=false
[11:16:43.768] INFO (17898): Wallet sync [8645]: shielded=true, unshielded=true, dust=false
[11:16:43.879] INFO (17898): Wallet sync [8646]: shielded=true, unshielded=true, dust=false
[11:16:44.018] INFO (17898): Wallet sync [8647]: shielded=true, unshielded=true, dust=false
[11:16:44.161] INFO (17898): Wallet sync [8648]: shielded=true, unshielded=true, dust=false
[11:16:44.228] INFO (17898): Wallet sync [8649]: shielded=true, unshielded=true, dust=false
[11:16:44.313] INFO (17898): Wallet sync [8650]: shielded=true, unshielded=true, dust=false
[11:16:44.387] INFO (17898): Wallet sync [8651]: shielded=true, unshielded=true, dust=false
[11:16:44.447] INFO (17898): Wallet sync [8652]: shielded=true, unshielded=true, dust=false
[11:16:44.508] INFO (17898): Wallet sync [8653]: shielded=true, unshielded=true, dust=false
[11:16:44.605] INFO (17898): Wallet sync [8654]: shielded=true, unshielded=true, dust=false
[11:16:44.662] INFO (17898): Wallet sync [8655]: shielded=true, unshielded=true, dust=false
[11:16:44.733] INFO (17898): Wallet sync [8656]: shielded=true, unshielded=true, dust=false
[11:16:44.799] INFO (17898): Wallet sync [8657]: shielded=true, unshielded=true, dust=false
[11:16:44.894] INFO (17898): Wallet sync [8658]: shielded=true, unshielded=true, dust=false
[11:16:45.043] INFO (17898): Wallet sync [8659]: shielded=true, unshielded=true, dust=false
[11:16:45.159] INFO (17898): Wallet sync [8660]: shielded=true, unshielded=true, dust=false
[11:16:45.391] INFO (17898): Wallet sync [8661]: shielded=true, unshielded=true, dust=false
[11:16:45.542] INFO (17898): Wallet sync [8662]: shielded=true, unshielded=true, dust=false
[11:16:45.664] INFO (17898): Wallet sync [8663]: shielded=true, unshielded=true, dust=false
[11:16:45.794] INFO (17898): Wallet sync [8664]: shielded=true, unshielded=true, dust=false
[11:16:45.958] INFO (17898): Wallet sync [8665]: shielded=true, unshielded=true, dust=false
[11:16:46.067] INFO (17898): Wallet sync [8666]: shielded=true, unshielded=true, dust=false
[11:16:46.287] INFO (17898): Wallet sync [8667]: shielded=true, unshielded=true, dust=false
[11:16:46.483] INFO (17898): Wallet sync [8668]: shielded=true, unshielded=true, dust=false
[11:16:46.589] INFO (17898): Wallet sync [8669]: shielded=true, unshielded=true, dust=false
[11:16:46.688] INFO (17898): Wallet sync [8670]: shielded=true, unshielded=true, dust=false
[11:16:46.761] INFO (17898): Wallet sync [8671]: shielded=true, unshielded=true, dust=false
[11:16:46.941] INFO (17898): Wallet sync [8672]: shielded=true, unshielded=true, dust=false
[11:16:47.073] INFO (17898): Wallet sync [8673]: shielded=true, unshielded=true, dust=false
[11:16:47.167] INFO (17898): Wallet sync [8674]: shielded=true, unshielded=true, dust=false
[11:16:47.292] INFO (17898): Wallet sync [8675]: shielded=true, unshielded=true, dust=false
[11:16:47.370] INFO (17898): Wallet sync [8676]: shielded=true, unshielded=true, dust=false
[11:16:47.465] INFO (17898): Wallet sync [8677]: shielded=true, unshielded=true, dust=false
[11:16:47.579] INFO (17898): Wallet sync [8678]: shielded=true, unshielded=true, dust=false
[11:16:47.655] INFO (17898): Wallet sync [8679]: shielded=true, unshielded=true, dust=false
[11:16:47.732] INFO (17898): Wallet sync [8680]: shielded=true, unshielded=true, dust=false
[11:16:47.813] INFO (17898): Wallet sync [8681]: shielded=true, unshielded=true, dust=false
[11:16:47.883] INFO (17898): Wallet sync [8682]: shielded=true, unshielded=true, dust=false
[11:16:47.970] INFO (17898): Wallet sync [8683]: shielded=true, unshielded=true, dust=false
[11:16:48.055] INFO (17898): Wallet sync [8684]: shielded=true, unshielded=true, dust=false
[11:16:48.157] INFO (17898): Wallet sync [8685]: shielded=true, unshielded=true, dust=false
[11:16:48.260] INFO (17898): Wallet sync [8686]: shielded=true, unshielded=true, dust=false
[11:16:48.425] INFO (17898): Wallet sync [8687]: shielded=true, unshielded=true, dust=false
[11:16:48.532] INFO (17898): Wallet sync [8688]: shielded=true, unshielded=true, dust=false
[11:16:48.640] INFO (17898): Wallet sync [8689]: shielded=true, unshielded=true, dust=false
[11:16:48.754] INFO (17898): Wallet sync [8690]: shielded=true, unshielded=true, dust=false
[11:16:48.874] INFO (17898): Wallet sync [8691]: shielded=true, unshielded=true, dust=false
[11:16:48.981] INFO (17898): Wallet sync [8692]: shielded=true, unshielded=true, dust=false
[11:16:49.065] INFO (17898): Wallet sync [8693]: shielded=true, unshielded=true, dust=false
[11:16:49.173] INFO (17898): Wallet sync [8694]: shielded=true, unshielded=true, dust=false
[11:16:49.293] INFO (17898): Wallet sync [8695]: shielded=true, unshielded=true, dust=false
[11:16:49.396] INFO (17898): Wallet sync [8696]: shielded=true, unshielded=true, dust=false
[11:16:49.476] INFO (17898): Wallet sync [8697]: shielded=true, unshielded=true, dust=false
[11:16:49.599] INFO (17898): Wallet sync [8698]: shielded=true, unshielded=true, dust=false
[11:16:49.711] INFO (17898): Wallet sync [8699]: shielded=true, unshielded=true, dust=false
[11:16:49.805] INFO (17898): Wallet sync [8700]: shielded=true, unshielded=true, dust=false
[11:16:49.891] INFO (17898): Wallet sync [8701]: shielded=true, unshielded=true, dust=false
[11:16:50.018] INFO (17898): Wallet sync [8702]: shielded=true, unshielded=true, dust=false
[11:16:50.116] INFO (17898): Wallet sync [8703]: shielded=true, unshielded=true, dust=false
[11:16:50.247] INFO (17898): Wallet sync [8704]: shielded=true, unshielded=true, dust=false
[11:16:50.329] INFO (17898): Wallet sync [8705]: shielded=true, unshielded=true, dust=false
[11:16:50.442] INFO (17898): Wallet sync [8706]: shielded=true, unshielded=true, dust=false
[11:16:50.562] INFO (17898): Wallet sync [8707]: shielded=true, unshielded=true, dust=false
[11:16:50.674] INFO (17898): Wallet sync [8708]: shielded=true, unshielded=true, dust=false
[11:16:50.792] INFO (17898): Wallet sync [8709]: shielded=true, unshielded=true, dust=false
[11:16:50.869] INFO (17898): Wallet sync [8710]: shielded=true, unshielded=true, dust=false
[11:16:50.950] INFO (17898): Wallet sync [8711]: shielded=true, unshielded=true, dust=false
[11:16:51.050] INFO (17898): Wallet sync [8712]: shielded=true, unshielded=true, dust=false
[11:16:51.152] INFO (17898): Wallet sync [8713]: shielded=true, unshielded=true, dust=false
[11:16:51.242] INFO (17898): Wallet sync [8714]: shielded=true, unshielded=true, dust=false
[11:16:51.352] INFO (17898): Wallet sync [8715]: shielded=true, unshielded=true, dust=false
[11:16:51.444] INFO (17898): Wallet sync [8716]: shielded=true, unshielded=true, dust=false
[11:16:51.563] INFO (17898): Wallet sync [8717]: shielded=true, unshielded=true, dust=false
[11:16:51.668] INFO (17898): Wallet sync [8718]: shielded=true, unshielded=true, dust=false
[11:16:51.736] INFO (17898): Wallet sync [8719]: shielded=true, unshielded=true, dust=false
[11:16:51.797] INFO (17898): Wallet sync [8720]: shielded=true, unshielded=true, dust=false
[11:16:51.907] INFO (17898): Wallet sync [8721]: shielded=true, unshielded=true, dust=false
[11:16:52.059] INFO (17898): Wallet sync [8722]: shielded=true, unshielded=true, dust=false
[11:16:52.168] INFO (17898): Wallet sync [8723]: shielded=true, unshielded=true, dust=false
[11:16:52.267] INFO (17898): Wallet sync [8724]: shielded=true, unshielded=true, dust=false
[11:16:52.377] INFO (17898): Wallet sync [8725]: shielded=true, unshielded=true, dust=false
[11:16:52.492] INFO (17898): Wallet sync [8726]: shielded=true, unshielded=true, dust=false
[11:16:52.609] INFO (17898): Wallet sync [8727]: shielded=true, unshielded=true, dust=false
[11:16:52.722] INFO (17898): Wallet sync [8728]: shielded=true, unshielded=true, dust=false
[11:16:52.836] INFO (17898): Wallet sync [8729]: shielded=true, unshielded=true, dust=false
[11:16:52.955] INFO (17898): Wallet sync [8730]: shielded=true, unshielded=true, dust=false
[11:16:53.086] INFO (17898): Wallet sync [8731]: shielded=true, unshielded=true, dust=false
[11:16:53.207] INFO (17898): Wallet sync [8732]: shielded=true, unshielded=true, dust=false
[11:16:53.293] INFO (17898): Wallet sync [8733]: shielded=true, unshielded=true, dust=false
[11:16:53.371] INFO (17898): Wallet sync [8734]: shielded=true, unshielded=true, dust=false
[11:16:53.470] INFO (17898): Wallet sync [8735]: shielded=true, unshielded=true, dust=false
[11:16:53.551] INFO (17898): Wallet sync [8736]: shielded=true, unshielded=true, dust=false
[11:16:53.630] INFO (17898): Wallet sync [8737]: shielded=true, unshielded=true, dust=false
[11:16:53.707] INFO (17898): Wallet sync [8738]: shielded=true, unshielded=true, dust=false
[11:16:53.772] INFO (17898): Wallet sync [8739]: shielded=true, unshielded=true, dust=false
[11:16:53.862] INFO (17898): Wallet sync [8740]: shielded=true, unshielded=true, dust=false
[11:16:53.976] INFO (17898): Wallet sync [8741]: shielded=true, unshielded=true, dust=false
[11:16:54.072] INFO (17898): Wallet sync [8742]: shielded=true, unshielded=true, dust=false
[11:16:54.164] INFO (17898): Wallet sync [8743]: shielded=true, unshielded=true, dust=false
[11:16:54.247] INFO (17898): Wallet sync [8744]: shielded=true, unshielded=true, dust=false
[11:16:54.348] INFO (17898): Wallet sync [8745]: shielded=true, unshielded=true, dust=false
[11:16:54.479] INFO (17898): Wallet sync [8746]: shielded=true, unshielded=true, dust=false
[11:16:54.596] INFO (17898): Wallet sync [8747]: shielded=true, unshielded=true, dust=false
[11:16:54.709] INFO (17898): Wallet sync [8748]: shielded=true, unshielded=true, dust=false
[11:16:54.825] INFO (17898): Wallet sync [8749]: shielded=true, unshielded=true, dust=false
[11:16:54.940] INFO (17898): Wallet sync [8750]: shielded=true, unshielded=true, dust=false
[11:16:55.016] INFO (17898): Wallet sync [8751]: shielded=true, unshielded=true, dust=false
[11:16:55.131] INFO (17898): Wallet sync [8752]: shielded=true, unshielded=true, dust=false
[11:16:55.255] INFO (17898): Wallet sync [8753]: shielded=true, unshielded=true, dust=false
[11:16:55.364] INFO (17898): Wallet sync [8754]: shielded=true, unshielded=true, dust=false
[11:16:55.493] INFO (17898): Wallet sync [8755]: shielded=true, unshielded=true, dust=false
[11:16:55.580] INFO (17898): Wallet sync [8756]: shielded=true, unshielded=true, dust=false
[11:16:55.737] INFO (17898): Wallet sync [8757]: shielded=true, unshielded=true, dust=false
[11:16:55.876] INFO (17898): Wallet sync [8758]: shielded=true, unshielded=true, dust=false
[11:16:55.884] INFO (17898): Wallet sync [8759]: shielded=true, unshielded=true, dust=false
[11:16:55.998] INFO (17898): Wallet sync [8760]: shielded=true, unshielded=true, dust=false
[11:16:56.119] INFO (17898): Wallet sync [8761]: shielded=true, unshielded=true, dust=false
[11:16:56.237] INFO (17898): Wallet sync [8762]: shielded=true, unshielded=true, dust=false
[11:16:56.362] INFO (17898): Wallet sync [8763]: shielded=true, unshielded=true, dust=false
[11:16:56.473] INFO (17898): Wallet sync [8764]: shielded=true, unshielded=true, dust=false
[11:16:56.586] INFO (17898): Wallet sync [8765]: shielded=true, unshielded=true, dust=false
[11:16:56.691] INFO (17898): Wallet sync [8766]: shielded=true, unshielded=true, dust=false
[11:16:56.818] INFO (17898): Wallet sync [8767]: shielded=true, unshielded=true, dust=false
[11:16:56.905] INFO (17898): Wallet sync [8768]: shielded=true, unshielded=true, dust=false
[11:16:56.993] INFO (17898): Wallet sync [8769]: shielded=true, unshielded=true, dust=false
[11:16:57.090] INFO (17898): Wallet sync [8770]: shielded=true, unshielded=true, dust=false
[11:16:57.209] INFO (17898): Wallet sync [8771]: shielded=true, unshielded=true, dust=false
[11:16:57.294] INFO (17898): Wallet sync [8772]: shielded=true, unshielded=true, dust=false
[11:16:57.367] INFO (17898): Wallet sync [8773]: shielded=true, unshielded=true, dust=false
[11:16:57.442] INFO (17898): Wallet sync [8774]: shielded=true, unshielded=true, dust=false
[11:16:57.529] INFO (17898): Wallet sync [8775]: shielded=true, unshielded=true, dust=false
[11:16:57.641] INFO (17898): Wallet sync [8776]: shielded=true, unshielded=true, dust=false
[11:16:57.751] INFO (17898): Wallet sync [8777]: shielded=true, unshielded=true, dust=false
[11:16:57.864] INFO (17898): Wallet sync [8778]: shielded=true, unshielded=true, dust=false
[11:16:57.969] INFO (17898): Wallet sync [8779]: shielded=true, unshielded=true, dust=false
[11:16:58.049] INFO (17898): Wallet sync [8780]: shielded=true, unshielded=true, dust=false
[11:16:58.119] INFO (17898): Wallet sync [8781]: shielded=true, unshielded=true, dust=false
[11:16:58.224] INFO (17898): Wallet sync [8782]: shielded=true, unshielded=true, dust=false
[11:16:58.286] INFO (17898): Wallet sync [8783]: shielded=true, unshielded=true, dust=false
[11:16:58.394] INFO (17898): Wallet sync [8784]: shielded=true, unshielded=true, dust=false
[11:16:58.508] INFO (17898): Wallet sync [8785]: shielded=true, unshielded=true, dust=false
[11:16:58.585] INFO (17898): Wallet sync [8786]: shielded=true, unshielded=true, dust=false
[11:16:58.662] INFO (17898): Wallet sync [8787]: shielded=true, unshielded=true, dust=false
[11:16:58.787] INFO (17898): Wallet sync [8788]: shielded=true, unshielded=true, dust=false
[11:16:58.933] INFO (17898): Wallet sync [8789]: shielded=true, unshielded=true, dust=false
[11:16:59.054] INFO (17898): Wallet sync [8790]: shielded=true, unshielded=true, dust=false
[11:16:59.185] INFO (17898): Wallet sync [8791]: shielded=true, unshielded=true, dust=false
[11:16:59.297] INFO (17898): Wallet sync [8792]: shielded=true, unshielded=true, dust=false
[11:16:59.381] INFO (17898): Wallet sync [8793]: shielded=true, unshielded=true, dust=false
[11:16:59.532] INFO (17898): Wallet sync [8794]: shielded=true, unshielded=true, dust=false
[11:16:59.596] INFO (17898): Wallet sync [8795]: shielded=true, unshielded=true, dust=false
[11:16:59.696] INFO (17898): Wallet sync [8796]: shielded=true, unshielded=true, dust=false
[11:16:59.820] INFO (17898): Wallet sync [8797]: shielded=true, unshielded=true, dust=false
[11:16:59.940] INFO (17898): Wallet sync [8798]: shielded=true, unshielded=true, dust=false
[11:17:00.069] INFO (17898): Wallet sync [8799]: shielded=true, unshielded=true, dust=false
[11:17:00.139] INFO (17898): Wallet sync [8800]: shielded=true, unshielded=true, dust=false
[11:17:00.240] INFO (17898): Wallet sync [8801]: shielded=true, unshielded=true, dust=false
[11:17:00.346] INFO (17898): Wallet sync [8802]: shielded=true, unshielded=true, dust=false
[11:17:00.448] INFO (17898): Wallet sync [8803]: shielded=true, unshielded=true, dust=false
[11:17:00.536] INFO (17898): Wallet sync [8804]: shielded=true, unshielded=true, dust=false
[11:17:00.615] INFO (17898): Wallet sync [8805]: shielded=true, unshielded=true, dust=false
[11:17:00.713] INFO (17898): Wallet sync [8806]: shielded=true, unshielded=true, dust=false
[11:17:00.794] INFO (17898): Wallet sync [8807]: shielded=true, unshielded=true, dust=false
[11:17:00.908] INFO (17898): Wallet sync [8808]: shielded=true, unshielded=true, dust=false
[11:17:01.032] INFO (17898): Wallet sync [8809]: shielded=true, unshielded=true, dust=false
[11:17:01.112] INFO (17898): Wallet sync [8810]: shielded=true, unshielded=true, dust=false
[11:17:01.215] INFO (17898): Wallet sync [8811]: shielded=true, unshielded=true, dust=false
[11:17:01.336] INFO (17898): Wallet sync [8812]: shielded=true, unshielded=true, dust=false
[11:17:01.427] INFO (17898): Wallet sync [8813]: shielded=true, unshielded=true, dust=false
[11:17:01.529] INFO (17898): Wallet sync [8814]: shielded=true, unshielded=true, dust=false
[11:17:01.650] INFO (17898): Wallet sync [8815]: shielded=true, unshielded=true, dust=false
[11:17:01.742] INFO (17898): Wallet sync [8816]: shielded=true, unshielded=true, dust=false
[11:17:01.875] INFO (17898): Wallet sync [8817]: shielded=true, unshielded=true, dust=false
[11:17:01.991] INFO (17898): Wallet sync [8818]: shielded=true, unshielded=true, dust=false
[11:17:02.081] INFO (17898): Wallet sync [8819]: shielded=true, unshielded=true, dust=false
[11:17:02.189] INFO (17898): Wallet sync [8820]: shielded=true, unshielded=true, dust=false
[11:17:02.295] INFO (17898): Wallet sync [8821]: shielded=true, unshielded=true, dust=false
[11:17:02.427] INFO (17898): Wallet sync [8822]: shielded=true, unshielded=true, dust=false
[11:17:02.546] INFO (17898): Wallet sync [8823]: shielded=true, unshielded=true, dust=false
[11:17:02.670] INFO (17898): Wallet sync [8824]: shielded=true, unshielded=true, dust=false
[11:17:02.730] INFO (17898): Wallet sync [8825]: shielded=true, unshielded=true, dust=false
[11:17:02.792] INFO (17898): Wallet sync [8826]: shielded=true, unshielded=true, dust=false
[11:17:02.890] INFO (17898): Wallet sync [8827]: shielded=true, unshielded=true, dust=false
[11:17:02.993] INFO (17898): Wallet sync [8828]: shielded=true, unshielded=true, dust=false
[11:17:03.109] INFO (17898): Wallet sync [8829]: shielded=true, unshielded=true, dust=false
[11:17:03.222] INFO (17898): Wallet sync [8830]: shielded=true, unshielded=true, dust=false
[11:17:03.341] INFO (17898): Wallet sync [8831]: shielded=true, unshielded=true, dust=false
[11:17:03.457] INFO (17898): Wallet sync [8832]: shielded=true, unshielded=true, dust=false
[11:17:03.550] INFO (17898): Wallet sync [8833]: shielded=true, unshielded=true, dust=false
[11:17:03.649] INFO (17898): Wallet sync [8834]: shielded=true, unshielded=true, dust=false
[11:17:03.753] INFO (17898): Wallet sync [8835]: shielded=true, unshielded=true, dust=false
[11:17:03.881] INFO (17898): Wallet sync [8836]: shielded=true, unshielded=true, dust=false
[11:17:03.988] INFO (17898): Wallet sync [8837]: shielded=true, unshielded=true, dust=false
[11:17:04.080] INFO (17898): Wallet sync [8838]: shielded=true, unshielded=true, dust=false
[11:17:04.171] INFO (17898): Wallet sync [8839]: shielded=true, unshielded=true, dust=false
[11:17:04.290] INFO (17898): Wallet sync [8840]: shielded=true, unshielded=true, dust=false
[11:17:04.406] INFO (17898): Wallet sync [8841]: shielded=true, unshielded=true, dust=false
[11:17:04.755] INFO (17898): Wallet sync [8842]: shielded=true, unshielded=true, dust=false
[11:17:04.877] INFO (17898): Wallet sync [8843]: shielded=true, unshielded=true, dust=false
[11:17:04.951] INFO (17898): Wallet sync [8844]: shielded=true, unshielded=true, dust=false
[11:17:05.044] INFO (17898): Wallet sync [8845]: shielded=true, unshielded=true, dust=false
[11:17:05.118] INFO (17898): Wallet sync [8846]: shielded=true, unshielded=true, dust=false
[11:17:05.234] INFO (17898): Wallet sync [8847]: shielded=true, unshielded=true, dust=false
[11:17:05.317] INFO (17898): Wallet sync [8848]: shielded=true, unshielded=true, dust=false
[11:17:05.411] INFO (17898): Wallet sync [8849]: shielded=true, unshielded=true, dust=false
[11:17:05.510] INFO (17898): Wallet sync [8850]: shielded=true, unshielded=true, dust=false
[11:17:05.588] INFO (17898): Wallet sync [8851]: shielded=true, unshielded=true, dust=false
[11:17:05.679] INFO (17898): Wallet sync [8852]: shielded=true, unshielded=true, dust=false
[11:17:05.774] INFO (17898): Wallet sync [8853]: shielded=true, unshielded=true, dust=false
[11:17:05.857] INFO (17898): Wallet sync [8854]: shielded=true, unshielded=true, dust=false
[11:17:05.932] INFO (17898): Wallet sync [8855]: shielded=true, unshielded=true, dust=false
[11:17:06.014] INFO (17898): Wallet sync [8856]: shielded=true, unshielded=true, dust=false
[11:17:06.124] INFO (17898): Wallet sync [8857]: shielded=true, unshielded=true, dust=false
[11:17:06.208] INFO (17898): Wallet sync [8858]: shielded=true, unshielded=true, dust=false
[11:17:06.275] INFO (17898): Wallet sync [8859]: shielded=true, unshielded=true, dust=false
[11:17:06.356] INFO (17898): Wallet sync [8860]: shielded=true, unshielded=true, dust=false
[11:17:06.444] INFO (17898): Wallet sync [8861]: shielded=true, unshielded=true, dust=false
[11:17:06.581] INFO (17898): Wallet sync [8862]: shielded=true, unshielded=true, dust=false
[11:17:06.682] INFO (17898): Wallet sync [8863]: shielded=true, unshielded=true, dust=false
[11:17:06.808] INFO (17898): Wallet sync [8864]: shielded=true, unshielded=true, dust=false
[11:17:06.909] INFO (17898): Wallet sync [8865]: shielded=true, unshielded=true, dust=false
[11:17:06.993] INFO (17898): Wallet sync [8866]: shielded=true, unshielded=true, dust=false
[11:17:07.076] INFO (17898): Wallet sync [8867]: shielded=true, unshielded=true, dust=false
[11:17:07.177] INFO (17898): Wallet sync [8868]: shielded=true, unshielded=true, dust=false
[11:17:07.310] INFO (17898): Wallet sync [8869]: shielded=true, unshielded=true, dust=false
[11:17:07.428] INFO (17898): Wallet sync [8870]: shielded=true, unshielded=true, dust=false
[11:17:07.560] INFO (17898): Wallet sync [8871]: shielded=true, unshielded=true, dust=false
[11:17:07.667] INFO (17898): Wallet sync [8872]: shielded=true, unshielded=true, dust=false
[11:17:07.767] INFO (17898): Wallet sync [8873]: shielded=true, unshielded=true, dust=false
[11:17:07.881] INFO (17898): Wallet sync [8874]: shielded=true, unshielded=true, dust=false
[11:17:07.998] INFO (17898): Wallet sync [8875]: shielded=true, unshielded=true, dust=false
[11:17:08.112] INFO (17898): Wallet sync [8876]: shielded=true, unshielded=true, dust=false
[11:17:08.223] INFO (17898): Wallet sync [8877]: shielded=true, unshielded=true, dust=false
[11:17:08.334] INFO (17898): Wallet sync [8878]: shielded=true, unshielded=true, dust=false
[11:17:08.454] INFO (17898): Wallet sync [8879]: shielded=true, unshielded=true, dust=false
[11:17:08.555] INFO (17898): Wallet sync [8880]: shielded=true, unshielded=true, dust=false
[11:17:08.658] INFO (17898): Wallet sync [8881]: shielded=true, unshielded=true, dust=false
[11:17:08.770] INFO (17898): Wallet sync [8882]: shielded=true, unshielded=true, dust=false
[11:17:08.875] INFO (17898): Wallet sync [8883]: shielded=true, unshielded=true, dust=false
[11:17:08.973] INFO (17898): Wallet sync [8884]: shielded=true, unshielded=true, dust=false
[11:17:09.064] INFO (17898): Wallet sync [8885]: shielded=true, unshielded=true, dust=false
[11:17:09.156] INFO (17898): Wallet sync [8886]: shielded=true, unshielded=true, dust=false
[11:17:09.266] INFO (17898): Wallet sync [8887]: shielded=true, unshielded=true, dust=false
[11:17:09.387] INFO (17898): Wallet sync [8888]: shielded=true, unshielded=true, dust=false
[11:17:09.494] INFO (17898): Wallet sync [8889]: shielded=true, unshielded=true, dust=false
[11:17:09.597] INFO (17898): Wallet sync [8890]: shielded=true, unshielded=true, dust=false
[11:17:09.677] INFO (17898): Wallet sync [8891]: shielded=true, unshielded=true, dust=false
[11:17:09.749] INFO (17898): Wallet sync [8892]: shielded=true, unshielded=true, dust=false
[11:17:09.849] INFO (17898): Wallet sync [8893]: shielded=true, unshielded=true, dust=false
[11:17:09.970] INFO (17898): Wallet sync [8894]: shielded=true, unshielded=true, dust=false
[11:17:10.074] INFO (17898): Wallet sync [8895]: shielded=true, unshielded=true, dust=false
[11:17:10.158] INFO (17898): Wallet sync [8896]: shielded=true, unshielded=true, dust=false
[11:17:10.257] INFO (17898): Wallet sync [8897]: shielded=true, unshielded=true, dust=false
[11:17:10.342] INFO (17898): Wallet sync [8898]: shielded=true, unshielded=true, dust=false
[11:17:10.437] INFO (17898): Wallet sync [8899]: shielded=true, unshielded=true, dust=false
[11:17:10.542] INFO (17898): Wallet sync [8900]: shielded=true, unshielded=true, dust=false
[11:17:10.661] INFO (17898): Wallet sync [8901]: shielded=true, unshielded=true, dust=false
[11:17:10.770] INFO (17898): Wallet sync [8902]: shielded=true, unshielded=true, dust=false
[11:17:10.865] INFO (17898): Wallet sync [8903]: shielded=true, unshielded=true, dust=false
[11:17:10.944] INFO (17898): Wallet sync [8904]: shielded=true, unshielded=true, dust=false
[11:17:11.040] INFO (17898): Wallet sync [8905]: shielded=true, unshielded=true, dust=false
[11:17:11.130] INFO (17898): Wallet sync [8906]: shielded=true, unshielded=true, dust=false
[11:17:11.241] INFO (17898): Wallet sync [8907]: shielded=true, unshielded=true, dust=false
[11:17:11.336] INFO (17898): Wallet sync [8908]: shielded=true, unshielded=true, dust=false
[11:17:11.418] INFO (17898): Wallet sync [8909]: shielded=true, unshielded=true, dust=false
[11:17:11.499] INFO (17898): Wallet sync [8910]: shielded=true, unshielded=true, dust=false
[11:17:11.594] INFO (17898): Wallet sync [8911]: shielded=true, unshielded=true, dust=false
[11:17:11.663] INFO (17898): Wallet sync [8912]: shielded=true, unshielded=true, dust=false
[11:17:11.766] INFO (17898): Wallet sync [8913]: shielded=true, unshielded=true, dust=false
[11:17:11.882] INFO (17898): Wallet sync [8914]: shielded=true, unshielded=true, dust=false
[11:17:11.951] INFO (17898): Wallet sync [8915]: shielded=true, unshielded=true, dust=false
[11:17:12.030] INFO (17898): Wallet sync [8916]: shielded=true, unshielded=true, dust=false
[11:17:12.093] INFO (17898): Wallet sync [8917]: shielded=true, unshielded=true, dust=false
[11:17:12.232] INFO (17898): Wallet sync [8918]: shielded=true, unshielded=true, dust=false
[11:17:12.342] INFO (17898): Wallet sync [8919]: shielded=true, unshielded=true, dust=false
[11:17:12.474] INFO (17898): Wallet sync [8920]: shielded=true, unshielded=true, dust=false
[11:17:12.580] INFO (17898): Wallet sync [8921]: shielded=true, unshielded=true, dust=false
[11:17:12.670] INFO (17898): Wallet sync [8922]: shielded=true, unshielded=true, dust=false
[11:17:12.782] INFO (17898): Wallet sync [8923]: shielded=true, unshielded=true, dust=false
[11:17:12.888] INFO (17898): Wallet sync [8924]: shielded=true, unshielded=true, dust=false
[11:17:12.999] INFO (17898): Wallet sync [8925]: shielded=true, unshielded=true, dust=false
[11:17:13.094] INFO (17898): Wallet sync [8926]: shielded=true, unshielded=true, dust=false
[11:17:13.177] INFO (17898): Wallet sync [8927]: shielded=true, unshielded=true, dust=false
[11:17:13.303] INFO (17898): Wallet sync [8928]: shielded=true, unshielded=true, dust=false
[11:17:13.397] INFO (17898): Wallet sync [8929]: shielded=true, unshielded=true, dust=false
[11:17:13.497] INFO (17898): Wallet sync [8930]: shielded=true, unshielded=true, dust=false
[11:17:13.787] INFO (17898): Wallet sync [8931]: shielded=true, unshielded=true, dust=false
[11:17:13.893] INFO (17898): Wallet sync [8932]: shielded=true, unshielded=true, dust=false
[11:17:13.982] INFO (17898): Wallet sync [8933]: shielded=true, unshielded=true, dust=false
[11:17:14.126] INFO (17898): Wallet sync [8934]: shielded=true, unshielded=true, dust=false
[11:17:14.284] INFO (17898): Wallet sync [8935]: shielded=true, unshielded=true, dust=false
[11:17:14.329] INFO (17898): Wallet sync [8936]: shielded=true, unshielded=true, dust=false
[11:17:14.450] INFO (17898): Wallet sync [8937]: shielded=true, unshielded=true, dust=false
[11:17:14.543] INFO (17898): Wallet sync [8938]: shielded=true, unshielded=true, dust=false
[11:17:14.659] INFO (17898): Wallet sync [8939]: shielded=true, unshielded=true, dust=false
[11:17:14.763] INFO (17898): Wallet sync [8940]: shielded=true, unshielded=true, dust=false
[11:17:14.880] INFO (17898): Wallet sync [8941]: shielded=true, unshielded=true, dust=false
[11:17:15.023] INFO (17898): Wallet sync [8942]: shielded=true, unshielded=true, dust=false
[11:17:15.129] INFO (17898): Wallet sync [8943]: shielded=true, unshielded=true, dust=false
[11:17:15.222] INFO (17898): Wallet sync [8944]: shielded=true, unshielded=true, dust=false
[11:17:15.313] INFO (17898): Wallet sync [8945]: shielded=true, unshielded=true, dust=false
[11:17:15.421] INFO (17898): Wallet sync [8946]: shielded=true, unshielded=true, dust=false
[11:17:15.536] INFO (17898): Wallet sync [8947]: shielded=true, unshielded=true, dust=false
[11:17:15.658] INFO (17898): Wallet sync [8948]: shielded=true, unshielded=true, dust=false
[11:17:15.760] INFO (17898): Wallet sync [8949]: shielded=true, unshielded=true, dust=false
[11:17:15.872] INFO (17898): Wallet sync [8950]: shielded=true, unshielded=true, dust=false
[11:17:15.973] INFO (17898): Wallet sync [8951]: shielded=true, unshielded=true, dust=false
[11:17:16.104] INFO (17898): Wallet sync [8952]: shielded=true, unshielded=true, dust=false
[11:17:16.219] INFO (17898): Wallet sync [8953]: shielded=true, unshielded=true, dust=false
[11:17:16.326] INFO (17898): Wallet sync [8954]: shielded=true, unshielded=true, dust=false
[11:17:16.428] INFO (17898): Wallet sync [8955]: shielded=true, unshielded=true, dust=false
[11:17:16.539] INFO (17898): Wallet sync [8956]: shielded=true, unshielded=true, dust=false
[11:17:16.623] INFO (17898): Wallet sync [8957]: shielded=true, unshielded=true, dust=false
[11:17:16.700] INFO (17898): Wallet sync [8958]: shielded=true, unshielded=true, dust=false
[11:17:16.768] INFO (17898): Wallet sync [8959]: shielded=true, unshielded=true, dust=false
[11:17:16.847] INFO (17898): Wallet sync [8960]: shielded=true, unshielded=true, dust=false
[11:17:16.938] INFO (17898): Wallet sync [8961]: shielded=true, unshielded=true, dust=false
[11:17:17.012] INFO (17898): Wallet sync [8962]: shielded=true, unshielded=true, dust=false
[11:17:17.093] INFO (17898): Wallet sync [8963]: shielded=true, unshielded=true, dust=false
[11:17:17.184] INFO (17898): Wallet sync [8964]: shielded=true, unshielded=true, dust=false
[11:17:17.307] INFO (17898): Wallet sync [8965]: shielded=true, unshielded=true, dust=false
[11:17:17.378] INFO (17898): Wallet sync [8966]: shielded=true, unshielded=true, dust=false
[11:17:17.446] INFO (17898): Wallet sync [8967]: shielded=true, unshielded=true, dust=false
[11:17:17.515] INFO (17898): Wallet sync [8968]: shielded=true, unshielded=true, dust=false
[11:17:17.586] INFO (17898): Wallet sync [8969]: shielded=true, unshielded=true, dust=false
[11:17:17.655] INFO (17898): Wallet sync [8970]: shielded=true, unshielded=true, dust=false
[11:17:17.744] INFO (17898): Wallet sync [8971]: shielded=true, unshielded=true, dust=false
[11:17:17.819] INFO (17898): Wallet sync [8972]: shielded=true, unshielded=true, dust=false
[11:17:17.904] INFO (17898): Wallet sync [8973]: shielded=true, unshielded=true, dust=false
[11:17:17.994] INFO (17898): Wallet sync [8974]: shielded=true, unshielded=true, dust=false
[11:17:18.109] INFO (17898): Wallet sync [8975]: shielded=true, unshielded=true, dust=false
[11:17:18.225] INFO (17898): Wallet sync [8976]: shielded=true, unshielded=true, dust=false
[11:17:18.322] INFO (17898): Wallet sync [8977]: shielded=true, unshielded=true, dust=false
[11:17:18.406] INFO (17898): Wallet sync [8978]: shielded=true, unshielded=true, dust=false
[11:17:18.491] INFO (17898): Wallet sync [8979]: shielded=true, unshielded=true, dust=false
[11:17:18.592] INFO (17898): Wallet sync [8980]: shielded=true, unshielded=true, dust=false
[11:17:18.697] INFO (17898): Wallet sync [8981]: shielded=true, unshielded=true, dust=false
[11:17:18.826] INFO (17898): Wallet sync [8982]: shielded=true, unshielded=true, dust=false
[11:17:18.920] INFO (17898): Wallet sync [8983]: shielded=true, unshielded=true, dust=false
[11:17:19.010] INFO (17898): Wallet sync [8984]: shielded=true, unshielded=true, dust=false
[11:17:19.103] INFO (17898): Wallet sync [8985]: shielded=true, unshielded=true, dust=false
[11:17:19.219] INFO (17898): Wallet sync [8986]: shielded=true, unshielded=true, dust=false
[11:17:19.308] INFO (17898): Wallet sync [8987]: shielded=true, unshielded=true, dust=false
[11:17:19.384] INFO (17898): Wallet sync [8988]: shielded=true, unshielded=true, dust=false
[11:17:19.464] INFO (17898): Wallet sync [8989]: shielded=true, unshielded=true, dust=false
[11:17:19.568] INFO (17898): Wallet sync [8990]: shielded=true, unshielded=true, dust=false
[11:17:19.666] INFO (17898): Wallet sync [8991]: shielded=true, unshielded=true, dust=false
[11:17:19.773] INFO (17898): Wallet sync [8992]: shielded=true, unshielded=true, dust=false
[11:17:19.878] INFO (17898): Wallet sync [8993]: shielded=true, unshielded=true, dust=false
[11:17:19.957] INFO (17898): Wallet sync [8994]: shielded=true, unshielded=true, dust=false
[11:17:20.044] INFO (17898): Wallet sync [8995]: shielded=true, unshielded=true, dust=false
[11:17:20.137] INFO (17898): Wallet sync [8996]: shielded=true, unshielded=true, dust=false
[11:17:20.255] INFO (17898): Wallet sync [8997]: shielded=true, unshielded=true, dust=false
[11:17:20.356] INFO (17898): Wallet sync [8998]: shielded=true, unshielded=true, dust=false
[11:17:20.474] INFO (17898): Wallet sync [8999]: shielded=true, unshielded=true, dust=false
[11:17:20.550] INFO (17898): Wallet sync [9000]: shielded=true, unshielded=true, dust=false
[11:17:20.656] INFO (17898): Wallet sync [9001]: shielded=true, unshielded=true, dust=false
[11:17:20.742] INFO (17898): Wallet sync [9002]: shielded=true, unshielded=true, dust=false
[11:17:20.839] INFO (17898): Wallet sync [9003]: shielded=true, unshielded=true, dust=false
[11:17:20.947] INFO (17898): Wallet sync [9004]: shielded=true, unshielded=true, dust=false
[11:17:21.065] INFO (17898): Wallet sync [9005]: shielded=true, unshielded=true, dust=false
[11:17:21.154] INFO (17898): Wallet sync [9006]: shielded=true, unshielded=true, dust=false
[11:17:21.247] INFO (17898): Wallet sync [9007]: shielded=true, unshielded=true, dust=false
[11:17:21.362] INFO (17898): Wallet sync [9008]: shielded=true, unshielded=true, dust=false
[11:17:21.458] INFO (17898): Wallet sync [9009]: shielded=true, unshielded=true, dust=false
[11:17:21.591] INFO (17898): Wallet sync [9010]: shielded=true, unshielded=true, dust=false
[11:17:21.666] INFO (17898): Wallet sync [9011]: shielded=true, unshielded=true, dust=false
[11:17:21.755] INFO (17898): Wallet sync [9012]: shielded=true, unshielded=true, dust=false
[11:17:21.847] INFO (17898): Wallet sync [9013]: shielded=true, unshielded=true, dust=false
[11:17:21.947] INFO (17898): Wallet sync [9014]: shielded=true, unshielded=true, dust=false
[11:17:22.065] INFO (17898): Wallet sync [9015]: shielded=true, unshielded=true, dust=false
[11:17:22.302] INFO (17898): Wallet sync [9016]: shielded=true, unshielded=true, dust=false
[11:17:22.481] INFO (17898): Wallet sync [9017]: shielded=true, unshielded=true, dust=false
[11:17:22.887] INFO (17898): Wallet sync [9018]: shielded=true, unshielded=true, dust=false
[11:17:23.120] INFO (17898): Wallet sync [9019]: shielded=true, unshielded=true, dust=false
[11:17:23.231] INFO (17898): Wallet sync [9020]: shielded=true, unshielded=true, dust=false
[11:17:23.334] INFO (17898): Wallet sync [9021]: shielded=true, unshielded=true, dust=false
[11:17:23.428] INFO (17898): Wallet sync [9022]: shielded=true, unshielded=true, dust=false
[11:17:23.495] INFO (17898): Wallet sync [9023]: shielded=true, unshielded=true, dust=false
[11:17:23.618] INFO (17898): Wallet sync [9024]: shielded=true, unshielded=true, dust=false
[11:17:23.733] INFO (17898): Wallet sync [9025]: shielded=true, unshielded=true, dust=false
[11:17:23.834] INFO (17898): Wallet sync [9026]: shielded=true, unshielded=true, dust=false
[11:17:23.947] INFO (17898): Wallet sync [9027]: shielded=true, unshielded=true, dust=false
[11:17:24.032] INFO (17898): Wallet sync [9028]: shielded=true, unshielded=true, dust=false
[11:17:24.105] INFO (17898): Wallet sync [9029]: shielded=true, unshielded=true, dust=false
[11:17:24.206] INFO (17898): Wallet sync [9030]: shielded=true, unshielded=true, dust=false
[11:17:24.292] INFO (17898): Wallet sync [9031]: shielded=true, unshielded=true, dust=false
[11:17:24.393] INFO (17898): Wallet sync [9032]: shielded=true, unshielded=true, dust=false
[11:17:24.493] INFO (17898): Wallet sync [9033]: shielded=true, unshielded=true, dust=false
[11:17:24.602] INFO (17898): Wallet sync [9034]: shielded=true, unshielded=true, dust=false
[11:17:24.711] INFO (17898): Wallet sync [9035]: shielded=true, unshielded=true, dust=false
[11:17:24.995] INFO (17898): Wallet sync [9036]: shielded=true, unshielded=true, dust=false
[11:17:25.143] INFO (17898): Wallet sync [9037]: shielded=true, unshielded=true, dust=false
[11:17:25.352] INFO (17898): Wallet sync [9038]: shielded=true, unshielded=true, dust=false
[11:17:25.599] INFO (17898): Wallet sync [9039]: shielded=true, unshielded=true, dust=false
[11:17:25.716] INFO (17898): Wallet sync [9040]: shielded=true, unshielded=true, dust=false
[11:17:25.867] INFO (17898): Wallet sync [9041]: shielded=true, unshielded=true, dust=false
[11:17:25.873] INFO (17898): Wallet sync [9042]: shielded=true, unshielded=true, dust=false
[11:17:25.975] INFO (17898): Wallet sync [9043]: shielded=true, unshielded=true, dust=false
[11:17:26.072] INFO (17898): Wallet sync [9044]: shielded=true, unshielded=true, dust=false
[11:17:26.329] INFO (17898): Wallet sync [9045]: shielded=true, unshielded=true, dust=false
[11:17:26.438] INFO (17898): Wallet sync [9046]: shielded=true, unshielded=true, dust=false
[11:17:26.522] INFO (17898): Wallet sync [9047]: shielded=true, unshielded=true, dust=false
[11:17:26.638] INFO (17898): Wallet sync [9048]: shielded=true, unshielded=true, dust=false
[11:17:26.701] INFO (17898): Wallet sync [9049]: shielded=true, unshielded=true, dust=false
[11:17:26.817] INFO (17898): Wallet sync [9050]: shielded=true, unshielded=true, dust=false
[11:17:26.914] INFO (17898): Wallet sync [9051]: shielded=true, unshielded=true, dust=false
[11:17:27.031] INFO (17898): Wallet sync [9052]: shielded=true, unshielded=true, dust=false
[11:17:27.124] INFO (17898): Wallet sync [9053]: shielded=true, unshielded=true, dust=false
[11:17:27.208] INFO (17898): Wallet sync [9054]: shielded=true, unshielded=true, dust=false
[11:17:27.292] INFO (17898): Wallet sync [9055]: shielded=true, unshielded=true, dust=false
[11:17:27.449] INFO (17898): Wallet sync [9056]: shielded=true, unshielded=true, dust=false
[11:17:27.579] INFO (17898): Wallet sync [9057]: shielded=true, unshielded=true, dust=false
[11:17:27.657] INFO (17898): Wallet sync [9058]: shielded=true, unshielded=true, dust=false
[11:17:27.764] INFO (17898): Wallet sync [9059]: shielded=true, unshielded=true, dust=false
[11:17:27.873] INFO (17898): Wallet sync [9060]: shielded=true, unshielded=true, dust=false
[11:17:27.983] INFO (17898): Wallet sync [9061]: shielded=true, unshielded=true, dust=false
[11:17:28.050] INFO (17898): Wallet sync [9062]: shielded=true, unshielded=true, dust=false
[11:17:28.150] INFO (17898): Wallet sync [9063]: shielded=true, unshielded=true, dust=false
[11:17:28.259] INFO (17898): Wallet sync [9064]: shielded=true, unshielded=true, dust=false
[11:17:28.409] INFO (17898): Wallet sync [9065]: shielded=true, unshielded=true, dust=false
[11:17:28.566] INFO (17898): Wallet sync [9066]: shielded=true, unshielded=true, dust=false
[11:17:28.675] INFO (17898): Wallet sync [9067]: shielded=true, unshielded=true, dust=false
[11:17:28.754] INFO (17898): Wallet sync [9068]: shielded=true, unshielded=true, dust=false
[11:17:28.910] INFO (17898): Wallet sync [9069]: shielded=true, unshielded=true, dust=false
[11:17:29.071] INFO (17898): Wallet sync [9070]: shielded=true, unshielded=true, dust=false
[11:17:29.186] INFO (17898): Wallet sync [9071]: shielded=true, unshielded=true, dust=false
[11:17:29.291] INFO (17898): Wallet sync [9072]: shielded=true, unshielded=true, dust=false
[11:17:29.418] INFO (17898): Wallet sync [9073]: shielded=true, unshielded=true, dust=false
[11:17:29.509] INFO (17898): Wallet sync [9074]: shielded=true, unshielded=true, dust=false
[11:17:29.638] INFO (17898): Wallet sync [9075]: shielded=true, unshielded=true, dust=false
[11:17:29.736] INFO (17898): Wallet sync [9076]: shielded=true, unshielded=true, dust=false
[11:17:29.816] INFO (17898): Wallet sync [9077]: shielded=true, unshielded=true, dust=false
[11:17:29.986] INFO (17898): Wallet sync [9078]: shielded=true, unshielded=true, dust=false
[11:17:30.083] INFO (17898): Wallet sync [9079]: shielded=true, unshielded=true, dust=false
[11:17:30.183] INFO (17898): Wallet sync [9080]: shielded=true, unshielded=true, dust=false
[11:17:30.274] INFO (17898): Wallet sync [9081]: shielded=true, unshielded=true, dust=false
[11:17:30.365] INFO (17898): Wallet sync [9082]: shielded=true, unshielded=true, dust=false
[11:17:30.485] INFO (17898): Wallet sync [9083]: shielded=true, unshielded=true, dust=false
[11:17:30.600] INFO (17898): Wallet sync [9084]: shielded=true, unshielded=true, dust=false
[11:17:30.711] INFO (17898): Wallet sync [9085]: shielded=true, unshielded=true, dust=false
[11:17:30.788] INFO (17898): Wallet sync [9086]: shielded=true, unshielded=true, dust=false
[11:17:30.882] INFO (17898): Wallet sync [9087]: shielded=true, unshielded=true, dust=false
[11:17:30.977] INFO (17898): Wallet sync [9088]: shielded=true, unshielded=true, dust=false
[11:17:31.079] INFO (17898): Wallet sync [9089]: shielded=true, unshielded=true, dust=false
[11:17:31.215] INFO (17898): Wallet sync [9090]: shielded=true, unshielded=true, dust=false
[11:17:31.307] INFO (17898): Wallet sync [9091]: shielded=true, unshielded=true, dust=false
[11:17:31.388] INFO (17898): Wallet sync [9092]: shielded=true, unshielded=true, dust=false
[11:17:31.488] INFO (17898): Wallet sync [9093]: shielded=true, unshielded=true, dust=false
[11:17:31.595] INFO (17898): Wallet sync [9094]: shielded=true, unshielded=true, dust=false
[11:17:31.728] INFO (17898): Wallet sync [9095]: shielded=true, unshielded=true, dust=false
[11:17:31.889] INFO (17898): Wallet sync [9096]: shielded=true, unshielded=true, dust=false
[11:17:32.083] INFO (17898): Wallet sync [9097]: shielded=true, unshielded=true, dust=false
[11:17:32.169] INFO (17898): Wallet sync [9098]: shielded=true, unshielded=true, dust=false
[11:17:32.274] INFO (17898): Wallet sync [9099]: shielded=true, unshielded=true, dust=false
[11:17:32.375] INFO (17898): Wallet sync [9100]: shielded=true, unshielded=true, dust=false
[11:17:32.493] INFO (17898): Wallet sync [9101]: shielded=true, unshielded=true, dust=false
[11:17:32.600] INFO (17898): Wallet sync [9102]: shielded=true, unshielded=true, dust=false
[11:17:32.716] INFO (17898): Wallet sync [9103]: shielded=true, unshielded=true, dust=false
[11:17:32.840] INFO (17898): Wallet sync [9104]: shielded=true, unshielded=true, dust=false
[11:17:32.942] INFO (17898): Wallet sync [9105]: shielded=true, unshielded=true, dust=false
[11:17:33.065] INFO (17898): Wallet sync [9106]: shielded=true, unshielded=true, dust=false
[11:17:33.150] INFO (17898): Wallet sync [9107]: shielded=true, unshielded=true, dust=false
[11:17:33.248] INFO (17898): Wallet sync [9108]: shielded=true, unshielded=true, dust=false
[11:17:33.349] INFO (17898): Wallet sync [9109]: shielded=true, unshielded=true, dust=false
[11:17:33.482] INFO (17898): Wallet sync [9110]: shielded=true, unshielded=true, dust=false
[11:17:33.579] INFO (17898): Wallet sync [9111]: shielded=true, unshielded=true, dust=false
[11:17:33.686] INFO (17898): Wallet sync [9112]: shielded=true, unshielded=true, dust=false
[11:17:33.801] INFO (17898): Wallet sync [9113]: shielded=true, unshielded=true, dust=false
[11:17:33.930] INFO (17898): Wallet sync [9114]: shielded=true, unshielded=true, dust=false
[11:17:34.047] INFO (17898): Wallet sync [9115]: shielded=true, unshielded=true, dust=false
[11:17:34.136] INFO (17898): Wallet sync [9116]: shielded=true, unshielded=true, dust=false
[11:17:34.286] INFO (17898): Wallet sync [9117]: shielded=true, unshielded=true, dust=false
[11:17:34.367] INFO (17898): Wallet sync [9118]: shielded=true, unshielded=true, dust=false
[11:17:34.467] INFO (17898): Wallet sync [9119]: shielded=true, unshielded=true, dust=false
[11:17:34.548] INFO (17898): Wallet sync [9120]: shielded=true, unshielded=true, dust=false
[11:17:34.620] INFO (17898): Wallet sync [9121]: shielded=true, unshielded=true, dust=false
[11:17:34.700] INFO (17898): Wallet sync [9122]: shielded=true, unshielded=true, dust=false
[11:17:34.830] INFO (17898): Wallet sync [9123]: shielded=true, unshielded=true, dust=false
[11:17:34.925] INFO (17898): Wallet sync [9124]: shielded=true, unshielded=true, dust=false
[11:17:35.016] INFO (17898): Wallet sync [9125]: shielded=true, unshielded=true, dust=false
[11:17:35.196] INFO (17898): Wallet sync [9126]: shielded=true, unshielded=true, dust=false
[11:17:35.380] INFO (17898): Wallet sync [9127]: shielded=true, unshielded=true, dust=false
[11:17:35.538] INFO (17898): Wallet sync [9128]: shielded=true, unshielded=true, dust=false
[11:17:35.630] INFO (17898): Wallet sync [9129]: shielded=true, unshielded=true, dust=false
[11:17:35.734] INFO (17898): Wallet sync [9130]: shielded=true, unshielded=true, dust=false
[11:17:35.870] INFO (17898): Wallet sync [9131]: shielded=true, unshielded=true, dust=false
[11:17:35.987] INFO (17898): Wallet sync [9132]: shielded=true, unshielded=true, dust=false
[11:17:36.217] INFO (17898): Wallet sync [9133]: shielded=true, unshielded=true, dust=false
[11:17:36.305] INFO (17898): Wallet sync [9134]: shielded=true, unshielded=true, dust=false
[11:17:36.452] INFO (17898): Wallet sync [9135]: shielded=true, unshielded=true, dust=false
[11:17:36.550] INFO (17898): Wallet sync [9136]: shielded=true, unshielded=true, dust=false
[11:17:36.696] INFO (17898): Wallet sync [9137]: shielded=true, unshielded=true, dust=false
[11:17:36.815] INFO (17898): Wallet sync [9138]: shielded=true, unshielded=true, dust=false
[11:17:36.933] INFO (17898): Wallet sync [9139]: shielded=true, unshielded=true, dust=false
[11:17:37.098] INFO (17898): Wallet sync [9140]: shielded=true, unshielded=true, dust=false
[11:17:37.239] INFO (17898): Wallet sync [9141]: shielded=true, unshielded=true, dust=false
[11:17:37.394] INFO (17898): Wallet sync [9142]: shielded=true, unshielded=true, dust=false
[11:17:37.501] INFO (17898): Wallet sync [9143]: shielded=true, unshielded=true, dust=false
[11:17:37.624] INFO (17898): Wallet sync [9144]: shielded=true, unshielded=true, dust=false
[11:17:37.736] INFO (17898): Wallet sync [9145]: shielded=true, unshielded=true, dust=false
[11:17:37.968] INFO (17898): Wallet sync [9146]: shielded=true, unshielded=true, dust=false
[11:17:38.359] INFO (17898): Wallet sync [9147]: shielded=true, unshielded=true, dust=false
[11:17:38.556] INFO (17898): Wallet sync [9148]: shielded=true, unshielded=true, dust=false
[11:17:38.669] INFO (17898): Wallet sync [9149]: shielded=true, unshielded=true, dust=false
[11:17:38.830] INFO (17898): Wallet sync [9150]: shielded=true, unshielded=true, dust=false
[11:17:38.940] INFO (17898): Wallet sync [9151]: shielded=true, unshielded=true, dust=false
[11:17:39.031] INFO (17898): Wallet sync [9152]: shielded=true, unshielded=true, dust=false
[11:17:39.119] INFO (17898): Wallet sync [9153]: shielded=true, unshielded=true, dust=false
[11:17:39.229] INFO (17898): Wallet sync [9154]: shielded=true, unshielded=true, dust=false
[11:17:39.412] INFO (17898): Wallet sync [9155]: shielded=true, unshielded=true, dust=false
[11:17:39.856] INFO (17898): Wallet sync [9156]: shielded=true, unshielded=true, dust=false
[11:17:39.984] INFO (17898): Wallet sync [9157]: shielded=true, unshielded=true, dust=false
[11:17:40.126] INFO (17898): Wallet sync [9158]: shielded=true, unshielded=true, dust=false
[11:17:40.275] INFO (17898): Wallet sync [9159]: shielded=true, unshielded=true, dust=false
[11:17:40.433] INFO (17898): Wallet sync [9160]: shielded=true, unshielded=true, dust=false
[11:17:40.541] INFO (17898): Wallet sync [9161]: shielded=true, unshielded=true, dust=false
[11:17:40.621] INFO (17898): Wallet sync [9162]: shielded=true, unshielded=true, dust=false
[11:17:40.752] INFO (17898): Wallet sync [9163]: shielded=true, unshielded=true, dust=false
[11:17:40.877] INFO (17898): Wallet sync [9164]: shielded=true, unshielded=true, dust=false
[11:17:41.069] INFO (17898): Wallet sync [9165]: shielded=true, unshielded=true, dust=false
[11:17:41.244] INFO (17898): Wallet sync [9166]: shielded=true, unshielded=true, dust=false
[11:17:41.401] INFO (17898): Wallet sync [9167]: shielded=true, unshielded=true, dust=false
[11:17:41.594] INFO (17898): Wallet sync [9168]: shielded=true, unshielded=true, dust=false
[11:17:41.754] INFO (17898): Wallet sync [9169]: shielded=true, unshielded=true, dust=false
[11:17:41.956] INFO (17898): Wallet sync [9170]: shielded=true, unshielded=true, dust=false
[11:17:42.128] INFO (17898): Wallet sync [9171]: shielded=true, unshielded=true, dust=false
[11:17:42.250] INFO (17898): Wallet sync [9172]: shielded=true, unshielded=true, dust=false
[11:17:42.367] INFO (17898): Wallet sync [9173]: shielded=true, unshielded=true, dust=false
[11:17:42.488] INFO (17898): Wallet sync [9174]: shielded=true, unshielded=true, dust=false
[11:17:42.605] INFO (17898): Wallet sync [9175]: shielded=true, unshielded=true, dust=false
[11:17:42.707] INFO (17898): Wallet sync [9176]: shielded=true, unshielded=true, dust=false
[11:17:42.796] INFO (17898): Wallet sync [9177]: shielded=true, unshielded=true, dust=false
[11:17:42.905] INFO (17898): Wallet sync [9178]: shielded=true, unshielded=true, dust=false
[11:17:43.188] INFO (17898): Wallet sync [9179]: shielded=true, unshielded=true, dust=false
[11:17:43.434] INFO (17898): Wallet sync [9180]: shielded=true, unshielded=true, dust=false
[11:17:43.530] INFO (17898): Wallet sync [9181]: shielded=true, unshielded=true, dust=false
[11:17:43.736] INFO (17898): Wallet sync [9182]: shielded=true, unshielded=true, dust=false
[11:17:43.900] INFO (17898): Wallet sync [9183]: shielded=true, unshielded=true, dust=false
[11:17:44.055] INFO (17898): Wallet sync [9184]: shielded=true, unshielded=true, dust=false
[11:17:44.186] INFO (17898): Wallet sync [9185]: shielded=true, unshielded=true, dust=false
[11:17:44.358] INFO (17898): Wallet sync [9186]: shielded=true, unshielded=true, dust=false
[11:17:44.703] INFO (17898): Wallet sync [9187]: shielded=true, unshielded=true, dust=false
[11:17:44.930] INFO (17898): Wallet sync [9188]: shielded=true, unshielded=true, dust=false
[11:17:45.112] INFO (17898): Wallet sync [9189]: shielded=true, unshielded=true, dust=false
[11:17:45.287] INFO (17898): Wallet sync [9190]: shielded=true, unshielded=true, dust=false
[11:17:45.501] INFO (17898): Wallet sync [9191]: shielded=true, unshielded=true, dust=false
[11:17:45.625] INFO (17898): Wallet sync [9192]: shielded=true, unshielded=true, dust=false
[11:17:45.727] INFO (17898): Wallet sync [9193]: shielded=true, unshielded=true, dust=false
[11:17:45.849] INFO (17898): Wallet sync [9194]: shielded=true, unshielded=true, dust=false
[11:17:46.010] INFO (17898): Wallet sync [9195]: shielded=true, unshielded=true, dust=false
[11:17:46.106] INFO (17898): Wallet sync [9196]: shielded=true, unshielded=true, dust=false
[11:17:46.268] INFO (17898): Wallet sync [9197]: shielded=true, unshielded=true, dust=false
[11:17:46.365] INFO (17898): Wallet sync [9198]: shielded=true, unshielded=true, dust=false
[11:17:46.491] INFO (17898): Wallet sync [9199]: shielded=true, unshielded=true, dust=false
[11:17:46.648] INFO (17898): Wallet sync [9200]: shielded=true, unshielded=true, dust=false
[11:17:46.757] INFO (17898): Wallet sync [9201]: shielded=true, unshielded=true, dust=false
[11:17:46.871] INFO (17898): Wallet sync [9202]: shielded=true, unshielded=true, dust=false
[11:17:47.008] INFO (17898): Wallet sync [9203]: shielded=true, unshielded=true, dust=false
[11:17:47.197] INFO (17898): Wallet sync [9204]: shielded=true, unshielded=true, dust=false
[11:17:47.393] INFO (17898): Wallet sync [9205]: shielded=true, unshielded=true, dust=false
[11:17:47.633] INFO (17898): Wallet sync [9206]: shielded=true, unshielded=true, dust=false
[11:17:47.853] INFO (17898): Wallet sync [9207]: shielded=true, unshielded=true, dust=false
[11:17:48.066] INFO (17898): Wallet sync [9208]: shielded=true, unshielded=true, dust=false
[11:17:48.467] INFO (17898): Wallet sync [9209]: shielded=true, unshielded=true, dust=false
[11:17:48.806] INFO (17898): Wallet sync [9210]: shielded=true, unshielded=true, dust=false
[11:17:48.933] INFO (17898): Wallet sync [9211]: shielded=true, unshielded=true, dust=false
[11:17:49.083] INFO (17898): Wallet sync [9212]: shielded=true, unshielded=true, dust=false
[11:17:49.257] INFO (17898): Wallet sync [9213]: shielded=true, unshielded=true, dust=false
[11:17:49.448] INFO (17898): Wallet sync [9214]: shielded=true, unshielded=true, dust=false
[11:17:49.614] INFO (17898): Wallet sync [9215]: shielded=true, unshielded=true, dust=false
[11:17:49.812] INFO (17898): Wallet sync [9216]: shielded=true, unshielded=true, dust=false
[11:17:49.977] INFO (17898): Wallet sync [9217]: shielded=true, unshielded=true, dust=false
[11:17:50.155] INFO (17898): Wallet sync [9218]: shielded=true, unshielded=true, dust=false
[11:17:50.323] INFO (17898): Wallet sync [9219]: shielded=true, unshielded=true, dust=false
[11:17:50.434] INFO (17898): Wallet sync [9220]: shielded=true, unshielded=true, dust=false
[11:17:50.573] INFO (17898): Wallet sync [9221]: shielded=true, unshielded=true, dust=false
[11:17:50.754] INFO (17898): Wallet sync [9222]: shielded=true, unshielded=true, dust=false
[11:17:50.994] INFO (17898): Wallet sync [9223]: shielded=true, unshielded=true, dust=false
[11:17:51.117] INFO (17898): Wallet sync [9224]: shielded=true, unshielded=true, dust=false
[11:17:51.244] INFO (17898): Wallet sync [9225]: shielded=true, unshielded=true, dust=false
[11:17:51.459] INFO (17898): Wallet sync [9226]: shielded=true, unshielded=true, dust=false
[11:17:51.683] INFO (17898): Wallet sync [9227]: shielded=true, unshielded=true, dust=false
[11:17:51.885] INFO (17898): Wallet sync [9228]: shielded=true, unshielded=true, dust=false
[11:17:52.268] INFO (17898): Wallet sync [9229]: shielded=true, unshielded=true, dust=false
[11:17:53.116] INFO (17898): Wallet sync [9230]: shielded=true, unshielded=true, dust=false
[11:17:53.580] INFO (17898): Wallet sync [9231]: shielded=true, unshielded=true, dust=false
[11:17:53.972] INFO (17898): Wallet sync [9232]: shielded=true, unshielded=true, dust=false
[11:17:54.161] INFO (17898): Wallet sync [9233]: shielded=true, unshielded=true, dust=false
[11:17:54.288] INFO (17898): Wallet sync [9234]: shielded=true, unshielded=true, dust=false
[11:17:54.418] INFO (17898): Wallet sync [9235]: shielded=true, unshielded=true, dust=false
[11:17:54.566] INFO (17898): Wallet sync [9236]: shielded=true, unshielded=true, dust=false
[11:17:54.737] INFO (17898): Wallet sync [9237]: shielded=true, unshielded=true, dust=false
[11:17:54.942] INFO (17898): Wallet sync [9238]: shielded=true, unshielded=true, dust=false
[11:17:55.037] INFO (17898): Wallet sync [9239]: shielded=true, unshielded=true, dust=false
[11:17:55.192] INFO (17898): Wallet sync [9240]: shielded=true, unshielded=true, dust=false
[11:17:55.311] INFO (17898): Wallet sync [9241]: shielded=true, unshielded=true, dust=false
[11:17:55.482] INFO (17898): Wallet sync [9242]: shielded=true, unshielded=true, dust=false
[11:17:55.604] INFO (17898): Wallet sync [9243]: shielded=true, unshielded=true, dust=false
[11:17:55.733] INFO (17898): Wallet sync [9244]: shielded=true, unshielded=true, dust=false
[11:17:55.820] INFO (17898): Wallet sync [9245]: shielded=true, unshielded=true, dust=false
[11:17:55.939] INFO (17898): Wallet sync [9246]: shielded=true, unshielded=true, dust=false
[11:17:55.944] INFO (17898): Wallet sync [9247]: shielded=true, unshielded=true, dust=false
[11:17:56.066] INFO (17898): Wallet sync [9248]: shielded=true, unshielded=true, dust=false
[11:17:56.181] INFO (17898): Wallet sync [9249]: shielded=true, unshielded=true, dust=false
[11:17:56.309] INFO (17898): Wallet sync [9250]: shielded=true, unshielded=true, dust=false
[11:17:56.451] INFO (17898): Wallet sync [9251]: shielded=true, unshielded=true, dust=false
[11:17:56.562] INFO (17898): Wallet sync [9252]: shielded=true, unshielded=true, dust=false
[11:17:56.653] INFO (17898): Wallet sync [9253]: shielded=true, unshielded=true, dust=false
[11:17:56.735] INFO (17898): Wallet sync [9254]: shielded=true, unshielded=true, dust=false
[11:17:56.828] INFO (17898): Wallet sync [9255]: shielded=true, unshielded=true, dust=false
[11:17:56.964] INFO (17898): Wallet sync [9256]: shielded=true, unshielded=true, dust=false
[11:17:57.097] INFO (17898): Wallet sync [9257]: shielded=true, unshielded=true, dust=false
[11:17:57.206] INFO (17898): Wallet sync [9258]: shielded=true, unshielded=true, dust=false
[11:17:57.285] INFO (17898): Wallet sync [9259]: shielded=true, unshielded=true, dust=false
[11:17:57.391] INFO (17898): Wallet sync [9260]: shielded=true, unshielded=true, dust=false
[11:17:57.486] INFO (17898): Wallet sync [9261]: shielded=true, unshielded=true, dust=false
[11:17:57.634] INFO (17898): Wallet sync [9262]: shielded=true, unshielded=true, dust=false
[11:17:57.765] INFO (17898): Wallet sync [9263]: shielded=true, unshielded=true, dust=false
[11:17:57.898] INFO (17898): Wallet sync [9264]: shielded=true, unshielded=true, dust=false
[11:17:57.984] INFO (17898): Wallet sync [9265]: shielded=true, unshielded=true, dust=false
[11:17:58.083] INFO (17898): Wallet sync [9266]: shielded=true, unshielded=true, dust=false
[11:17:58.174] INFO (17898): Wallet sync [9267]: shielded=true, unshielded=true, dust=false
[11:17:58.261] INFO (17898): Wallet sync [9268]: shielded=true, unshielded=true, dust=false
[11:17:58.374] INFO (17898): Wallet sync [9269]: shielded=true, unshielded=true, dust=false
[11:17:58.507] INFO (17898): Wallet sync [9270]: shielded=true, unshielded=true, dust=false
[11:17:58.649] INFO (17898): Wallet sync [9271]: shielded=true, unshielded=true, dust=false
[11:17:58.761] INFO (17898): Wallet sync [9272]: shielded=true, unshielded=true, dust=false
[11:17:58.882] INFO (17898): Wallet sync [9273]: shielded=true, unshielded=true, dust=false
[11:17:58.982] INFO (17898): Wallet sync [9274]: shielded=true, unshielded=true, dust=false
[11:17:59.073] INFO (17898): Wallet sync [9275]: shielded=true, unshielded=true, dust=false
[11:17:59.162] INFO (17898): Wallet sync [9276]: shielded=true, unshielded=true, dust=false
[11:17:59.240] INFO (17898): Wallet sync [9277]: shielded=true, unshielded=true, dust=false
[11:17:59.319] INFO (17898): Wallet sync [9278]: shielded=true, unshielded=true, dust=false
[11:17:59.445] INFO (17898): Wallet sync [9279]: shielded=true, unshielded=true, dust=false
[11:17:59.572] INFO (17898): Wallet sync [9280]: shielded=true, unshielded=true, dust=false
[11:17:59.645] INFO (17898): Wallet sync [9281]: shielded=true, unshielded=true, dust=false
[11:17:59.750] INFO (17898): Wallet sync [9282]: shielded=true, unshielded=true, dust=false
[11:17:59.876] INFO (17898): Wallet sync [9283]: shielded=true, unshielded=true, dust=false
[11:17:59.991] INFO (17898): Wallet sync [9284]: shielded=true, unshielded=true, dust=false
[11:18:00.112] INFO (17898): Wallet sync [9285]: shielded=true, unshielded=true, dust=false
[11:18:00.191] INFO (17898): Wallet sync [9286]: shielded=true, unshielded=true, dust=false
[11:18:00.279] INFO (17898): Wallet sync [9287]: shielded=true, unshielded=true, dust=false
[11:18:00.369] INFO (17898): Wallet sync [9288]: shielded=true, unshielded=true, dust=false
[11:18:00.492] INFO (17898): Wallet sync [9289]: shielded=true, unshielded=true, dust=false
[11:18:00.563] INFO (17898): Wallet sync [9290]: shielded=true, unshielded=true, dust=false
[11:18:00.638] INFO (17898): Wallet sync [9291]: shielded=true, unshielded=true, dust=false
[11:18:00.716] INFO (17898): Wallet sync [9292]: shielded=true, unshielded=true, dust=false
[11:18:00.797] INFO (17898): Wallet sync [9293]: shielded=true, unshielded=true, dust=false
[11:18:00.921] INFO (17898): Wallet sync [9294]: shielded=true, unshielded=true, dust=false
[11:18:01.013] INFO (17898): Wallet sync [9295]: shielded=true, unshielded=true, dust=false
[11:18:01.090] INFO (17898): Wallet sync [9296]: shielded=true, unshielded=true, dust=false
[11:18:01.176] INFO (17898): Wallet sync [9297]: shielded=true, unshielded=true, dust=false
[11:18:01.291] INFO (17898): Wallet sync [9298]: shielded=true, unshielded=true, dust=false
[11:18:01.388] INFO (17898): Wallet sync [9299]: shielded=true, unshielded=true, dust=false
[11:18:01.471] INFO (17898): Wallet sync [9300]: shielded=true, unshielded=true, dust=false
[11:18:01.576] INFO (17898): Wallet sync [9301]: shielded=true, unshielded=true, dust=false
[11:18:01.676] INFO (17898): Wallet sync [9302]: shielded=true, unshielded=true, dust=false
[11:18:01.819] INFO (17898): Wallet sync [9303]: shielded=true, unshielded=true, dust=false
[11:18:01.969] INFO (17898): Wallet sync [9304]: shielded=true, unshielded=true, dust=false
[11:18:02.058] INFO (17898): Wallet sync [9305]: shielded=true, unshielded=true, dust=false
[11:18:02.161] INFO (17898): Wallet sync [9306]: shielded=true, unshielded=true, dust=false
[11:18:02.275] INFO (17898): Wallet sync [9307]: shielded=true, unshielded=true, dust=false
[11:18:02.377] INFO (17898): Wallet sync [9308]: shielded=true, unshielded=true, dust=false
[11:18:02.483] INFO (17898): Wallet sync [9309]: shielded=true, unshielded=true, dust=false
[11:18:02.568] INFO (17898): Wallet sync [9310]: shielded=true, unshielded=true, dust=false
[11:18:02.655] INFO (17898): Wallet sync [9311]: shielded=true, unshielded=true, dust=false
[11:18:02.748] INFO (17898): Wallet sync [9312]: shielded=true, unshielded=true, dust=false
[11:18:02.841] INFO (17898): Wallet sync [9313]: shielded=true, unshielded=true, dust=false
[11:18:02.921] INFO (17898): Wallet sync [9314]: shielded=true, unshielded=true, dust=false
[11:18:03.032] INFO (17898): Wallet sync [9315]: shielded=true, unshielded=true, dust=false
[11:18:03.109] INFO (17898): Wallet sync [9316]: shielded=true, unshielded=true, dust=false
[11:18:03.202] INFO (17898): Wallet sync [9317]: shielded=true, unshielded=true, dust=false
[11:18:03.286] INFO (17898): Wallet sync [9318]: shielded=true, unshielded=true, dust=false
[11:18:03.381] INFO (17898): Wallet sync [9319]: shielded=true, unshielded=true, dust=false
[11:18:03.493] INFO (17898): Wallet sync [9320]: shielded=true, unshielded=true, dust=false
[11:18:03.598] INFO (17898): Wallet sync [9321]: shielded=true, unshielded=true, dust=false
[11:18:03.704] INFO (17898): Wallet sync [9322]: shielded=true, unshielded=true, dust=false
[11:18:03.851] INFO (17898): Wallet sync [9323]: shielded=true, unshielded=true, dust=false
[11:18:03.934] INFO (17898): Wallet sync [9324]: shielded=true, unshielded=true, dust=false
[11:18:04.027] INFO (17898): Wallet sync [9325]: shielded=true, unshielded=true, dust=false
[11:18:04.130] INFO (17898): Wallet sync [9326]: shielded=true, unshielded=true, dust=false
[11:18:04.249] INFO (17898): Wallet sync [9327]: shielded=true, unshielded=true, dust=false
[11:18:04.370] INFO (17898): Wallet sync [9328]: shielded=true, unshielded=true, dust=false
[11:18:04.634] INFO (17898): Wallet sync [9329]: shielded=true, unshielded=true, dust=false
[11:18:04.741] INFO (17898): Wallet sync [9330]: shielded=true, unshielded=true, dust=false
[11:18:04.855] INFO (17898): Wallet sync [9331]: shielded=true, unshielded=true, dust=false
[11:18:04.973] INFO (17898): Wallet sync [9332]: shielded=true, unshielded=true, dust=false
[11:18:05.091] INFO (17898): Wallet sync [9333]: shielded=true, unshielded=true, dust=false
[11:18:05.194] INFO (17898): Wallet sync [9334]: shielded=true, unshielded=true, dust=false
[11:18:05.306] INFO (17898): Wallet sync [9335]: shielded=true, unshielded=true, dust=false
[11:18:05.400] INFO (17898): Wallet sync [9336]: shielded=true, unshielded=true, dust=false
[11:18:05.513] INFO (17898): Wallet sync [9337]: shielded=true, unshielded=true, dust=false
[11:18:05.635] INFO (17898): Wallet sync [9338]: shielded=true, unshielded=true, dust=false
[11:18:05.744] INFO (17898): Wallet sync [9339]: shielded=true, unshielded=true, dust=false
[11:18:05.872] INFO (17898): Wallet sync [9340]: shielded=true, unshielded=true, dust=false
[11:18:05.983] INFO (17898): Wallet sync [9341]: shielded=true, unshielded=true, dust=false
[11:18:06.098] INFO (17898): Wallet sync [9342]: shielded=true, unshielded=true, dust=false
[11:18:06.166] INFO (17898): Wallet sync [9343]: shielded=true, unshielded=true, dust=false
[11:18:06.236] INFO (17898): Wallet sync [9344]: shielded=true, unshielded=true, dust=false
[11:18:06.318] INFO (17898): Wallet sync [9345]: shielded=true, unshielded=true, dust=false
[11:18:06.421] INFO (17898): Wallet sync [9346]: shielded=true, unshielded=true, dust=false
[11:18:06.561] INFO (17898): Wallet sync [9347]: shielded=true, unshielded=true, dust=false
[11:18:06.668] INFO (17898): Wallet sync [9348]: shielded=true, unshielded=true, dust=false
[11:18:06.815] INFO (17898): Wallet sync [9349]: shielded=true, unshielded=true, dust=false
[11:18:06.925] INFO (17898): Wallet sync [9350]: shielded=true, unshielded=true, dust=false
[11:18:07.012] INFO (17898): Wallet sync [9351]: shielded=true, unshielded=true, dust=false
[11:18:07.125] INFO (17898): Wallet sync [9352]: shielded=true, unshielded=true, dust=false
[11:18:07.211] INFO (17898): Wallet sync [9353]: shielded=true, unshielded=true, dust=false
[11:18:07.319] INFO (17898): Wallet sync [9354]: shielded=true, unshielded=true, dust=false
[11:18:07.422] INFO (17898): Wallet sync [9355]: shielded=true, unshielded=true, dust=false
[11:18:07.521] INFO (17898): Wallet sync [9356]: shielded=true, unshielded=true, dust=false
[11:18:07.633] INFO (17898): Wallet sync [9357]: shielded=true, unshielded=true, dust=false
[11:18:07.786] INFO (17898): Wallet sync [9358]: shielded=true, unshielded=true, dust=false
[11:18:07.896] INFO (17898): Wallet sync [9359]: shielded=true, unshielded=true, dust=false
[11:18:07.993] INFO (17898): Wallet sync [9360]: shielded=true, unshielded=true, dust=false
[11:18:08.075] INFO (17898): Wallet sync [9361]: shielded=true, unshielded=true, dust=false
[11:18:08.164] INFO (17898): Wallet sync [9362]: shielded=true, unshielded=true, dust=false
[11:18:08.293] INFO (17898): Wallet sync [9363]: shielded=true, unshielded=true, dust=false
[11:18:08.384] INFO (17898): Wallet sync [9364]: shielded=true, unshielded=true, dust=false
[11:18:08.471] INFO (17898): Wallet sync [9365]: shielded=true, unshielded=true, dust=false
[11:18:08.542] INFO (17898): Wallet sync [9366]: shielded=true, unshielded=true, dust=false
[11:18:08.621] INFO (17898): Wallet sync [9367]: shielded=true, unshielded=true, dust=false
[11:18:08.745] INFO (17898): Wallet sync [9368]: shielded=true, unshielded=true, dust=false
[11:18:08.859] INFO (17898): Wallet sync [9369]: shielded=true, unshielded=true, dust=false
[11:18:08.937] INFO (17898): Wallet sync [9370]: shielded=true, unshielded=true, dust=false
[11:18:09.022] INFO (17898): Wallet sync [9371]: shielded=true, unshielded=true, dust=false
[11:18:09.155] INFO (17898): Wallet sync [9372]: shielded=true, unshielded=true, dust=false
[11:18:09.214] INFO (17898): Wallet sync [9373]: shielded=true, unshielded=true, dust=false
[11:18:09.263] INFO (17898): Wallet sync [9374]: shielded=true, unshielded=true, dust=false
[11:18:09.434] INFO (17898): Wallet sync [9375]: shielded=true, unshielded=true, dust=false
[11:18:09.533] INFO (17898): Wallet sync [9376]: shielded=true, unshielded=true, dust=false
[11:18:09.650] INFO (17898): Wallet sync [9377]: shielded=true, unshielded=true, dust=false
[11:18:09.751] INFO (17898): Wallet sync [9378]: shielded=true, unshielded=true, dust=false
[11:18:09.824] INFO (17898): Wallet sync [9379]: shielded=true, unshielded=true, dust=false
[11:18:09.886] INFO (17898): Wallet sync [9380]: shielded=true, unshielded=true, dust=false
[11:18:09.954] INFO (17898): Wallet sync [9381]: shielded=true, unshielded=true, dust=false
[11:18:10.003] INFO (17898): Wallet sync [9382]: shielded=true, unshielded=true, dust=false
[11:18:10.069] INFO (17898): Wallet sync [9383]: shielded=true, unshielded=true, dust=false
[11:18:10.139] INFO (17898): Wallet sync [9384]: shielded=true, unshielded=true, dust=false
[11:18:10.237] INFO (17898): Wallet sync [9385]: shielded=true, unshielded=true, dust=false
[11:18:10.469] INFO (17898): Wallet sync [9386]: shielded=true, unshielded=true, dust=false
[11:18:10.670] INFO (17898): Wallet sync [9387]: shielded=true, unshielded=true, dust=false
[11:18:10.916] INFO (17898): Wallet sync [9388]: shielded=true, unshielded=true, dust=false
[11:18:11.019] INFO (17898): Wallet sync [9389]: shielded=true, unshielded=true, dust=false
[11:18:11.084] INFO (17898): Wallet sync [9390]: shielded=true, unshielded=true, dust=false
[11:18:11.241] INFO (17898): Wallet sync [9391]: shielded=true, unshielded=true, dust=false
[11:18:11.374] INFO (17898): Wallet sync [9392]: shielded=true, unshielded=true, dust=false
[11:18:11.491] INFO (17898): Wallet sync [9393]: shielded=true, unshielded=true, dust=false
[11:18:11.644] INFO (17898): Wallet sync [9394]: shielded=true, unshielded=true, dust=false
[11:18:11.801] INFO (17898): Wallet sync [9395]: shielded=true, unshielded=true, dust=false
[11:18:11.946] INFO (17898): Wallet sync [9396]: shielded=true, unshielded=true, dust=false
[11:18:12.117] INFO (17898): Wallet sync [9397]: shielded=true, unshielded=true, dust=false
[11:18:12.235] INFO (17898): Wallet sync [9398]: shielded=true, unshielded=true, dust=false
[11:18:12.377] INFO (17898): Wallet sync [9399]: shielded=true, unshielded=true, dust=false
[11:18:12.509] INFO (17898): Wallet sync [9400]: shielded=true, unshielded=true, dust=false
[11:18:12.666] INFO (17898): Wallet sync [9401]: shielded=true, unshielded=true, dust=false
[11:18:12.892] INFO (17898): Wallet sync [9402]: shielded=true, unshielded=true, dust=false
[11:18:12.993] INFO (17898): Wallet sync [9403]: shielded=true, unshielded=true, dust=false
[11:18:13.080] INFO (17898): Wallet sync [9404]: shielded=true, unshielded=true, dust=false
[11:18:13.183] INFO (17898): Wallet sync [9405]: shielded=true, unshielded=true, dust=false
[11:18:13.318] INFO (17898): Wallet sync [9406]: shielded=true, unshielded=true, dust=false
[11:18:13.478] INFO (17898): Wallet sync [9407]: shielded=true, unshielded=true, dust=false
[11:18:13.583] INFO (17898): Wallet sync [9408]: shielded=true, unshielded=true, dust=false
[11:18:13.730] INFO (17898): Wallet sync [9409]: shielded=true, unshielded=true, dust=false
[11:18:13.863] INFO (17898): Wallet sync [9410]: shielded=true, unshielded=true, dust=false
[11:18:13.998] INFO (17898): Wallet sync [9411]: shielded=true, unshielded=true, dust=false
[11:18:14.150] INFO (17898): Wallet sync [9412]: shielded=true, unshielded=true, dust=false
[11:18:14.295] INFO (17898): Wallet sync [9413]: shielded=true, unshielded=true, dust=false
[11:18:14.440] INFO (17898): Wallet sync [9414]: shielded=true, unshielded=true, dust=false
[11:18:14.530] INFO (17898): Wallet sync [9415]: shielded=true, unshielded=true, dust=false
[11:18:14.708] INFO (17898): Wallet sync [9416]: shielded=true, unshielded=true, dust=false
[11:18:14.805] INFO (17898): Wallet sync [9417]: shielded=true, unshielded=true, dust=false
[11:18:15.049] INFO (17898): Wallet sync [9418]: shielded=true, unshielded=true, dust=false
[11:18:15.359] INFO (17898): Wallet sync [9419]: shielded=true, unshielded=true, dust=false
[11:18:15.509] INFO (17898): Wallet sync [9420]: shielded=true, unshielded=true, dust=false
[11:18:15.731] INFO (17898): Wallet sync [9421]: shielded=true, unshielded=true, dust=false
[11:18:16.155] INFO (17898): Wallet sync [9422]: shielded=true, unshielded=true, dust=false
[11:18:16.389] INFO (17898): Wallet sync [9423]: shielded=true, unshielded=true, dust=false
[11:18:16.655] INFO (17898): Wallet sync [9424]: shielded=true, unshielded=true, dust=false
[11:18:16.795] INFO (17898): Wallet sync [9425]: shielded=true, unshielded=true, dust=false
[11:18:16.916] INFO (17898): Wallet sync [9426]: shielded=true, unshielded=true, dust=false
[11:18:17.056] INFO (17898): Wallet sync [9427]: shielded=true, unshielded=true, dust=false
[11:18:17.324] INFO (17898): Wallet sync [9428]: shielded=true, unshielded=true, dust=false
[11:18:17.514] INFO (17898): Wallet sync [9429]: shielded=true, unshielded=true, dust=false
[11:18:17.676] INFO (17898): Wallet sync [9430]: shielded=true, unshielded=true, dust=false
[11:18:17.870] INFO (17898): Wallet sync [9431]: shielded=true, unshielded=true, dust=false
[11:18:18.105] INFO (17898): Wallet sync [9432]: shielded=true, unshielded=true, dust=false
[11:18:18.225] INFO (17898): Wallet sync [9433]: shielded=true, unshielded=true, dust=false
[11:18:18.329] INFO (17898): Wallet sync [9434]: shielded=true, unshielded=true, dust=false
[11:18:18.494] INFO (17898): Wallet sync [9435]: shielded=true, unshielded=true, dust=false
[11:18:18.612] INFO (17898): Wallet sync [9436]: shielded=true, unshielded=true, dust=false
[11:18:18.720] INFO (17898): Wallet sync [9437]: shielded=true, unshielded=true, dust=false
[11:18:18.971] INFO (17898): Wallet sync [9438]: shielded=true, unshielded=true, dust=false
[11:18:19.103] INFO (17898): Wallet sync [9439]: shielded=true, unshielded=true, dust=false
[11:18:19.248] INFO (17898): Wallet sync [9440]: shielded=true, unshielded=true, dust=false
[11:18:19.432] INFO (17898): Wallet sync [9441]: shielded=true, unshielded=true, dust=false
[11:18:19.594] INFO (17898): Wallet sync [9442]: shielded=true, unshielded=true, dust=false
[11:18:19.944] INFO (17898): Wallet sync [9443]: shielded=true, unshielded=true, dust=false
[11:18:20.052] INFO (17898): Wallet sync [9444]: shielded=true, unshielded=true, dust=false
[11:18:20.183] INFO (17898): Wallet sync [9445]: shielded=true, unshielded=true, dust=false
[11:18:20.321] INFO (17898): Wallet sync [9446]: shielded=true, unshielded=true, dust=false
[11:18:20.467] INFO (17898): Wallet sync [9447]: shielded=true, unshielded=true, dust=false
[11:18:20.595] INFO (17898): Wallet sync [9448]: shielded=true, unshielded=true, dust=false
[11:18:20.713] INFO (17898): Wallet sync [9449]: shielded=true, unshielded=true, dust=false
[11:18:21.230] INFO (17898): Wallet sync [9450]: shielded=true, unshielded=true, dust=false
[11:18:21.495] INFO (17898): Wallet sync [9451]: shielded=true, unshielded=true, dust=false
[11:18:21.765] INFO (17898): Wallet sync [9452]: shielded=true, unshielded=true, dust=false
[11:18:21.931] INFO (17898): Wallet sync [9453]: shielded=true, unshielded=true, dust=false
[11:18:22.067] INFO (17898): Wallet sync [9454]: shielded=true, unshielded=true, dust=false
[11:18:22.229] INFO (17898): Wallet sync [9455]: shielded=true, unshielded=true, dust=false
[11:18:22.371] INFO (17898): Wallet sync [9456]: shielded=true, unshielded=true, dust=false
[11:18:22.483] INFO (17898): Wallet sync [9457]: shielded=true, unshielded=true, dust=false
[11:18:22.590] INFO (17898): Wallet sync [9458]: shielded=true, unshielded=true, dust=false
[11:18:22.685] INFO (17898): Wallet sync [9459]: shielded=true, unshielded=true, dust=false
[11:18:22.761] INFO (17898): Wallet sync [9460]: shielded=true, unshielded=true, dust=false
[11:18:22.865] INFO (17898): Wallet sync [9461]: shielded=true, unshielded=true, dust=false
[11:18:22.957] INFO (17898): Wallet sync [9462]: shielded=true, unshielded=true, dust=false
[11:18:23.040] INFO (17898): Wallet sync [9463]: shielded=true, unshielded=true, dust=false
[11:18:23.142] INFO (17898): Wallet sync [9464]: shielded=true, unshielded=true, dust=false
[11:18:23.283] INFO (17898): Wallet sync [9465]: shielded=true, unshielded=true, dust=false
[11:18:23.380] INFO (17898): Wallet sync [9466]: shielded=true, unshielded=true, dust=false
[11:18:23.516] INFO (17898): Wallet sync [9467]: shielded=true, unshielded=true, dust=false
[11:18:23.630] INFO (17898): Wallet sync [9468]: shielded=true, unshielded=true, dust=false
[11:18:23.752] INFO (17898): Wallet sync [9469]: shielded=true, unshielded=true, dust=false
[11:18:23.879] INFO (17898): Wallet sync [9470]: shielded=true, unshielded=true, dust=false
[11:18:23.995] INFO (17898): Wallet sync [9471]: shielded=true, unshielded=true, dust=false
[11:18:24.092] INFO (17898): Wallet sync [9472]: shielded=true, unshielded=true, dust=false
[11:18:24.217] INFO (17898): Wallet sync [9473]: shielded=true, unshielded=true, dust=false
[11:18:24.335] INFO (17898): Wallet sync [9474]: shielded=true, unshielded=true, dust=false
[11:18:24.443] INFO (17898): Wallet sync [9475]: shielded=true, unshielded=true, dust=false
[11:18:24.550] INFO (17898): Wallet sync [9476]: shielded=true, unshielded=true, dust=false
[11:18:24.662] INFO (17898): Wallet sync [9477]: shielded=true, unshielded=true, dust=false
[11:18:24.777] INFO (17898): Wallet sync [9478]: shielded=true, unshielded=true, dust=false
[11:18:24.921] INFO (17898): Wallet sync [9479]: shielded=true, unshielded=true, dust=false
[11:18:24.996] INFO (17898): Wallet sync [9480]: shielded=true, unshielded=true, dust=false
[11:18:25.101] INFO (17898): Wallet sync [9481]: shielded=true, unshielded=true, dust=false
[11:18:25.223] INFO (17898): Wallet sync [9482]: shielded=true, unshielded=true, dust=false
[11:18:25.328] INFO (17898): Wallet sync [9483]: shielded=true, unshielded=true, dust=false
[11:18:25.438] INFO (17898): Wallet sync [9484]: shielded=true, unshielded=true, dust=false
[11:18:25.538] INFO (17898): Wallet sync [9485]: shielded=true, unshielded=true, dust=false
[11:18:25.715] INFO (17898): Wallet sync [9486]: shielded=true, unshielded=true, dust=false
[11:18:25.805] INFO (17898): Wallet sync [9487]: shielded=true, unshielded=true, dust=false
[11:18:25.940] INFO (17898): Wallet sync [9488]: shielded=true, unshielded=true, dust=false
[11:18:25.949] INFO (17898): Wallet sync [9489]: shielded=true, unshielded=true, dust=false
[11:18:26.032] INFO (17898): Wallet sync [9490]: shielded=true, unshielded=true, dust=false
[11:18:26.125] INFO (17898): Wallet sync [9491]: shielded=true, unshielded=true, dust=false
[11:18:26.206] INFO (17898): Wallet sync [9492]: shielded=true, unshielded=true, dust=false
[11:18:26.359] INFO (17898): Wallet sync [9493]: shielded=true, unshielded=true, dust=false
[11:18:26.429] INFO (17898): Wallet sync [9494]: shielded=true, unshielded=true, dust=false
[11:18:26.508] INFO (17898): Wallet sync [9495]: shielded=true, unshielded=true, dust=false
[11:18:26.614] INFO (17898): Wallet sync [9496]: shielded=true, unshielded=true, dust=false
[11:18:26.732] INFO (17898): Wallet sync [9497]: shielded=true, unshielded=true, dust=false
[11:18:26.833] INFO (17898): Wallet sync [9498]: shielded=true, unshielded=true, dust=false
[11:18:26.915] INFO (17898): Wallet sync [9499]: shielded=true, unshielded=true, dust=false
[11:18:27.048] INFO (17898): Wallet sync [9500]: shielded=true, unshielded=true, dust=false
[11:18:27.151] INFO (17898): Wallet sync [9501]: shielded=true, unshielded=true, dust=false
[11:18:27.267] INFO (17898): Wallet sync [9502]: shielded=true, unshielded=true, dust=false
[11:18:27.361] INFO (17898): Wallet sync [9503]: shielded=true, unshielded=true, dust=false
[11:18:27.495] INFO (17898): Wallet sync [9504]: shielded=true, unshielded=true, dust=false
[11:18:27.585] INFO (17898): Wallet sync [9505]: shielded=true, unshielded=true, dust=false
[11:18:27.678] INFO (17898): Wallet sync [9506]: shielded=true, unshielded=true, dust=false
[11:18:27.767] INFO (17898): Wallet sync [9507]: shielded=true, unshielded=true, dust=false
[11:18:27.875] INFO (17898): Wallet sync [9508]: shielded=true, unshielded=true, dust=false
[11:18:27.980] INFO (17898): Wallet sync [9509]: shielded=true, unshielded=true, dust=false
[11:18:28.111] INFO (17898): Wallet sync [9510]: shielded=true, unshielded=true, dust=false
[11:18:28.267] INFO (17898): Wallet sync [9511]: shielded=true, unshielded=true, dust=false
[11:18:28.380] INFO (17898): Wallet sync [9512]: shielded=true, unshielded=true, dust=false
[11:18:28.460] INFO (17898): Wallet sync [9513]: shielded=true, unshielded=true, dust=false
[11:18:28.595] INFO (17898): Wallet sync [9514]: shielded=true, unshielded=true, dust=false
[11:18:28.707] INFO (17898): Wallet sync [9515]: shielded=true, unshielded=true, dust=false
[11:18:28.830] INFO (17898): Wallet sync [9516]: shielded=true, unshielded=true, dust=false
[11:18:28.939] INFO (17898): Wallet sync [9517]: shielded=true, unshielded=true, dust=false
[11:18:29.064] INFO (17898): Wallet sync [9518]: shielded=true, unshielded=true, dust=false
[11:18:29.180] INFO (17898): Wallet sync [9519]: shielded=true, unshielded=true, dust=false
[11:18:29.292] INFO (17898): Wallet sync [9520]: shielded=true, unshielded=true, dust=false
[11:18:29.428] INFO (17898): Wallet sync [9521]: shielded=true, unshielded=true, dust=false
[11:18:29.558] INFO (17898): Wallet sync [9522]: shielded=true, unshielded=true, dust=false
[11:18:29.682] INFO (17898): Wallet sync [9523]: shielded=true, unshielded=true, dust=false
[11:18:29.757] INFO (17898): Wallet sync [9524]: shielded=true, unshielded=true, dust=false
[11:18:30.012] INFO (17898): Wallet sync [9525]: shielded=true, unshielded=true, dust=false
[11:18:30.336] INFO (17898): Wallet sync [9526]: shielded=true, unshielded=true, dust=false
[11:18:30.493] INFO (17898): Wallet sync [9527]: shielded=true, unshielded=true, dust=false
[11:18:30.593] INFO (17898): Wallet sync [9528]: shielded=true, unshielded=true, dust=false
[11:18:30.762] INFO (17898): Wallet sync [9529]: shielded=true, unshielded=true, dust=false
[11:18:30.930] INFO (17898): Wallet sync [9530]: shielded=true, unshielded=true, dust=false
[11:18:31.064] INFO (17898): Wallet sync [9531]: shielded=true, unshielded=true, dust=false
[11:18:31.154] INFO (17898): Wallet sync [9532]: shielded=true, unshielded=true, dust=false
[11:18:31.286] INFO (17898): Wallet sync [9533]: shielded=true, unshielded=true, dust=false
[11:18:31.553] INFO (17898): Wallet sync [9534]: shielded=true, unshielded=true, dust=false
[11:18:31.693] INFO (17898): Wallet sync [9535]: shielded=true, unshielded=true, dust=false
[11:18:31.833] INFO (17898): Wallet sync [9536]: shielded=true, unshielded=true, dust=false
[11:18:32.130] INFO (17898): Wallet sync [9537]: shielded=true, unshielded=true, dust=false
[11:18:32.240] INFO (17898): Wallet sync [9538]: shielded=true, unshielded=true, dust=false
[11:18:32.378] INFO (17898): Wallet sync [9539]: shielded=true, unshielded=true, dust=false
[11:18:32.485] INFO (17898): Wallet sync [9540]: shielded=true, unshielded=true, dust=false
[11:18:32.610] INFO (17898): Wallet sync [9541]: shielded=true, unshielded=true, dust=false
[11:18:32.712] INFO (17898): Wallet sync [9542]: shielded=true, unshielded=true, dust=false
[11:18:32.793] INFO (17898): Wallet sync [9543]: shielded=true, unshielded=true, dust=false
[11:18:32.933] INFO (17898): Wallet sync [9544]: shielded=true, unshielded=true, dust=false
[11:18:33.025] INFO (17898): Wallet sync [9545]: shielded=true, unshielded=true, dust=false
[11:18:33.112] INFO (17898): Wallet sync [9546]: shielded=true, unshielded=true, dust=false
[11:18:33.227] INFO (17898): Wallet sync [9547]: shielded=true, unshielded=true, dust=false
[11:18:33.333] INFO (17898): Wallet sync [9548]: shielded=true, unshielded=true, dust=false
[11:18:33.454] INFO (17898): Wallet sync [9549]: shielded=true, unshielded=true, dust=false
[11:18:33.566] INFO (17898): Wallet sync [9550]: shielded=true, unshielded=true, dust=false
[11:18:33.645] INFO (17898): Wallet sync [9551]: shielded=true, unshielded=true, dust=false
[11:18:33.751] INFO (17898): Wallet sync [9552]: shielded=true, unshielded=true, dust=false
[11:18:33.824] INFO (17898): Wallet sync [9553]: shielded=true, unshielded=true, dust=false
[11:18:33.897] INFO (17898): Wallet sync [9554]: shielded=true, unshielded=true, dust=false
[11:18:34.013] INFO (17898): Wallet sync [9555]: shielded=true, unshielded=true, dust=false
[11:18:34.117] INFO (17898): Wallet sync [9556]: shielded=true, unshielded=true, dust=false
[11:18:34.214] INFO (17898): Wallet sync [9557]: shielded=true, unshielded=true, dust=false
[11:18:34.307] INFO (17898): Wallet sync [9558]: shielded=true, unshielded=true, dust=false
[11:18:34.442] INFO (17898): Wallet sync [9559]: shielded=true, unshielded=true, dust=false
[11:18:34.606] INFO (17898): Wallet sync [9560]: shielded=true, unshielded=true, dust=false
[11:18:34.793] INFO (17898): Wallet sync [9561]: shielded=true, unshielded=true, dust=false
[11:18:35.133] INFO (17898): Wallet sync [9562]: shielded=true, unshielded=true, dust=false
[11:18:35.630] INFO (17898): Wallet sync [9563]: shielded=true, unshielded=true, dust=false
[11:18:36.207] INFO (17898): Wallet sync [9564]: shielded=true, unshielded=true, dust=false
[11:18:36.438] INFO (17898): Wallet sync [9565]: shielded=true, unshielded=true, dust=false
[11:18:36.756] INFO (17898): Wallet sync [9566]: shielded=true, unshielded=true, dust=false
[11:18:36.994] INFO (17898): Wallet sync [9567]: shielded=true, unshielded=true, dust=false
[11:18:37.192] INFO (17898): Wallet sync [9568]: shielded=true, unshielded=true, dust=false
[11:18:37.408] INFO (17898): Wallet sync [9569]: shielded=true, unshielded=true, dust=false
[11:18:37.559] INFO (17898): Wallet sync [9570]: shielded=true, unshielded=true, dust=false
[11:18:37.711] INFO (17898): Wallet sync [9571]: shielded=true, unshielded=true, dust=false
[11:18:37.823] INFO (17898): Wallet sync [9572]: shielded=true, unshielded=true, dust=false
[11:18:37.976] INFO (17898): Wallet sync [9573]: shielded=true, unshielded=true, dust=false
[11:18:38.118] INFO (17898): Wallet sync [9574]: shielded=true, unshielded=true, dust=false
[11:18:38.265] INFO (17898): Wallet sync [9575]: shielded=true, unshielded=true, dust=false
[11:18:38.432] INFO (17898): Wallet sync [9576]: shielded=true, unshielded=true, dust=false
[11:18:38.558] INFO (17898): Wallet sync [9577]: shielded=true, unshielded=true, dust=false
[11:18:38.657] INFO (17898): Wallet sync [9578]: shielded=true, unshielded=true, dust=false
[11:18:38.820] INFO (17898): Wallet sync [9579]: shielded=true, unshielded=true, dust=false
[11:18:38.901] INFO (17898): Wallet sync [9580]: shielded=true, unshielded=true, dust=false
[11:18:39.043] INFO (17898): Wallet sync [9581]: shielded=true, unshielded=true, dust=false
[11:18:39.165] INFO (17898): Wallet sync [9582]: shielded=true, unshielded=true, dust=false
[11:18:39.299] INFO (17898): Wallet sync [9583]: shielded=true, unshielded=true, dust=false
[11:18:39.746] INFO (17898): Wallet sync [9584]: shielded=true, unshielded=true, dust=false
[11:18:39.926] INFO (17898): Wallet sync [9585]: shielded=true, unshielded=true, dust=false
[11:18:40.027] INFO (17898): Wallet sync [9586]: shielded=true, unshielded=true, dust=false
[11:18:40.119] INFO (17898): Wallet sync [9587]: shielded=true, unshielded=true, dust=false
[11:18:40.232] INFO (17898): Wallet sync [9588]: shielded=true, unshielded=true, dust=false
[11:18:40.323] INFO (17898): Wallet sync [9589]: shielded=true, unshielded=true, dust=false
[11:18:40.404] INFO (17898): Wallet sync [9590]: shielded=true, unshielded=true, dust=false
[11:18:40.476] INFO (17898): Wallet sync [9591]: shielded=true, unshielded=true, dust=false
[11:18:40.575] INFO (17898): Wallet sync [9592]: shielded=true, unshielded=true, dust=false
[11:18:40.661] INFO (17898): Wallet sync [9593]: shielded=true, unshielded=true, dust=false
[11:18:40.780] INFO (17898): Wallet sync [9594]: shielded=true, unshielded=true, dust=false
[11:18:40.906] INFO (17898): Wallet sync [9595]: shielded=true, unshielded=true, dust=false
[11:18:41.021] INFO (17898): Wallet sync [9596]: shielded=true, unshielded=true, dust=false
[11:18:41.118] INFO (17898): Wallet sync [9597]: shielded=true, unshielded=true, dust=false
[11:18:41.213] INFO (17898): Wallet sync [9598]: shielded=true, unshielded=true, dust=false
[11:18:41.296] INFO (17898): Wallet sync [9599]: shielded=true, unshielded=true, dust=false
[11:18:41.411] INFO (17898): Wallet sync [9600]: shielded=true, unshielded=true, dust=false
[11:18:41.504] INFO (17898): Wallet sync [9601]: shielded=true, unshielded=true, dust=false
[11:18:41.654] INFO (17898): Wallet sync [9602]: shielded=true, unshielded=true, dust=false
[11:18:41.738] INFO (17898): Wallet sync [9603]: shielded=true, unshielded=true, dust=false
[11:18:41.826] INFO (17898): Wallet sync [9604]: shielded=true, unshielded=true, dust=false
[11:18:41.985] INFO (17898): Wallet sync [9605]: shielded=true, unshielded=true, dust=false
[11:18:42.119] INFO (17898): Wallet sync [9606]: shielded=true, unshielded=true, dust=false
[11:18:42.236] INFO (17898): Wallet sync [9607]: shielded=true, unshielded=true, dust=false
[11:18:42.388] INFO (17898): Wallet sync [9608]: shielded=true, unshielded=true, dust=false
[11:18:42.531] INFO (17898): Wallet sync [9609]: shielded=true, unshielded=true, dust=false
[11:18:42.683] INFO (17898): Wallet sync [9610]: shielded=true, unshielded=true, dust=false
[11:18:42.813] INFO (17898): Wallet sync [9611]: shielded=true, unshielded=true, dust=false
[11:18:42.913] INFO (17898): Wallet sync [9612]: shielded=true, unshielded=true, dust=false
[11:18:43.091] INFO (17898): Wallet sync [9613]: shielded=true, unshielded=true, dust=false
[11:18:43.191] INFO (17898): Wallet sync [9614]: shielded=true, unshielded=true, dust=false
[11:18:43.327] INFO (17898): Wallet sync [9615]: shielded=true, unshielded=true, dust=false
[11:18:43.432] INFO (17898): Wallet sync [9616]: shielded=true, unshielded=true, dust=false
[11:18:43.625] INFO (17898): Wallet sync [9617]: shielded=true, unshielded=true, dust=false
[11:18:43.736] INFO (17898): Wallet sync [9618]: shielded=true, unshielded=true, dust=false
[11:18:43.837] INFO (17898): Wallet sync [9619]: shielded=true, unshielded=true, dust=false
[11:18:43.983] INFO (17898): Wallet sync [9620]: shielded=true, unshielded=true, dust=false
[11:18:44.111] INFO (17898): Wallet sync [9621]: shielded=true, unshielded=true, dust=false
[11:18:44.237] INFO (17898): Wallet sync [9622]: shielded=true, unshielded=true, dust=false
[11:18:44.504] INFO (17898): Wallet sync [9623]: shielded=true, unshielded=true, dust=false
[11:18:44.589] INFO (17898): Wallet sync [9624]: shielded=true, unshielded=true, dust=false
[11:18:44.702] INFO (17898): Wallet sync [9625]: shielded=true, unshielded=true, dust=false
[11:18:44.806] INFO (17898): Wallet sync [9626]: shielded=true, unshielded=true, dust=false
[11:18:44.904] INFO (17898): Wallet sync [9627]: shielded=true, unshielded=true, dust=false
[11:18:45.016] INFO (17898): Wallet sync [9628]: shielded=true, unshielded=true, dust=false
[11:18:45.193] INFO (17898): Wallet sync [9629]: shielded=true, unshielded=true, dust=false
[11:18:45.309] INFO (17898): Wallet sync [9630]: shielded=true, unshielded=true, dust=false
[11:18:45.411] INFO (17898): Wallet sync [9631]: shielded=true, unshielded=true, dust=false
[11:18:45.485] INFO (17898): Wallet sync [9632]: shielded=true, unshielded=true, dust=false
[11:18:45.573] INFO (17898): Wallet sync [9633]: shielded=true, unshielded=true, dust=false
[11:18:45.668] INFO (17898): Wallet sync [9634]: shielded=true, unshielded=true, dust=false
[11:18:45.760] INFO (17898): Wallet sync [9635]: shielded=true, unshielded=true, dust=false
[11:18:45.868] INFO (17898): Wallet sync [9636]: shielded=true, unshielded=true, dust=false
[11:18:45.958] INFO (17898): Wallet sync [9637]: shielded=true, unshielded=true, dust=false
[11:18:46.033] INFO (17898): Wallet sync [9638]: shielded=true, unshielded=true, dust=false
[11:18:46.125] INFO (17898): Wallet sync [9639]: shielded=true, unshielded=true, dust=false
[11:18:46.196] INFO (17898): Wallet sync [9640]: shielded=true, unshielded=true, dust=false
[11:18:46.313] INFO (17898): Wallet sync [9641]: shielded=true, unshielded=true, dust=false
[11:18:46.413] INFO (17898): Wallet sync [9642]: shielded=true, unshielded=true, dust=false
[11:18:46.529] INFO (17898): Wallet sync [9643]: shielded=true, unshielded=true, dust=false
[11:18:46.660] INFO (17898): Wallet sync [9644]: shielded=true, unshielded=true, dust=false
[11:18:46.856] INFO (17898): Wallet sync [9645]: shielded=true, unshielded=true, dust=false
[11:18:47.027] INFO (17898): Wallet sync [9646]: shielded=true, unshielded=true, dust=false
[11:18:47.156] INFO (17898): Wallet sync [9647]: shielded=true, unshielded=true, dust=false
[11:18:47.282] INFO (17898): Wallet sync [9648]: shielded=true, unshielded=true, dust=false
[11:18:47.419] INFO (17898): Wallet sync [9649]: shielded=true, unshielded=true, dust=false
[11:18:47.526] INFO (17898): Wallet sync [9650]: shielded=true, unshielded=true, dust=false
[11:18:47.676] INFO (17898): Wallet sync [9651]: shielded=true, unshielded=true, dust=false
[11:18:47.802] INFO (17898): Wallet sync [9652]: shielded=true, unshielded=true, dust=false
[11:18:47.909] INFO (17898): Wallet sync [9653]: shielded=true, unshielded=true, dust=false
[11:18:48.142] INFO (17898): Wallet sync [9654]: shielded=true, unshielded=true, dust=false
[11:18:48.323] INFO (17898): Wallet sync [9655]: shielded=true, unshielded=true, dust=false
[11:18:48.413] INFO (17898): Wallet sync [9656]: shielded=true, unshielded=true, dust=false
[11:18:48.562] INFO (17898): Wallet sync [9657]: shielded=true, unshielded=true, dust=false
[11:18:48.676] INFO (17898): Wallet sync [9658]: shielded=true, unshielded=true, dust=false
[11:18:48.779] INFO (17898): Wallet sync [9659]: shielded=true, unshielded=true, dust=false
[11:18:48.855] INFO (17898): Wallet sync [9660]: shielded=true, unshielded=true, dust=false
[11:18:48.949] INFO (17898): Wallet sync [9661]: shielded=true, unshielded=true, dust=false
[11:18:49.053] INFO (17898): Wallet sync [9662]: shielded=true, unshielded=true, dust=false
[11:18:49.201] INFO (17898): Wallet sync [9663]: shielded=true, unshielded=true, dust=false
[11:18:49.349] INFO (17898): Wallet sync [9664]: shielded=true, unshielded=true, dust=false
[11:18:49.459] INFO (17898): Wallet sync [9665]: shielded=true, unshielded=true, dust=false
[11:18:49.521] INFO (17898): Wallet sync [9666]: shielded=true, unshielded=true, dust=false
[11:18:49.608] INFO (17898): Wallet sync [9667]: shielded=true, unshielded=true, dust=false
[11:18:49.685] INFO (17898): Wallet sync [9668]: shielded=true, unshielded=true, dust=false
[11:18:49.756] INFO (17898): Wallet sync [9669]: shielded=true, unshielded=true, dust=false
[11:18:49.817] INFO (17898): Wallet sync [9670]: shielded=true, unshielded=true, dust=false
[11:18:49.941] INFO (17898): Wallet sync [9671]: shielded=true, unshielded=true, dust=false
[11:18:50.029] INFO (17898): Wallet sync [9672]: shielded=true, unshielded=true, dust=false
[11:18:50.183] INFO (17898): Wallet sync [9673]: shielded=true, unshielded=true, dust=false
[11:18:50.341] INFO (17898): Wallet sync [9674]: shielded=true, unshielded=true, dust=false
[11:18:50.464] INFO (17898): Wallet sync [9675]: shielded=true, unshielded=true, dust=false
[11:18:50.586] INFO (17898): Wallet sync [9676]: shielded=true, unshielded=true, dust=false
[11:18:50.832] INFO (17898): Wallet sync [9677]: shielded=true, unshielded=true, dust=false
[11:18:51.015] INFO (17898): Wallet sync [9678]: shielded=true, unshielded=true, dust=false
[11:18:51.228] INFO (17898): Wallet sync [9679]: shielded=true, unshielded=true, dust=false
[11:18:51.343] INFO (17898): Wallet sync [9680]: shielded=true, unshielded=true, dust=false
[11:18:51.414] INFO (17898): Wallet sync [9681]: shielded=true, unshielded=true, dust=false
[11:18:51.508] INFO (17898): Wallet sync [9682]: shielded=true, unshielded=true, dust=false
[11:18:51.584] INFO (17898): Wallet sync [9683]: shielded=true, unshielded=true, dust=false
[11:18:51.695] INFO (17898): Wallet sync [9684]: shielded=true, unshielded=true, dust=false
[11:18:51.843] INFO (17898): Wallet sync [9685]: shielded=true, unshielded=true, dust=false
[11:18:52.004] INFO (17898): Wallet sync [9686]: shielded=true, unshielded=true, dust=false
[11:18:52.108] INFO (17898): Wallet sync [9687]: shielded=true, unshielded=true, dust=false
[11:18:52.192] INFO (17898): Wallet sync [9688]: shielded=true, unshielded=true, dust=false
[11:18:52.261] INFO (17898): Wallet sync [9689]: shielded=true, unshielded=true, dust=false
[11:18:52.352] INFO (17898): Wallet sync [9690]: shielded=true, unshielded=true, dust=false
[11:18:52.431] INFO (17898): Wallet sync [9691]: shielded=true, unshielded=true, dust=false
[11:18:52.543] INFO (17898): Wallet sync [9692]: shielded=true, unshielded=true, dust=false
[11:18:52.681] INFO (17898): Wallet sync [9693]: shielded=true, unshielded=true, dust=false
[11:18:52.802] INFO (17898): Wallet sync [9694]: shielded=true, unshielded=true, dust=false
[11:18:52.906] INFO (17898): Wallet sync [9695]: shielded=true, unshielded=true, dust=false
[11:18:53.055] INFO (17898): Wallet sync [9696]: shielded=true, unshielded=true, dust=false
[11:18:53.161] INFO (17898): Wallet sync [9697]: shielded=true, unshielded=true, dust=false
[11:18:53.232] INFO (17898): Wallet sync [9698]: shielded=true, unshielded=true, dust=false
[11:18:53.353] INFO (17898): Wallet sync [9699]: shielded=true, unshielded=true, dust=false
[11:18:53.430] INFO (17898): Wallet sync [9700]: shielded=true, unshielded=true, dust=false
[11:18:53.545] INFO (17898): Wallet sync [9701]: shielded=true, unshielded=true, dust=false
[11:18:53.641] INFO (17898): Wallet sync [9702]: shielded=true, unshielded=true, dust=false
[11:18:53.732] INFO (17898): Wallet sync [9703]: shielded=true, unshielded=true, dust=false
[11:18:53.845] INFO (17898): Wallet sync [9704]: shielded=true, unshielded=true, dust=false
[11:18:53.969] INFO (17898): Wallet sync [9705]: shielded=true, unshielded=true, dust=false
[11:18:54.088] INFO (17898): Wallet sync [9706]: shielded=true, unshielded=true, dust=false
[11:18:54.163] INFO (17898): Wallet sync [9707]: shielded=true, unshielded=true, dust=false
[11:18:54.265] INFO (17898): Wallet sync [9708]: shielded=true, unshielded=true, dust=false
[11:18:54.366] INFO (17898): Wallet sync [9709]: shielded=true, unshielded=true, dust=false
[11:18:54.447] INFO (17898): Wallet sync [9710]: shielded=true, unshielded=true, dust=false
[11:18:54.518] INFO (17898): Wallet sync [9711]: shielded=true, unshielded=true, dust=false
[11:18:54.591] INFO (17898): Wallet sync [9712]: shielded=true, unshielded=true, dust=false
[11:18:54.704] INFO (17898): Wallet sync [9713]: shielded=true, unshielded=true, dust=false
[11:18:54.768] INFO (17898): Wallet sync [9714]: shielded=true, unshielded=true, dust=false
[11:18:54.879] INFO (17898): Wallet sync [9715]: shielded=true, unshielded=true, dust=false
[11:18:54.996] INFO (17898): Wallet sync [9716]: shielded=true, unshielded=true, dust=false
[11:18:55.092] INFO (17898): Wallet sync [9717]: shielded=true, unshielded=true, dust=false
[11:18:55.225] INFO (17898): Wallet sync [9718]: shielded=true, unshielded=true, dust=false
[11:18:55.323] INFO (17898): Wallet sync [9719]: shielded=true, unshielded=true, dust=false
[11:18:55.436] INFO (17898): Wallet sync [9720]: shielded=true, unshielded=true, dust=false
[11:18:55.558] INFO (17898): Wallet sync [9721]: shielded=true, unshielded=true, dust=false
[11:18:55.614] INFO (17898): Wallet sync [9722]: shielded=true, unshielded=true, dust=false
[11:18:55.688] INFO (17898): Wallet sync [9723]: shielded=true, unshielded=true, dust=false
[11:18:55.769] INFO (17898): Wallet sync [9724]: shielded=true, unshielded=true, dust=false
[11:18:55.885] INFO (17898): Wallet sync [9725]: shielded=true, unshielded=true, dust=false
[11:18:55.891] INFO (17898): Wallet sync [9726]: shielded=true, unshielded=true, dust=false
[11:18:56.011] INFO (17898): Wallet sync [9727]: shielded=true, unshielded=true, dust=false
[11:18:56.123] INFO (17898): Wallet sync [9728]: shielded=true, unshielded=true, dust=false
[11:18:56.244] INFO (17898): Wallet sync [9729]: shielded=true, unshielded=true, dust=false
[11:18:56.336] INFO (17898): Wallet sync [9730]: shielded=true, unshielded=true, dust=false
[11:18:56.466] INFO (17898): Wallet sync [9731]: shielded=true, unshielded=true, dust=false
[11:18:56.572] INFO (17898): Wallet sync [9732]: shielded=true, unshielded=true, dust=false
[11:18:56.647] INFO (17898): Wallet sync [9733]: shielded=true, unshielded=true, dust=false
[11:18:56.744] INFO (17898): Wallet sync [9734]: shielded=true, unshielded=true, dust=false
[11:18:56.827] INFO (17898): Wallet sync [9735]: shielded=true, unshielded=true, dust=false
[11:18:56.909] INFO (17898): Wallet sync [9736]: shielded=true, unshielded=true, dust=false
[11:18:57.021] INFO (17898): Wallet sync [9737]: shielded=true, unshielded=true, dust=false
[11:18:57.140] INFO (17898): Wallet sync [9738]: shielded=true, unshielded=true, dust=false
[11:18:57.248] INFO (17898): Wallet sync [9739]: shielded=true, unshielded=true, dust=false
[11:18:57.350] INFO (17898): Wallet sync [9740]: shielded=true, unshielded=true, dust=false
[11:18:57.503] INFO (17898): Wallet sync [9741]: shielded=true, unshielded=true, dust=false
[11:18:57.626] INFO (17898): Wallet sync [9742]: shielded=true, unshielded=true, dust=false
[11:18:57.721] INFO (17898): Wallet sync [9743]: shielded=true, unshielded=true, dust=false
[11:18:57.825] INFO (17898): Wallet sync [9744]: shielded=true, unshielded=true, dust=false
[11:18:57.942] INFO (17898): Wallet sync [9745]: shielded=true, unshielded=true, dust=false
[11:18:58.043] INFO (17898): Wallet sync [9746]: shielded=true, unshielded=true, dust=false
[11:18:58.143] INFO (17898): Wallet sync [9747]: shielded=true, unshielded=true, dust=false
[11:18:58.280] INFO (17898): Wallet sync [9748]: shielded=true, unshielded=true, dust=false
[11:18:58.397] INFO (17898): Wallet sync [9749]: shielded=true, unshielded=true, dust=false
[11:18:58.541] INFO (17898): Wallet sync [9750]: shielded=true, unshielded=true, dust=false
[11:18:58.641] INFO (17898): Wallet sync [9751]: shielded=true, unshielded=true, dust=false
[11:18:58.715] INFO (17898): Wallet sync [9752]: shielded=true, unshielded=true, dust=false
[11:18:58.796] INFO (17898): Wallet sync [9753]: shielded=true, unshielded=true, dust=false
[11:18:58.911] INFO (17898): Wallet sync [9754]: shielded=true, unshielded=true, dust=false
[11:18:59.005] INFO (17898): Wallet sync [9755]: shielded=true, unshielded=true, dust=false
[11:18:59.107] INFO (17898): Wallet sync [9756]: shielded=true, unshielded=true, dust=false
[11:18:59.196] INFO (17898): Wallet sync [9757]: shielded=true, unshielded=true, dust=false
[11:18:59.291] INFO (17898): Wallet sync [9758]: shielded=true, unshielded=true, dust=false
[11:18:59.376] INFO (17898): Wallet sync [9759]: shielded=true, unshielded=true, dust=false
[11:18:59.476] INFO (17898): Wallet sync [9760]: shielded=true, unshielded=true, dust=false
[11:18:59.582] INFO (17898): Wallet sync [9761]: shielded=true, unshielded=true, dust=false
[11:18:59.697] INFO (17898): Wallet sync [9762]: shielded=true, unshielded=true, dust=false
[11:18:59.764] INFO (17898): Wallet sync [9763]: shielded=true, unshielded=true, dust=false
[11:18:59.934] INFO (17898): Wallet sync [9764]: shielded=true, unshielded=true, dust=false
[11:19:00.072] INFO (17898): Wallet sync [9765]: shielded=true, unshielded=true, dust=false
[11:19:00.192] INFO (17898): Wallet sync [9766]: shielded=true, unshielded=true, dust=false
[11:19:00.322] INFO (17898): Wallet sync [9767]: shielded=true, unshielded=true, dust=false
[11:19:00.433] INFO (17898): Wallet sync [9768]: shielded=true, unshielded=true, dust=false
[11:19:00.553] INFO (17898): Wallet sync [9769]: shielded=true, unshielded=true, dust=false
[11:19:00.704] INFO (17898): Wallet sync [9770]: shielded=true, unshielded=true, dust=false
[11:19:00.841] INFO (17898): Wallet sync [9771]: shielded=true, unshielded=true, dust=false
[11:19:00.936] INFO (17898): Wallet sync [9772]: shielded=true, unshielded=true, dust=false
[11:19:01.104] INFO (17898): Wallet sync [9773]: shielded=true, unshielded=true, dust=false
[11:19:01.207] INFO (17898): Wallet sync [9774]: shielded=true, unshielded=true, dust=false
[11:19:01.323] INFO (17898): Wallet sync [9775]: shielded=true, unshielded=true, dust=false
[11:19:01.466] INFO (17898): Wallet sync [9776]: shielded=true, unshielded=true, dust=false
[11:19:01.583] INFO (17898): Wallet sync [9777]: shielded=true, unshielded=true, dust=false
[11:19:01.675] INFO (17898): Wallet sync [9778]: shielded=true, unshielded=true, dust=false
[11:19:01.780] INFO (17898): Wallet sync [9779]: shielded=true, unshielded=true, dust=false
[11:19:01.870] INFO (17898): Wallet sync [9780]: shielded=true, unshielded=true, dust=false
[11:19:02.000] INFO (17898): Wallet sync [9781]: shielded=true, unshielded=true, dust=false
[11:19:02.099] INFO (17898): Wallet sync [9782]: shielded=true, unshielded=true, dust=false
[11:19:02.243] INFO (17898): Wallet sync [9783]: shielded=true, unshielded=true, dust=false
[11:19:02.547] INFO (17898): Wallet sync [9784]: shielded=true, unshielded=true, dust=false
[11:19:02.680] INFO (17898): Wallet sync [9785]: shielded=true, unshielded=true, dust=false
[11:19:02.844] INFO (17898): Wallet sync [9786]: shielded=true, unshielded=true, dust=false
[11:19:02.975] INFO (17898): Wallet sync [9787]: shielded=true, unshielded=true, dust=false
[11:19:03.109] INFO (17898): Wallet sync [9788]: shielded=true, unshielded=true, dust=false
[11:19:03.198] INFO (17898): Wallet sync [9789]: shielded=true, unshielded=true, dust=false
[11:19:03.306] INFO (17898): Wallet sync [9790]: shielded=true, unshielded=true, dust=false
[11:19:03.443] INFO (17898): Wallet sync [9791]: shielded=true, unshielded=true, dust=false
[11:19:03.540] INFO (17898): Wallet sync [9792]: shielded=true, unshielded=true, dust=false
[11:19:03.622] INFO (17898): Wallet sync [9793]: shielded=true, unshielded=true, dust=false
[11:19:03.725] INFO (17898): Wallet sync [9794]: shielded=true, unshielded=true, dust=false
[11:19:03.837] INFO (17898): Wallet sync [9795]: shielded=true, unshielded=true, dust=false
[11:19:04.051] INFO (17898): Wallet sync [9796]: shielded=true, unshielded=true, dust=false
[11:19:04.185] INFO (17898): Wallet sync [9797]: shielded=true, unshielded=true, dust=false
[11:19:04.557] INFO (17898): Wallet sync [9798]: shielded=true, unshielded=true, dust=false
[11:19:04.701] INFO (17898): Wallet sync [9799]: shielded=true, unshielded=true, dust=false
[11:19:04.776] INFO (17898): Wallet sync [9800]: shielded=true, unshielded=true, dust=false
[11:19:04.857] INFO (17898): Wallet sync [9801]: shielded=true, unshielded=true, dust=false
[11:19:04.949] INFO (17898): Wallet sync [9802]: shielded=true, unshielded=true, dust=false
[11:19:05.051] INFO (17898): Wallet sync [9803]: shielded=true, unshielded=true, dust=false
[11:19:05.131] INFO (17898): Wallet sync [9804]: shielded=true, unshielded=true, dust=false
[11:19:05.255] INFO (17898): Wallet sync [9805]: shielded=true, unshielded=true, dust=false
[11:19:05.348] INFO (17898): Wallet sync [9806]: shielded=true, unshielded=true, dust=false
[11:19:05.431] INFO (17898): Wallet sync [9807]: shielded=true, unshielded=true, dust=false
[11:19:05.576] INFO (17898): Wallet sync [9808]: shielded=true, unshielded=true, dust=false
[11:19:05.680] INFO (17898): Wallet sync [9809]: shielded=true, unshielded=true, dust=false
[11:19:05.768] INFO (17898): Wallet sync [9810]: shielded=true, unshielded=true, dust=false
[11:19:05.876] INFO (17898): Wallet sync [9811]: shielded=true, unshielded=true, dust=false
[11:19:05.972] INFO (17898): Wallet sync [9812]: shielded=true, unshielded=true, dust=false
[11:19:06.088] INFO (17898): Wallet sync [9813]: shielded=true, unshielded=true, dust=false
[11:19:06.192] INFO (17898): Wallet sync [9814]: shielded=true, unshielded=true, dust=false
[11:19:06.282] INFO (17898): Wallet sync [9815]: shielded=true, unshielded=true, dust=false
[11:19:06.395] INFO (17898): Wallet sync [9816]: shielded=true, unshielded=true, dust=false
[11:19:06.500] INFO (17898): Wallet sync [9817]: shielded=true, unshielded=true, dust=false
[11:19:06.585] INFO (17898): Wallet sync [9818]: shielded=true, unshielded=true, dust=false
[11:19:06.660] INFO (17898): Wallet sync [9819]: shielded=true, unshielded=true, dust=false
[11:19:06.743] INFO (17898): Wallet sync [9820]: shielded=true, unshielded=true, dust=false
[11:19:06.823] INFO (17898): Wallet sync [9821]: shielded=true, unshielded=true, dust=false
[11:19:06.931] INFO (17898): Wallet sync [9822]: shielded=true, unshielded=true, dust=false
[11:19:07.047] INFO (17898): Wallet sync [9823]: shielded=true, unshielded=true, dust=false
[11:19:07.172] INFO (17898): Wallet sync [9824]: shielded=true, unshielded=true, dust=false
[11:19:07.291] INFO (17898): Wallet sync [9825]: shielded=true, unshielded=true, dust=false
[11:19:07.407] INFO (17898): Wallet sync [9826]: shielded=true, unshielded=true, dust=false
[11:19:07.483] INFO (17898): Wallet sync [9827]: shielded=true, unshielded=true, dust=false
[11:19:07.573] INFO (17898): Wallet sync [9828]: shielded=true, unshielded=true, dust=false
[11:19:07.646] INFO (17898): Wallet sync [9829]: shielded=true, unshielded=true, dust=false
[11:19:07.748] INFO (17898): Wallet sync [9830]: shielded=true, unshielded=true, dust=false
[11:19:07.839] INFO (17898): Wallet sync [9831]: shielded=true, unshielded=true, dust=false
[11:19:07.914] INFO (17898): Wallet sync [9832]: shielded=true, unshielded=true, dust=false
[11:19:08.087] INFO (17898): Wallet sync [9833]: shielded=true, unshielded=true, dust=false
[11:19:08.180] INFO (17898): Wallet sync [9834]: shielded=true, unshielded=true, dust=false
[11:19:08.246] INFO (17898): Wallet sync [9835]: shielded=true, unshielded=true, dust=false
[11:19:08.360] INFO (17898): Wallet sync [9836]: shielded=true, unshielded=true, dust=false
[11:19:08.476] INFO (17898): Wallet sync [9837]: shielded=true, unshielded=true, dust=false
[11:19:08.558] INFO (17898): Wallet sync [9838]: shielded=true, unshielded=true, dust=false
[11:19:08.642] INFO (17898): Wallet sync [9839]: shielded=true, unshielded=true, dust=false
[11:19:08.746] INFO (17898): Wallet sync [9840]: shielded=true, unshielded=true, dust=false
[11:19:08.816] INFO (17898): Wallet sync [9841]: shielded=true, unshielded=true, dust=false
[11:19:08.915] INFO (17898): Wallet sync [9842]: shielded=true, unshielded=true, dust=false
[11:19:09.073] INFO (17898): Wallet sync [9843]: shielded=true, unshielded=true, dust=false
[11:19:09.161] INFO (17898): Wallet sync [9844]: shielded=true, unshielded=true, dust=false
[11:19:09.272] INFO (17898): Wallet sync [9845]: shielded=true, unshielded=true, dust=false
[11:19:09.387] INFO (17898): Wallet sync [9846]: shielded=true, unshielded=true, dust=false
[11:19:09.507] INFO (17898): Wallet sync [9847]: shielded=true, unshielded=true, dust=false
[11:19:09.617] INFO (17898): Wallet sync [9848]: shielded=true, unshielded=true, dust=false
[11:19:09.755] INFO (17898): Wallet sync [9849]: shielded=true, unshielded=true, dust=false
[11:19:09.850] INFO (17898): Wallet sync [9850]: shielded=true, unshielded=true, dust=false
[11:19:09.976] INFO (17898): Wallet sync [9851]: shielded=true, unshielded=true, dust=false
[11:19:10.172] INFO (17898): Wallet sync [9852]: shielded=true, unshielded=true, dust=false
[11:19:10.281] INFO (17898): Wallet sync [9853]: shielded=true, unshielded=true, dust=false
[11:19:10.385] INFO (17898): Wallet sync [9854]: shielded=true, unshielded=true, dust=false
[11:19:10.501] INFO (17898): Wallet sync [9855]: shielded=true, unshielded=true, dust=false
[11:19:10.603] INFO (17898): Wallet sync [9856]: shielded=true, unshielded=true, dust=false
[11:19:10.693] INFO (17898): Wallet sync [9857]: shielded=true, unshielded=true, dust=false
[11:19:10.834] INFO (17898): Wallet sync [9858]: shielded=true, unshielded=true, dust=false
[11:19:10.957] INFO (17898): Wallet sync [9859]: shielded=true, unshielded=true, dust=false
[11:19:11.050] INFO (17898): Wallet sync [9860]: shielded=true, unshielded=true, dust=false
[11:19:11.189] INFO (17898): Wallet sync [9861]: shielded=true, unshielded=true, dust=false
[11:19:11.286] INFO (17898): Wallet sync [9862]: shielded=true, unshielded=true, dust=false
[11:19:11.422] INFO (17898): Wallet sync [9863]: shielded=true, unshielded=true, dust=false
[11:19:11.578] INFO (17898): Wallet sync [9864]: shielded=true, unshielded=true, dust=false
[11:19:11.702] INFO (17898): Wallet sync [9865]: shielded=true, unshielded=true, dust=false
[11:19:11.814] INFO (17898): Wallet sync [9866]: shielded=true, unshielded=true, dust=false
[11:19:11.886] INFO (17898): Wallet sync [9867]: shielded=true, unshielded=true, dust=false
[11:19:12.042] INFO (17898): Wallet sync [9868]: shielded=true, unshielded=true, dust=false
[11:19:12.128] INFO (17898): Wallet sync [9869]: shielded=true, unshielded=true, dust=false
[11:19:12.235] INFO (17898): Wallet sync [9870]: shielded=true, unshielded=true, dust=false
[11:19:12.366] INFO (17898): Wallet sync [9871]: shielded=true, unshielded=true, dust=false
[11:19:12.506] INFO (17898): Wallet sync [9872]: shielded=true, unshielded=true, dust=false
[11:19:12.586] INFO (17898): Wallet sync [9873]: shielded=true, unshielded=true, dust=false
[11:19:12.681] INFO (17898): Wallet sync [9874]: shielded=true, unshielded=true, dust=false
[11:19:12.752] INFO (17898): Wallet sync [9875]: shielded=true, unshielded=true, dust=false
[11:19:12.824] INFO (17898): Wallet sync [9876]: shielded=true, unshielded=true, dust=false
[11:19:12.921] INFO (17898): Wallet sync [9877]: shielded=true, unshielded=true, dust=false
[11:19:13.081] INFO (17898): Wallet sync [9878]: shielded=true, unshielded=true, dust=false
[11:19:13.174] INFO (17898): Wallet sync [9879]: shielded=true, unshielded=true, dust=false
[11:19:13.224] INFO (17898): Wallet sync [9880]: shielded=true, unshielded=true, dust=false
[11:19:13.271] INFO (17898): Wallet sync [9881]: shielded=true, unshielded=true, dust=false
[11:19:13.359] INFO (17898): Wallet sync [9882]: shielded=true, unshielded=true, dust=false
[11:19:13.441] INFO (17898): Wallet sync [9883]: shielded=true, unshielded=true, dust=false
[11:19:13.516] INFO (17898): Wallet sync [9884]: shielded=true, unshielded=true, dust=false
[11:19:13.589] INFO (17898): Wallet sync [9885]: shielded=true, unshielded=true, dust=false
[11:19:13.713] INFO (17898): Wallet sync [9886]: shielded=true, unshielded=true, dust=false
[11:19:13.824] INFO (17898): Wallet sync [9887]: shielded=true, unshielded=true, dust=false
[11:19:13.948] INFO (17898): Wallet sync [9888]: shielded=true, unshielded=true, dust=false
[11:19:14.021] INFO (17898): Wallet sync [9889]: shielded=true, unshielded=true, dust=false
[11:19:14.097] INFO (17898): Wallet sync [9890]: shielded=true, unshielded=true, dust=false
[11:19:14.193] INFO (17898): Wallet sync [9891]: shielded=true, unshielded=true, dust=false
[11:19:14.303] INFO (17898): Wallet sync [9892]: shielded=true, unshielded=true, dust=false
[11:19:14.417] INFO (17898): Wallet sync [9893]: shielded=true, unshielded=true, dust=false
[11:19:14.516] INFO (17898): Wallet sync [9894]: shielded=true, unshielded=true, dust=false
[11:19:14.649] INFO (17898): Wallet sync [9895]: shielded=true, unshielded=true, dust=false
[11:19:14.729] INFO (17898): Wallet sync [9896]: shielded=true, unshielded=true, dust=false
[11:19:14.825] INFO (17898): Wallet sync [9897]: shielded=true, unshielded=true, dust=false
[11:19:14.916] INFO (17898): Wallet sync [9898]: shielded=true, unshielded=true, dust=false
[11:19:15.027] INFO (17898): Wallet sync [9899]: shielded=true, unshielded=true, dust=false
[11:19:15.161] INFO (17898): Wallet sync [9900]: shielded=true, unshielded=true, dust=false
[11:19:15.255] INFO (17898): Wallet sync [9901]: shielded=true, unshielded=true, dust=false
[11:19:15.349] INFO (17898): Wallet sync [9902]: shielded=true, unshielded=true, dust=false
[11:19:15.421] INFO (17898): Wallet sync [9903]: shielded=true, unshielded=true, dust=false
[11:19:15.516] INFO (17898): Wallet sync [9904]: shielded=true, unshielded=true, dust=false
[11:19:15.614] INFO (17898): Wallet sync [9905]: shielded=true, unshielded=true, dust=false
[11:19:15.683] INFO (17898): Wallet sync [9906]: shielded=true, unshielded=true, dust=false
[11:19:15.798] INFO (17898): Wallet sync [9907]: shielded=true, unshielded=true, dust=false
[11:19:15.964] INFO (17898): Wallet sync [9908]: shielded=true, unshielded=true, dust=false
[11:19:16.059] INFO (17898): Wallet sync [9909]: shielded=true, unshielded=true, dust=false
[11:19:16.152] INFO (17898): Wallet sync [9910]: shielded=true, unshielded=true, dust=false
[11:19:16.257] INFO (17898): Wallet sync [9911]: shielded=true, unshielded=true, dust=false
[11:19:16.381] INFO (17898): Wallet sync [9912]: shielded=true, unshielded=true, dust=false
[11:19:16.528] INFO (17898): Wallet sync [9913]: shielded=true, unshielded=true, dust=false
[11:19:16.638] INFO (17898): Wallet sync [9914]: shielded=true, unshielded=true, dust=false
[11:19:16.777] INFO (17898): Wallet sync [9915]: shielded=true, unshielded=true, dust=false
[11:19:16.929] INFO (17898): Wallet sync [9916]: shielded=true, unshielded=true, dust=false
[11:19:17.067] INFO (17898): Wallet sync [9917]: shielded=true, unshielded=true, dust=false
[11:19:17.152] INFO (17898): Wallet sync [9918]: shielded=true, unshielded=true, dust=false
[11:19:17.218] INFO (17898): Wallet sync [9919]: shielded=true, unshielded=true, dust=false
[11:19:17.328] INFO (17898): Wallet sync [9920]: shielded=true, unshielded=true, dust=false
[11:19:17.451] INFO (17898): Wallet sync [9921]: shielded=true, unshielded=true, dust=false
[11:19:17.525] INFO (17898): Wallet sync [9922]: shielded=true, unshielded=true, dust=false
[11:19:17.615] INFO (17898): Wallet sync [9923]: shielded=true, unshielded=true, dust=false
[11:19:17.704] INFO (17898): Wallet sync [9924]: shielded=true, unshielded=true, dust=false
[11:19:17.787] INFO (17898): Wallet sync [9925]: shielded=true, unshielded=true, dust=false
[11:19:17.861] INFO (17898): Wallet sync [9926]: shielded=true, unshielded=true, dust=false
[11:19:17.954] INFO (17898): Wallet sync [9927]: shielded=true, unshielded=true, dust=false
[11:19:18.074] INFO (17898): Wallet sync [9928]: shielded=true, unshielded=true, dust=false
[11:19:18.204] INFO (17898): Wallet sync [9929]: shielded=true, unshielded=true, dust=false
[11:19:18.316] INFO (17898): Wallet sync [9930]: shielded=true, unshielded=true, dust=false
[11:19:18.400] INFO (17898): Wallet sync [9931]: shielded=true, unshielded=true, dust=false
[11:19:18.476] INFO (17898): Wallet sync [9932]: shielded=true, unshielded=true, dust=false
[11:19:18.575] INFO (17898): Wallet sync [9933]: shielded=true, unshielded=true, dust=false
[11:19:18.672] INFO (17898): Wallet sync [9934]: shielded=true, unshielded=true, dust=false
[11:19:18.739] INFO (17898): Wallet sync [9935]: shielded=true, unshielded=true, dust=false
[11:19:18.807] INFO (17898): Wallet sync [9936]: shielded=true, unshielded=true, dust=false
[11:19:18.870] INFO (17898): Wallet sync [9937]: shielded=true, unshielded=true, dust=false
[11:19:18.950] INFO (17898): Wallet sync [9938]: shielded=true, unshielded=true, dust=false
[11:19:19.052] INFO (17898): Wallet sync [9939]: shielded=true, unshielded=true, dust=false
[11:19:19.167] INFO (17898): Wallet sync [9940]: shielded=true, unshielded=true, dust=false
[11:19:19.293] INFO (17898): Wallet sync [9941]: shielded=true, unshielded=true, dust=false
[11:19:19.413] INFO (17898): Wallet sync [9942]: shielded=true, unshielded=true, dust=false
[11:19:19.514] INFO (17898): Wallet sync [9943]: shielded=true, unshielded=true, dust=false
[11:19:19.620] INFO (17898): Wallet sync [9944]: shielded=true, unshielded=true, dust=false
[11:19:19.725] INFO (17898): Wallet sync [9945]: shielded=true, unshielded=true, dust=false
[11:19:19.807] INFO (17898): Wallet sync [9946]: shielded=true, unshielded=true, dust=false
[11:19:19.920] INFO (17898): Wallet sync [9947]: shielded=true, unshielded=true, dust=false
[11:19:20.053] INFO (17898): Wallet sync [9948]: shielded=true, unshielded=true, dust=false
[11:19:20.217] INFO (17898): Wallet sync [9949]: shielded=true, unshielded=true, dust=false
[11:19:20.363] INFO (17898): Wallet sync [9950]: shielded=true, unshielded=true, dust=false
[11:19:20.435] INFO (17898): Wallet sync [9951]: shielded=true, unshielded=true, dust=false
[11:19:20.514] INFO (17898): Wallet sync [9952]: shielded=true, unshielded=true, dust=false
[11:19:20.607] INFO (17898): Wallet sync [9953]: shielded=true, unshielded=true, dust=false
[11:19:20.730] INFO (17898): Wallet sync [9954]: shielded=true, unshielded=true, dust=false
[11:19:20.826] INFO (17898): Wallet sync [9955]: shielded=true, unshielded=true, dust=false
[11:19:20.947] INFO (17898): Wallet sync [9956]: shielded=true, unshielded=true, dust=false
[11:19:21.062] INFO (17898): Wallet sync [9957]: shielded=true, unshielded=true, dust=false
[11:19:21.184] INFO (17898): Wallet sync [9958]: shielded=true, unshielded=true, dust=false
[11:19:21.266] INFO (17898): Wallet sync [9959]: shielded=true, unshielded=true, dust=false
[11:19:21.360] INFO (17898): Wallet sync [9960]: shielded=true, unshielded=true, dust=false
[11:19:21.460] INFO (17898): Wallet sync [9961]: shielded=true, unshielded=true, dust=false
[11:19:21.624] INFO (17898): Wallet sync [9962]: shielded=true, unshielded=true, dust=false
[11:19:21.720] INFO (17898): Wallet sync [9963]: shielded=true, unshielded=true, dust=false
[11:19:21.802] INFO (17898): Wallet sync [9964]: shielded=true, unshielded=true, dust=false
[11:19:21.895] INFO (17898): Wallet sync [9965]: shielded=true, unshielded=true, dust=false
[11:19:22.002] INFO (17898): Wallet sync [9966]: shielded=true, unshielded=true, dust=false
[11:19:22.173] INFO (17898): Wallet sync [9967]: shielded=true, unshielded=true, dust=false
[11:19:22.294] INFO (17898): Wallet sync [9968]: shielded=true, unshielded=true, dust=false
[11:19:22.380] INFO (17898): Wallet sync [9969]: shielded=true, unshielded=true, dust=false
[11:19:22.473] INFO (17898): Wallet sync [9970]: shielded=true, unshielded=true, dust=false
[11:19:22.551] INFO (17898): Wallet sync [9971]: shielded=true, unshielded=true, dust=false
[11:19:22.622] INFO (17898): Wallet sync [9972]: shielded=true, unshielded=true, dust=false
[11:19:22.707] INFO (17898): Wallet sync [9973]: shielded=true, unshielded=true, dust=false
[11:19:22.790] INFO (17898): Wallet sync [9974]: shielded=true, unshielded=true, dust=false
[11:19:22.868] INFO (17898): Wallet sync [9975]: shielded=true, unshielded=true, dust=false
[11:19:22.931] INFO (17898): Wallet sync [9976]: shielded=true, unshielded=true, dust=false
[11:19:22.995] INFO (17898): Wallet sync [9977]: shielded=true, unshielded=true, dust=false
[11:19:23.083] INFO (17898): Wallet sync [9978]: shielded=true, unshielded=true, dust=false
[11:19:23.145] INFO (17898): Wallet sync [9979]: shielded=true, unshielded=true, dust=false
[11:19:23.241] INFO (17898): Wallet sync [9980]: shielded=true, unshielded=true, dust=false
[11:19:23.349] INFO (17898): Wallet sync [9981]: shielded=true, unshielded=true, dust=false
[11:19:23.462] INFO (17898): Wallet sync [9982]: shielded=true, unshielded=true, dust=false
[11:19:23.536] INFO (17898): Wallet sync [9983]: shielded=true, unshielded=true, dust=false
[11:19:23.663] INFO (17898): Wallet sync [9984]: shielded=true, unshielded=true, dust=false
[11:19:23.794] INFO (17898): Wallet sync [9985]: shielded=true, unshielded=true, dust=false
[11:19:23.904] INFO (17898): Wallet sync [9986]: shielded=true, unshielded=true, dust=false
[11:19:23.991] INFO (17898): Wallet sync [9987]: shielded=true, unshielded=true, dust=false
[11:19:24.081] INFO (17898): Wallet sync [9988]: shielded=true, unshielded=true, dust=false
[11:19:24.174] INFO (17898): Wallet sync [9989]: shielded=true, unshielded=true, dust=false
[11:19:24.253] INFO (17898): Wallet sync [9990]: shielded=true, unshielded=true, dust=false
[11:19:24.335] INFO (17898): Wallet sync [9991]: shielded=true, unshielded=true, dust=false
[11:19:24.430] INFO (17898): Wallet sync [9992]: shielded=true, unshielded=true, dust=false
[11:19:24.516] INFO (17898): Wallet sync [9993]: shielded=true, unshielded=true, dust=false
[11:19:24.635] INFO (17898): Wallet sync [9994]: shielded=true, unshielded=true, dust=false
[11:19:24.750] INFO (17898): Wallet sync [9995]: shielded=true, unshielded=true, dust=false
[11:19:24.849] INFO (17898): Wallet sync [9996]: shielded=true, unshielded=true, dust=false
[11:19:24.994] INFO (17898): Wallet sync [9997]: shielded=true, unshielded=true, dust=false
[11:19:25.085] INFO (17898): Wallet sync [9998]: shielded=true, unshielded=true, dust=false
[11:19:25.155] INFO (17898): Wallet sync [9999]: shielded=true, unshielded=true, dust=false
[11:19:25.248] INFO (17898): Wallet sync [10000]: shielded=true, unshielded=true, dust=false
[11:19:25.417] INFO (17898): Wallet sync [10001]: shielded=true, unshielded=true, dust=false
[11:19:25.489] INFO (17898): Wallet sync [10002]: shielded=true, unshielded=true, dust=false
[11:19:25.601] INFO (17898): Wallet sync [10003]: shielded=true, unshielded=true, dust=false
[11:19:25.715] INFO (17898): Wallet sync [10004]: shielded=true, unshielded=true, dust=false
[11:19:25.791] INFO (17898): Wallet sync [10005]: shielded=true, unshielded=true, dust=false
[11:19:25.795] INFO (17898): Wallet sync [10006]: shielded=true, unshielded=true, dust=false
[11:19:25.875] INFO (17898): Wallet sync [10007]: shielded=true, unshielded=true, dust=false
[11:19:25.994] INFO (17898): Wallet sync [10008]: shielded=true, unshielded=true, dust=false
[11:19:26.126] INFO (17898): Wallet sync [10009]: shielded=true, unshielded=true, dust=false
[11:19:26.228] INFO (17898): Wallet sync [10010]: shielded=true, unshielded=true, dust=false
[11:19:26.309] INFO (17898): Wallet sync [10011]: shielded=true, unshielded=true, dust=false
[11:19:26.403] INFO (17898): Wallet sync [10012]: shielded=true, unshielded=true, dust=false
[11:19:26.518] INFO (17898): Wallet sync [10013]: shielded=true, unshielded=true, dust=false
[11:19:26.635] INFO (17898): Wallet sync [10014]: shielded=true, unshielded=true, dust=false
[11:19:26.757] INFO (17898): Wallet sync [10015]: shielded=true, unshielded=true, dust=false
[11:19:26.828] INFO (17898): Wallet sync [10016]: shielded=true, unshielded=true, dust=false
[11:19:26.926] INFO (17898): Wallet sync [10017]: shielded=true, unshielded=true, dust=false
[11:19:27.034] INFO (17898): Wallet sync [10018]: shielded=true, unshielded=true, dust=false
[11:19:27.119] INFO (17898): Wallet sync [10019]: shielded=true, unshielded=true, dust=false
[11:19:27.270] INFO (17898): Wallet sync [10020]: shielded=true, unshielded=true, dust=false
[11:19:27.375] INFO (17898): Wallet sync [10021]: shielded=true, unshielded=true, dust=false
[11:19:27.450] INFO (17898): Wallet sync [10022]: shielded=true, unshielded=true, dust=false
[11:19:27.566] INFO (17898): Wallet sync [10023]: shielded=true, unshielded=true, dust=false
[11:19:27.676] INFO (17898): Wallet sync [10024]: shielded=true, unshielded=true, dust=false
[11:19:27.752] INFO (17898): Wallet sync [10025]: shielded=true, unshielded=true, dust=false
[11:19:27.861] INFO (17898): Wallet sync [10026]: shielded=true, unshielded=true, dust=false
[11:19:27.967] INFO (17898): Wallet sync [10027]: shielded=true, unshielded=true, dust=false
[11:19:28.035] INFO (17898): Wallet sync [10028]: shielded=true, unshielded=true, dust=false
[11:19:28.148] INFO (17898): Wallet sync [10029]: shielded=true, unshielded=true, dust=false
[11:19:28.251] INFO (17898): Wallet sync [10030]: shielded=true, unshielded=true, dust=false
[11:19:28.359] INFO (17898): Wallet sync [10031]: shielded=true, unshielded=true, dust=false
[11:19:28.468] INFO (17898): Wallet sync [10032]: shielded=true, unshielded=true, dust=false
[11:19:28.581] INFO (17898): Wallet sync [10033]: shielded=true, unshielded=true, dust=false
[11:19:28.701] INFO (17898): Wallet sync [10034]: shielded=true, unshielded=true, dust=false
[11:19:28.843] INFO (17898): Wallet sync [10035]: shielded=true, unshielded=true, dust=false
[11:19:28.917] INFO (17898): Wallet sync [10036]: shielded=true, unshielded=true, dust=false
[11:19:29.092] INFO (17898): Wallet sync [10037]: shielded=true, unshielded=true, dust=false
[11:19:29.189] INFO (17898): Wallet sync [10038]: shielded=true, unshielded=true, dust=false
[11:19:29.259] INFO (17898): Wallet sync [10039]: shielded=true, unshielded=true, dust=false
[11:19:29.333] INFO (17898): Wallet sync [10040]: shielded=true, unshielded=true, dust=false
[11:19:29.417] INFO (17898): Wallet sync [10041]: shielded=true, unshielded=true, dust=false
[11:19:29.520] INFO (17898): Wallet sync [10042]: shielded=true, unshielded=true, dust=false
[11:19:29.646] INFO (17898): Wallet sync [10043]: shielded=true, unshielded=true, dust=false
[11:19:29.765] INFO (17898): Wallet sync [10044]: shielded=true, unshielded=true, dust=false
[11:19:29.888] INFO (17898): Wallet sync [10045]: shielded=true, unshielded=true, dust=false
[11:19:30.014] INFO (17898): Wallet sync [10046]: shielded=true, unshielded=true, dust=false
[11:19:30.095] INFO (17898): Wallet sync [10047]: shielded=true, unshielded=true, dust=false
[11:19:30.171] INFO (17898): Wallet sync [10048]: shielded=true, unshielded=true, dust=false
[11:19:30.231] INFO (17898): Wallet sync [10049]: shielded=true, unshielded=true, dust=false
[11:19:31.389] INFO (17898): Wallet sync [10050]: shielded=true, unshielded=true, dust=false
[11:19:31.494] INFO (17898): Wallet sync [10051]: shielded=true, unshielded=true, dust=false
[11:19:31.559] INFO (17898): Wallet sync [10052]: shielded=true, unshielded=true, dust=false
[11:19:31.666] INFO (17898): Wallet sync [10053]: shielded=true, unshielded=true, dust=false
[11:19:31.703] INFO (17898): Wallet sync [10054]: shielded=true, unshielded=true, dust=false
[11:19:31.826] INFO (17898): Wallet sync [10055]: shielded=true, unshielded=true, dust=false
[11:19:31.936] INFO (17898): Wallet sync [10056]: shielded=true, unshielded=true, dust=false
[11:19:32.034] INFO (17898): Wallet sync [10057]: shielded=true, unshielded=true, dust=false
[11:19:32.172] INFO (17898): Wallet sync [10058]: shielded=true, unshielded=true, dust=false
[11:19:32.268] INFO (17898): Wallet sync [10059]: shielded=true, unshielded=true, dust=false
[11:19:32.350] INFO (17898): Wallet sync [10060]: shielded=true, unshielded=true, dust=false
[11:19:32.482] INFO (17898): Wallet sync [10061]: shielded=true, unshielded=true, dust=false
[11:19:32.612] INFO (17898): Wallet sync [10062]: shielded=true, unshielded=true, dust=false
[11:19:32.759] INFO (17898): Wallet sync [10063]: shielded=true, unshielded=true, dust=false
[11:19:32.851] INFO (17898): Wallet sync [10064]: shielded=true, unshielded=true, dust=false
[11:19:32.947] INFO (17898): Wallet sync [10065]: shielded=true, unshielded=true, dust=false
[11:19:33.057] INFO (17898): Wallet sync [10066]: shielded=true, unshielded=true, dust=false
[11:19:33.178] INFO (17898): Wallet sync [10067]: shielded=true, unshielded=true, dust=false
[11:19:33.276] INFO (17898): Wallet sync [10068]: shielded=true, unshielded=true, dust=false
[11:19:33.385] INFO (17898): Wallet sync [10069]: shielded=true, unshielded=true, dust=false
[11:19:33.500] INFO (17898): Wallet sync [10070]: shielded=true, unshielded=true, dust=false
[11:19:33.600] INFO (17898): Wallet sync [10071]: shielded=true, unshielded=true, dust=false
[11:19:33.700] INFO (17898): Wallet sync [10072]: shielded=true, unshielded=true, dust=false
[11:19:33.793] INFO (17898): Wallet sync [10073]: shielded=true, unshielded=true, dust=false
[11:19:33.878] INFO (17898): Wallet sync [10074]: shielded=true, unshielded=true, dust=false
[11:19:34.020] INFO (17898): Wallet sync [10075]: shielded=true, unshielded=true, dust=false
[11:19:34.122] INFO (17898): Wallet sync [10076]: shielded=true, unshielded=true, dust=false
[11:19:34.217] INFO (17898): Wallet sync [10077]: shielded=true, unshielded=true, dust=false
[11:19:34.328] INFO (17898): Wallet sync [10078]: shielded=true, unshielded=true, dust=false
[11:19:34.452] INFO (17898): Wallet sync [10079]: shielded=true, unshielded=true, dust=false
[11:19:34.542] INFO (17898): Wallet sync [10080]: shielded=true, unshielded=true, dust=false
[11:19:34.649] INFO (17898): Wallet sync [10081]: shielded=true, unshielded=true, dust=false
[11:19:34.756] INFO (17898): Wallet sync [10082]: shielded=true, unshielded=true, dust=false
[11:19:34.868] INFO (17898): Wallet sync [10083]: shielded=true, unshielded=true, dust=false
[11:19:34.910] INFO (17898): Wallet sync [10084]: shielded=true, unshielded=true, dust=false
[11:19:34.966] INFO (17898): Wallet sync [10085]: shielded=true, unshielded=true, dust=false
[11:19:35.024] INFO (17898): Wallet sync [10086]: shielded=true, unshielded=true, dust=false
[11:19:35.113] INFO (17898): Wallet sync [10087]: shielded=true, unshielded=true, dust=false
[11:19:35.233] INFO (17898): Wallet sync [10088]: shielded=true, unshielded=true, dust=false
[11:19:35.349] INFO (17898): Wallet sync [10089]: shielded=true, unshielded=true, dust=false
[11:19:35.494] INFO (17898): Wallet sync [10090]: shielded=true, unshielded=true, dust=false
[11:19:35.590] INFO (17898): Wallet sync [10091]: shielded=true, unshielded=true, dust=false
[11:19:35.698] INFO (17898): Wallet sync [10092]: shielded=true, unshielded=true, dust=false
[11:19:35.901] INFO (17898): Wallet sync [10093]: shielded=true, unshielded=true, dust=false
[11:19:35.997] INFO (17898): Wallet sync [10094]: shielded=true, unshielded=true, dust=false
[11:19:36.099] INFO (17898): Wallet sync [10095]: shielded=true, unshielded=true, dust=false
[11:19:36.204] INFO (17898): Wallet sync [10096]: shielded=true, unshielded=true, dust=false
[11:19:36.290] INFO (17898): Wallet sync [10097]: shielded=true, unshielded=true, dust=false
[11:19:36.373] INFO (17898): Wallet sync [10098]: shielded=true, unshielded=true, dust=false
[11:19:36.480] INFO (17898): Wallet sync [10099]: shielded=true, unshielded=true, dust=false
[11:19:36.602] INFO (17898): Wallet sync [10100]: shielded=true, unshielded=true, dust=false
[11:19:36.670] INFO (17898): Wallet sync [10101]: shielded=true, unshielded=true, dust=false
[11:19:36.751] INFO (17898): Wallet sync [10102]: shielded=true, unshielded=true, dust=false
[11:19:36.847] INFO (17898): Wallet sync [10103]: shielded=true, unshielded=true, dust=false
[11:19:36.948] INFO (17898): Wallet sync [10104]: shielded=true, unshielded=true, dust=false
[11:19:37.019] INFO (17898): Wallet sync [10105]: shielded=true, unshielded=true, dust=false
[11:19:37.110] INFO (17898): Wallet sync [10106]: shielded=true, unshielded=true, dust=false
[11:19:37.176] INFO (17898): Wallet sync [10107]: shielded=true, unshielded=true, dust=false
[11:19:37.295] INFO (17898): Wallet sync [10108]: shielded=true, unshielded=true, dust=false
[11:19:37.377] INFO (17898): Wallet sync [10109]: shielded=true, unshielded=true, dust=false
[11:19:37.471] INFO (17898): Wallet sync [10110]: shielded=true, unshielded=true, dust=false
[11:19:37.586] INFO (17898): Wallet sync [10111]: shielded=true, unshielded=true, dust=false
[11:19:37.696] INFO (17898): Wallet sync [10112]: shielded=true, unshielded=true, dust=false
[11:19:37.793] INFO (17898): Wallet sync [10113]: shielded=true, unshielded=true, dust=false
[11:19:37.875] INFO (17898): Wallet sync [10114]: shielded=true, unshielded=true, dust=false
[11:19:37.964] INFO (17898): Wallet sync [10115]: shielded=true, unshielded=true, dust=false
[11:19:38.055] INFO (17898): Wallet sync [10116]: shielded=true, unshielded=true, dust=false
[11:19:38.194] INFO (17898): Wallet sync [10117]: shielded=true, unshielded=true, dust=false
[11:19:38.316] INFO (17898): Wallet sync [10118]: shielded=true, unshielded=true, dust=false
[11:19:38.416] INFO (17898): Wallet sync [10119]: shielded=true, unshielded=true, dust=false
[11:19:38.559] INFO (17898): Wallet sync [10120]: shielded=true, unshielded=true, dust=false
[11:19:38.667] INFO (17898): Wallet sync [10121]: shielded=true, unshielded=true, dust=false
[11:19:38.771] INFO (17898): Wallet sync [10122]: shielded=true, unshielded=true, dust=false
[11:19:38.846] INFO (17898): Wallet sync [10123]: shielded=true, unshielded=true, dust=false
[11:19:38.956] INFO (17898): Wallet sync [10124]: shielded=true, unshielded=true, dust=false
[11:19:39.070] INFO (17898): Wallet sync [10125]: shielded=true, unshielded=true, dust=false
[11:19:39.179] INFO (17898): Wallet sync [10126]: shielded=true, unshielded=true, dust=false
[11:19:39.341] INFO (17898): Wallet sync [10127]: shielded=true, unshielded=true, dust=false
[11:19:39.521] INFO (17898): Wallet sync [10128]: shielded=true, unshielded=true, dust=false
[11:19:39.632] INFO (17898): Wallet sync [10129]: shielded=true, unshielded=true, dust=false
[11:19:39.719] INFO (17898): Wallet sync [10130]: shielded=true, unshielded=true, dust=false
[11:19:39.761] INFO (17898): Wallet sync [10131]: shielded=true, unshielded=true, dust=false
[11:19:39.798] INFO (17898): Wallet sync [10132]: shielded=true, unshielded=true, dust=false
[11:19:39.865] INFO (17898): Wallet sync [10133]: shielded=true, unshielded=true, dust=false
[11:19:39.937] INFO (17898): Wallet sync [10134]: shielded=true, unshielded=true, dust=false
[11:19:40.046] INFO (17898): Wallet sync [10135]: shielded=true, unshielded=true, dust=false
[11:19:40.118] INFO (17898): Wallet sync [10136]: shielded=true, unshielded=true, dust=false
[11:19:40.184] INFO (17898): Wallet sync [10137]: shielded=true, unshielded=true, dust=false
[11:19:40.264] INFO (17898): Wallet sync [10138]: shielded=true, unshielded=true, dust=false
[11:19:40.325] INFO (17898): Wallet sync [10139]: shielded=true, unshielded=true, dust=false
[11:19:40.399] INFO (17898): Wallet sync [10140]: shielded=true, unshielded=true, dust=false
[11:19:40.500] INFO (17898): Wallet sync [10141]: shielded=true, unshielded=true, dust=false
[11:19:40.581] INFO (17898): Wallet sync [10142]: shielded=true, unshielded=true, dust=false
[11:19:40.655] INFO (17898): Wallet sync [10143]: shielded=true, unshielded=true, dust=false
[11:19:40.764] INFO (17898): Wallet sync [10144]: shielded=true, unshielded=true, dust=false
[11:19:40.890] INFO (17898): Wallet sync [10145]: shielded=true, unshielded=true, dust=false
[11:19:40.966] INFO (17898): Wallet sync [10146]: shielded=true, unshielded=true, dust=false
[11:19:41.060] INFO (17898): Wallet sync [10147]: shielded=true, unshielded=true, dust=false
[11:19:41.164] INFO (17898): Wallet sync [10148]: shielded=true, unshielded=true, dust=false
[11:19:41.250] INFO (17898): Wallet sync [10149]: shielded=true, unshielded=true, dust=false
[11:19:41.365] INFO (17898): Wallet sync [10150]: shielded=true, unshielded=true, dust=false
[11:19:41.490] INFO (17898): Wallet sync [10151]: shielded=true, unshielded=true, dust=false
[11:19:41.591] INFO (17898): Wallet sync [10152]: shielded=true, unshielded=true, dust=false
[11:19:41.706] INFO (17898): Wallet sync [10153]: shielded=true, unshielded=true, dust=false
[11:19:41.809] INFO (17898): Wallet sync [10154]: shielded=true, unshielded=true, dust=false
[11:19:41.926] INFO (17898): Wallet sync [10155]: shielded=true, unshielded=true, dust=false
[11:19:42.044] INFO (17898): Wallet sync [10156]: shielded=true, unshielded=true, dust=false
[11:19:42.146] INFO (17898): Wallet sync [10157]: shielded=true, unshielded=true, dust=false
[11:19:42.239] INFO (17898): Wallet sync [10158]: shielded=true, unshielded=true, dust=false
[11:19:42.339] INFO (17898): Wallet sync [10159]: shielded=true, unshielded=true, dust=false
[11:19:42.469] INFO (17898): Wallet sync [10160]: shielded=true, unshielded=true, dust=false
[11:19:42.590] INFO (17898): Wallet sync [10161]: shielded=true, unshielded=true, dust=false
[11:19:42.688] INFO (17898): Wallet sync [10162]: shielded=true, unshielded=true, dust=false
[11:19:42.803] INFO (17898): Wallet sync [10163]: shielded=true, unshielded=true, dust=false
[11:19:42.871] INFO (17898): Wallet sync [10164]: shielded=true, unshielded=true, dust=false
[11:19:42.981] INFO (17898): Wallet sync [10165]: shielded=true, unshielded=true, dust=false
[11:19:43.089] INFO (17898): Wallet sync [10166]: shielded=true, unshielded=true, dust=false
[11:19:43.189] INFO (17898): Wallet sync [10167]: shielded=true, unshielded=true, dust=false
[11:19:43.401] INFO (17898): Wallet sync [10168]: shielded=true, unshielded=true, dust=false
[11:19:43.547] INFO (17898): Wallet sync [10169]: shielded=true, unshielded=true, dust=false
[11:19:43.639] INFO (17898): Wallet sync [10170]: shielded=true, unshielded=true, dust=false
[11:19:43.717] INFO (17898): Wallet sync [10171]: shielded=true, unshielded=true, dust=false
[11:19:43.808] INFO (17898): Wallet sync [10172]: shielded=true, unshielded=true, dust=false
[11:19:43.933] INFO (17898): Wallet sync [10173]: shielded=true, unshielded=true, dust=false
[11:19:44.000] INFO (17898): Wallet sync [10174]: shielded=true, unshielded=true, dust=false
[11:19:44.144] INFO (17898): Wallet sync [10175]: shielded=true, unshielded=true, dust=false
[11:19:44.251] INFO (17898): Wallet sync [10176]: shielded=true, unshielded=true, dust=false
[11:19:44.338] INFO (17898): Wallet sync [10177]: shielded=true, unshielded=true, dust=false
[11:19:44.426] INFO (17898): Wallet sync [10178]: shielded=true, unshielded=true, dust=false
[11:19:44.520] INFO (17898): Wallet sync [10179]: shielded=true, unshielded=true, dust=false
[11:19:44.590] INFO (17898): Wallet sync [10180]: shielded=true, unshielded=true, dust=false
[11:19:44.681] INFO (17898): Wallet sync [10181]: shielded=true, unshielded=true, dust=false
[11:19:44.797] INFO (17898): Wallet sync [10182]: shielded=true, unshielded=true, dust=false
[11:19:44.921] INFO (17898): Wallet sync [10183]: shielded=true, unshielded=true, dust=false
[11:19:44.992] INFO (17898): Wallet sync [10184]: shielded=true, unshielded=true, dust=false
[11:19:45.113] INFO (17898): Wallet sync [10185]: shielded=true, unshielded=true, dust=false
[11:19:45.263] INFO (17898): Wallet sync [10186]: shielded=true, unshielded=true, dust=false
[11:19:45.406] INFO (17898): Wallet sync [10187]: shielded=true, unshielded=true, dust=false
[11:19:45.586] INFO (17898): Wallet sync [10188]: shielded=true, unshielded=true, dust=false
[11:19:45.684] INFO (17898): Wallet sync [10189]: shielded=true, unshielded=true, dust=false
[11:19:45.776] INFO (17898): Wallet sync [10190]: shielded=true, unshielded=true, dust=false
[11:19:46.039] INFO (17898): Wallet sync [10191]: shielded=true, unshielded=true, dust=false
[11:19:46.213] INFO (17898): Wallet sync [10192]: shielded=true, unshielded=true, dust=false
[11:19:46.303] INFO (17898): Wallet sync [10193]: shielded=true, unshielded=true, dust=false
[11:19:46.384] INFO (17898): Wallet sync [10194]: shielded=true, unshielded=true, dust=false
[11:19:46.502] INFO (17898): Wallet sync [10195]: shielded=true, unshielded=true, dust=false
[11:19:46.616] INFO (17898): Wallet sync [10196]: shielded=true, unshielded=true, dust=false
[11:19:46.756] INFO (17898): Wallet sync [10197]: shielded=true, unshielded=true, dust=false
[11:19:46.901] INFO (17898): Wallet sync [10198]: shielded=true, unshielded=true, dust=false
[11:19:46.999] INFO (17898): Wallet sync [10199]: shielded=true, unshielded=true, dust=false
[11:19:47.098] INFO (17898): Wallet sync [10200]: shielded=true, unshielded=true, dust=false
[11:19:47.342] INFO (17898): Wallet sync [10201]: shielded=true, unshielded=true, dust=false
[11:19:47.458] INFO (17898): Wallet sync [10202]: shielded=true, unshielded=true, dust=false
[11:19:47.609] INFO (17898): Wallet sync [10203]: shielded=true, unshielded=true, dust=false
[11:19:47.694] INFO (17898): Wallet sync [10204]: shielded=true, unshielded=true, dust=false
[11:19:47.774] INFO (17898): Wallet sync [10205]: shielded=true, unshielded=true, dust=false
[11:19:47.868] INFO (17898): Wallet sync [10206]: shielded=true, unshielded=true, dust=false
[11:19:47.940] INFO (17898): Wallet sync [10207]: shielded=true, unshielded=true, dust=false
[11:19:48.047] INFO (17898): Wallet sync [10208]: shielded=true, unshielded=true, dust=false
[11:19:48.143] INFO (17898): Wallet sync [10209]: shielded=true, unshielded=true, dust=false
[11:19:48.223] INFO (17898): Wallet sync [10210]: shielded=true, unshielded=true, dust=false
[11:19:48.293] INFO (17898): Wallet sync [10211]: shielded=true, unshielded=true, dust=false
[11:19:48.373] INFO (17898): Wallet sync [10212]: shielded=true, unshielded=true, dust=false
[11:19:48.463] INFO (17898): Wallet sync [10213]: shielded=true, unshielded=true, dust=false
[11:19:48.544] INFO (17898): Wallet sync [10214]: shielded=true, unshielded=true, dust=false
[11:19:48.623] INFO (17898): Wallet sync [10215]: shielded=true, unshielded=true, dust=false
[11:19:48.696] INFO (17898): Wallet sync [10216]: shielded=true, unshielded=true, dust=false
[11:19:48.789] INFO (17898): Wallet sync [10217]: shielded=true, unshielded=true, dust=false
[11:19:48.907] INFO (17898): Wallet sync [10218]: shielded=true, unshielded=true, dust=false
[11:19:49.002] INFO (17898): Wallet sync [10219]: shielded=true, unshielded=true, dust=false
[11:19:49.108] INFO (17898): Wallet sync [10220]: shielded=true, unshielded=true, dust=false
[11:19:49.177] INFO (17898): Wallet sync [10221]: shielded=true, unshielded=true, dust=false
[11:19:49.276] INFO (17898): Wallet sync [10222]: shielded=true, unshielded=true, dust=false
[11:19:49.390] INFO (17898): Wallet sync [10223]: shielded=true, unshielded=true, dust=false
[11:19:49.507] INFO (17898): Wallet sync [10224]: shielded=true, unshielded=true, dust=false
[11:19:49.620] INFO (17898): Wallet sync [10225]: shielded=true, unshielded=true, dust=false
[11:19:49.721] INFO (17898): Wallet sync [10226]: shielded=true, unshielded=true, dust=false
[11:19:49.829] INFO (17898): Wallet sync [10227]: shielded=true, unshielded=true, dust=false
[11:19:49.929] INFO (17898): Wallet sync [10228]: shielded=true, unshielded=true, dust=false
[11:19:50.022] INFO (17898): Wallet sync [10229]: shielded=true, unshielded=true, dust=false
[11:19:50.149] INFO (17898): Wallet sync [10230]: shielded=true, unshielded=true, dust=false
[11:19:50.251] INFO (17898): Wallet sync [10231]: shielded=true, unshielded=true, dust=false
[11:19:50.354] INFO (17898): Wallet sync [10232]: shielded=true, unshielded=true, dust=false
[11:19:50.467] INFO (17898): Wallet sync [10233]: shielded=true, unshielded=true, dust=false
[11:19:50.549] INFO (17898): Wallet sync [10234]: shielded=true, unshielded=true, dust=false
[11:19:50.641] INFO (17898): Wallet sync [10235]: shielded=true, unshielded=true, dust=false
[11:19:50.739] INFO (17898): Wallet sync [10236]: shielded=true, unshielded=true, dust=false
[11:19:50.847] INFO (17898): Wallet sync [10237]: shielded=true, unshielded=true, dust=false
[11:19:50.978] INFO (17898): Wallet sync [10238]: shielded=true, unshielded=true, dust=false
[11:19:51.095] INFO (17898): Wallet sync [10239]: shielded=true, unshielded=true, dust=false
[11:19:51.188] INFO (17898): Wallet sync [10240]: shielded=true, unshielded=true, dust=false
[11:19:51.274] INFO (17898): Wallet sync [10241]: shielded=true, unshielded=true, dust=false
[11:19:51.413] INFO (17898): Wallet sync [10242]: shielded=true, unshielded=true, dust=false
[11:19:51.482] INFO (17898): Wallet sync [10243]: shielded=true, unshielded=true, dust=false
[11:19:51.576] INFO (17898): Wallet sync [10244]: shielded=true, unshielded=true, dust=false
[11:19:51.694] INFO (17898): Wallet sync [10245]: shielded=true, unshielded=true, dust=false
[11:19:51.780] INFO (17898): Wallet sync [10246]: shielded=true, unshielded=true, dust=false
[11:19:51.862] INFO (17898): Wallet sync [10247]: shielded=true, unshielded=true, dust=false
[11:19:51.922] INFO (17898): Wallet sync [10248]: shielded=true, unshielded=true, dust=false
[11:19:51.965] INFO (17898): Wallet sync [10249]: shielded=true, unshielded=true, dust=false
[11:19:52.024] INFO (17898): Wallet sync [10250]: shielded=true, unshielded=true, dust=false
[11:19:52.106] INFO (17898): Wallet sync [10251]: shielded=true, unshielded=true, dust=false
[11:19:52.191] INFO (17898): Wallet sync [10252]: shielded=true, unshielded=true, dust=false
[11:19:52.277] INFO (17898): Wallet sync [10253]: shielded=true, unshielded=true, dust=false
[11:19:52.345] INFO (17898): Wallet sync [10254]: shielded=true, unshielded=true, dust=false
[11:19:52.452] INFO (17898): Wallet sync [10255]: shielded=true, unshielded=true, dust=false
[11:19:52.552] INFO (17898): Wallet sync [10256]: shielded=true, unshielded=true, dust=false
[11:19:52.663] INFO (17898): Wallet sync [10257]: shielded=true, unshielded=true, dust=false
[11:19:52.767] INFO (17898): Wallet sync [10258]: shielded=true, unshielded=true, dust=false
[11:19:52.867] INFO (17898): Wallet sync [10259]: shielded=true, unshielded=true, dust=false
[11:19:52.997] INFO (17898): Wallet sync [10260]: shielded=true, unshielded=true, dust=false
[11:19:53.094] INFO (17898): Wallet sync [10261]: shielded=true, unshielded=true, dust=false
[11:19:53.214] INFO (17898): Wallet sync [10262]: shielded=true, unshielded=true, dust=false
[11:19:53.286] INFO (17898): Wallet sync [10263]: shielded=true, unshielded=true, dust=false
[11:19:53.352] INFO (17898): Wallet sync [10264]: shielded=true, unshielded=true, dust=false
[11:19:53.425] INFO (17898): Wallet sync [10265]: shielded=true, unshielded=true, dust=false
[11:19:53.516] INFO (17898): Wallet sync [10266]: shielded=true, unshielded=true, dust=false
[11:19:53.628] INFO (17898): Wallet sync [10267]: shielded=true, unshielded=true, dust=false
[11:19:53.703] INFO (17898): Wallet sync [10268]: shielded=true, unshielded=true, dust=false
[11:19:53.774] INFO (17898): Wallet sync [10269]: shielded=true, unshielded=true, dust=false
[11:19:53.886] INFO (17898): Wallet sync [10270]: shielded=true, unshielded=true, dust=false
[11:19:54.008] INFO (17898): Wallet sync [10271]: shielded=true, unshielded=true, dust=false
[11:19:54.191] INFO (17898): Wallet sync [10272]: shielded=true, unshielded=true, dust=false
[11:19:54.336] INFO (17898): Wallet sync [10273]: shielded=true, unshielded=true, dust=false
[11:19:54.499] INFO (17898): Wallet sync [10274]: shielded=true, unshielded=true, dust=false
[11:19:54.566] INFO (17898): Wallet sync [10275]: shielded=true, unshielded=true, dust=false
[11:19:54.714] INFO (17898): Wallet sync [10276]: shielded=true, unshielded=true, dust=false
[11:19:54.824] INFO (17898): Wallet sync [10277]: shielded=true, unshielded=true, dust=false
[11:19:54.978] INFO (17898): Wallet sync [10278]: shielded=true, unshielded=true, dust=false
[11:19:55.116] INFO (17898): Wallet sync [10279]: shielded=true, unshielded=true, dust=false
[11:19:55.265] INFO (17898): Wallet sync [10280]: shielded=true, unshielded=true, dust=false
[11:19:55.419] INFO (17898): Wallet sync [10281]: shielded=true, unshielded=true, dust=false
[11:19:55.555] INFO (17898): Wallet sync [10282]: shielded=true, unshielded=true, dust=false
[11:19:55.664] INFO (17898): Wallet sync [10283]: shielded=true, unshielded=true, dust=false
[11:19:55.762] INFO (17898): Wallet sync [10284]: shielded=true, unshielded=true, dust=false
[11:19:55.771] INFO (17898): Wallet sync [10285]: shielded=true, unshielded=true, dust=false
[11:19:56.025] INFO (17898): Wallet sync [10286]: shielded=true, unshielded=true, dust=false
[11:19:56.157] INFO (17898): Wallet sync [10287]: shielded=true, unshielded=true, dust=false
[11:19:56.339] INFO (17898): Wallet sync [10288]: shielded=true, unshielded=true, dust=false
[11:19:56.703] INFO (17898): Wallet sync [10289]: shielded=true, unshielded=true, dust=false
[11:19:56.907] INFO (17898): Wallet sync [10290]: shielded=true, unshielded=true, dust=false
[11:19:57.017] INFO (17898): Wallet sync [10291]: shielded=true, unshielded=true, dust=false
[11:19:57.188] INFO (17898): Wallet sync [10292]: shielded=true, unshielded=true, dust=false
[11:19:57.341] INFO (17898): Wallet sync [10293]: shielded=true, unshielded=true, dust=false
[11:19:57.443] INFO (17898): Wallet sync [10294]: shielded=true, unshielded=true, dust=false
[11:19:57.625] INFO (17898): Wallet sync [10295]: shielded=true, unshielded=true, dust=false
[11:19:57.727] INFO (17898): Wallet sync [10296]: shielded=true, unshielded=true, dust=false
[11:19:57.812] INFO (17898): Wallet sync [10297]: shielded=true, unshielded=true, dust=false
[11:19:57.935] INFO (17898): Wallet sync [10298]: shielded=true, unshielded=true, dust=false
[11:19:58.043] INFO (17898): Wallet sync [10299]: shielded=true, unshielded=true, dust=false
[11:19:58.143] INFO (17898): Wallet sync [10300]: shielded=true, unshielded=true, dust=false
[11:19:58.215] INFO (17898): Wallet sync [10301]: shielded=true, unshielded=true, dust=false
[11:19:58.299] INFO (17898): Wallet sync [10302]: shielded=true, unshielded=true, dust=false
[11:19:58.435] INFO (17898): Wallet sync [10303]: shielded=true, unshielded=true, dust=false
[11:19:58.541] INFO (17898): Wallet sync [10304]: shielded=true, unshielded=true, dust=false
[11:19:58.682] INFO (17898): Wallet sync [10305]: shielded=true, unshielded=true, dust=false
[11:19:58.858] INFO (17898): Wallet sync [10306]: shielded=true, unshielded=true, dust=false
[11:19:58.973] INFO (17898): Wallet sync [10307]: shielded=true, unshielded=true, dust=false
[11:19:59.085] INFO (17898): Wallet sync [10308]: shielded=true, unshielded=true, dust=false
[11:19:59.158] INFO (17898): Wallet sync [10309]: shielded=true, unshielded=true, dust=false
[11:19:59.322] INFO (17898): Wallet sync [10310]: shielded=true, unshielded=true, dust=false
[11:19:59.402] INFO (17898): Wallet sync [10311]: shielded=true, unshielded=true, dust=false
[11:19:59.504] INFO (17898): Wallet sync [10312]: shielded=true, unshielded=true, dust=false
[11:19:59.574] INFO (17898): Wallet sync [10313]: shielded=true, unshielded=true, dust=false
[11:19:59.653] INFO (17898): Wallet sync [10314]: shielded=true, unshielded=true, dust=false
[11:19:59.755] INFO (17898): Wallet sync [10315]: shielded=true, unshielded=true, dust=false
[11:19:59.837] INFO (17898): Wallet sync [10316]: shielded=true, unshielded=true, dust=false
[11:19:59.901] INFO (17898): Wallet sync [10317]: shielded=true, unshielded=true, dust=false
[11:19:59.986] INFO (17898): Wallet sync [10318]: shielded=true, unshielded=true, dust=false
[11:20:00.066] INFO (17898): Wallet sync [10319]: shielded=true, unshielded=true, dust=false
[11:20:00.147] INFO (17898): Wallet sync [10320]: shielded=true, unshielded=true, dust=false
[11:20:00.220] INFO (17898): Wallet sync [10321]: shielded=true, unshielded=true, dust=false
[11:20:00.305] INFO (17898): Wallet sync [10322]: shielded=true, unshielded=true, dust=false
[11:20:00.367] INFO (17898): Wallet sync [10323]: shielded=true, unshielded=true, dust=false
[11:20:00.435] INFO (17898): Wallet sync [10324]: shielded=true, unshielded=true, dust=false
[11:20:00.570] INFO (17898): Wallet sync [10325]: shielded=true, unshielded=true, dust=false
[11:20:00.675] INFO (17898): Wallet sync [10326]: shielded=true, unshielded=true, dust=false
[11:20:00.770] INFO (17898): Wallet sync [10327]: shielded=true, unshielded=true, dust=false
[11:20:00.868] INFO (17898): Wallet sync [10328]: shielded=true, unshielded=true, dust=false
[11:20:00.953] INFO (17898): Wallet sync [10329]: shielded=true, unshielded=true, dust=false
[11:20:01.044] INFO (17898): Wallet sync [10330]: shielded=true, unshielded=true, dust=false
[11:20:01.123] INFO (17898): Wallet sync [10331]: shielded=true, unshielded=true, dust=false
[11:20:01.238] INFO (17898): Wallet sync [10332]: shielded=true, unshielded=true, dust=false
[11:20:01.348] INFO (17898): Wallet sync [10333]: shielded=true, unshielded=true, dust=false
[11:20:01.432] INFO (17898): Wallet sync [10334]: shielded=true, unshielded=true, dust=false
[11:20:01.547] INFO (17898): Wallet sync [10335]: shielded=true, unshielded=true, dust=false
[11:20:01.650] INFO (17898): Wallet sync [10336]: shielded=true, unshielded=true, dust=false
[11:20:01.736] INFO (17898): Wallet sync [10337]: shielded=true, unshielded=true, dust=false
[11:20:01.807] INFO (17898): Wallet sync [10338]: shielded=true, unshielded=true, dust=false
[11:20:01.890] INFO (17898): Wallet sync [10339]: shielded=true, unshielded=true, dust=false
[11:20:02.089] INFO (17898): Wallet sync [10340]: shielded=true, unshielded=true, dust=false
[11:20:02.204] INFO (17898): Wallet sync [10341]: shielded=true, unshielded=true, dust=false
[11:20:02.304] INFO (17898): Wallet sync [10342]: shielded=true, unshielded=true, dust=false
[11:20:02.495] INFO (17898): Wallet sync [10343]: shielded=true, unshielded=true, dust=false
[11:20:02.580] INFO (17898): Wallet sync [10344]: shielded=true, unshielded=true, dust=false
[11:20:02.664] INFO (17898): Wallet sync [10345]: shielded=true, unshielded=true, dust=false
[11:20:02.744] INFO (17898): Wallet sync [10346]: shielded=true, unshielded=true, dust=false
[11:20:02.831] INFO (17898): Wallet sync [10347]: shielded=true, unshielded=true, dust=false
[11:20:02.927] INFO (17898): Wallet sync [10348]: shielded=true, unshielded=true, dust=false
[11:20:03.037] INFO (17898): Wallet sync [10349]: shielded=true, unshielded=true, dust=false
[11:20:03.145] INFO (17898): Wallet sync [10350]: shielded=true, unshielded=true, dust=false
[11:20:03.223] INFO (17898): Wallet sync [10351]: shielded=true, unshielded=true, dust=false
[11:20:03.306] INFO (17898): Wallet sync [10352]: shielded=true, unshielded=true, dust=false
[11:20:03.419] INFO (17898): Wallet sync [10353]: shielded=true, unshielded=true, dust=false
[11:20:03.487] INFO (17898): Wallet sync [10354]: shielded=true, unshielded=true, dust=false
[11:20:03.562] INFO (17898): Wallet sync [10355]: shielded=true, unshielded=true, dust=false
[11:20:03.644] INFO (17898): Wallet sync [10356]: shielded=true, unshielded=true, dust=false
[11:20:03.688] INFO (17898): Wallet sync [10357]: shielded=true, unshielded=true, dust=false
[11:20:03.730] INFO (17898): Wallet sync [10358]: shielded=true, unshielded=true, dust=false
[11:20:03.784] INFO (17898): Wallet sync [10359]: shielded=true, unshielded=true, dust=false
[11:20:03.821] INFO (17898): Wallet sync [10360]: shielded=true, unshielded=true, dust=false
[11:20:03.903] INFO (17898): Wallet sync [10361]: shielded=true, unshielded=true, dust=false
[11:20:03.981] INFO (17898): Wallet sync [10362]: shielded=true, unshielded=true, dust=false
[11:20:04.026] INFO (17898): Wallet sync [10363]: shielded=true, unshielded=true, dust=false
[11:20:04.074] INFO (17898): Wallet sync [10364]: shielded=true, unshielded=true, dust=false
[11:20:04.135] INFO (17898): Wallet sync [10365]: shielded=true, unshielded=true, dust=false
[11:20:04.204] INFO (17898): Wallet sync [10366]: shielded=true, unshielded=true, dust=false
[11:20:04.282] INFO (17898): Wallet sync [10367]: shielded=true, unshielded=true, dust=false
[11:20:04.366] INFO (17898): Wallet sync [10368]: shielded=true, unshielded=true, dust=false
[11:20:04.503] INFO (17898): Wallet sync [10369]: shielded=true, unshielded=true, dust=false
[11:20:04.589] INFO (17898): Wallet sync [10370]: shielded=true, unshielded=true, dust=false
[11:20:04.668] INFO (17898): Wallet sync [10371]: shielded=true, unshielded=true, dust=false
[11:20:04.810] INFO (17898): Wallet sync [10372]: shielded=true, unshielded=true, dust=false
[11:20:04.918] INFO (17898): Wallet sync [10373]: shielded=true, unshielded=true, dust=false
[11:20:05.041] INFO (17898): Wallet sync [10374]: shielded=true, unshielded=true, dust=false
[11:20:05.129] INFO (17898): Wallet sync [10375]: shielded=true, unshielded=true, dust=false
[11:20:05.254] INFO (17898): Wallet sync [10376]: shielded=true, unshielded=true, dust=false
[11:20:05.383] INFO (17898): Wallet sync [10377]: shielded=true, unshielded=true, dust=false
[11:20:05.494] INFO (17898): Wallet sync [10378]: shielded=true, unshielded=true, dust=false
[11:20:05.587] INFO (17898): Wallet sync [10379]: shielded=true, unshielded=true, dust=false
[11:20:05.708] INFO (17898): Wallet sync [10380]: shielded=true, unshielded=true, dust=false
[11:20:05.861] INFO (17898): Wallet sync [10381]: shielded=true, unshielded=true, dust=false
[11:20:05.970] INFO (17898): Wallet sync [10382]: shielded=true, unshielded=true, dust=false
[11:20:06.091] INFO (17898): Wallet sync [10383]: shielded=true, unshielded=true, dust=false
[11:20:06.204] INFO (17898): Wallet sync [10384]: shielded=true, unshielded=true, dust=false
[11:20:06.315] INFO (17898): Wallet sync [10385]: shielded=true, unshielded=true, dust=false
[11:20:06.464] INFO (17898): Wallet sync [10386]: shielded=true, unshielded=true, dust=false
[11:20:06.587] INFO (17898): Wallet sync [10387]: shielded=true, unshielded=true, dust=false
[11:20:06.750] INFO (17898): Wallet sync [10388]: shielded=true, unshielded=true, dust=false
[11:20:06.829] INFO (17898): Wallet sync [10389]: shielded=true, unshielded=true, dust=false
[11:20:06.917] INFO (17898): Wallet sync [10390]: shielded=true, unshielded=true, dust=false
[11:20:07.028] INFO (17898): Wallet sync [10391]: shielded=true, unshielded=true, dust=false
[11:20:07.105] INFO (17898): Wallet sync [10392]: shielded=true, unshielded=true, dust=false
[11:20:07.197] INFO (17898): Wallet sync [10393]: shielded=true, unshielded=true, dust=false
[11:20:07.316] INFO (17898): Wallet sync [10394]: shielded=true, unshielded=true, dust=false
[11:20:07.439] INFO (17898): Wallet sync [10395]: shielded=true, unshielded=true, dust=false
[11:20:07.542] INFO (17898): Wallet sync [10396]: shielded=true, unshielded=true, dust=false
[11:20:07.649] INFO (17898): Wallet sync [10397]: shielded=true, unshielded=true, dust=false
[11:20:07.787] INFO (17898): Wallet sync [10398]: shielded=true, unshielded=true, dust=false
[11:20:07.888] INFO (17898): Wallet sync [10399]: shielded=true, unshielded=true, dust=false
[11:20:08.026] INFO (17898): Wallet sync [10400]: shielded=true, unshielded=true, dust=false
[11:20:08.133] INFO (17898): Wallet sync [10401]: shielded=true, unshielded=true, dust=false
[11:20:08.222] INFO (17898): Wallet sync [10402]: shielded=true, unshielded=true, dust=false
[11:20:08.303] INFO (17898): Wallet sync [10403]: shielded=true, unshielded=true, dust=false
[11:20:08.369] INFO (17898): Wallet sync [10404]: shielded=true, unshielded=true, dust=false
[11:20:08.453] INFO (17898): Wallet sync [10405]: shielded=true, unshielded=true, dust=false
[11:20:08.586] INFO (17898): Wallet sync [10406]: shielded=true, unshielded=true, dust=false
[11:20:08.699] INFO (17898): Wallet sync [10407]: shielded=true, unshielded=true, dust=false
[11:20:08.817] INFO (17898): Wallet sync [10408]: shielded=true, unshielded=true, dust=false
[11:20:08.903] INFO (17898): Wallet sync [10409]: shielded=true, unshielded=true, dust=false
[11:20:09.050] INFO (17898): Wallet sync [10410]: shielded=true, unshielded=true, dust=false
[11:20:09.124] INFO (17898): Wallet sync [10411]: shielded=true, unshielded=true, dust=false
[11:20:09.195] INFO (17898): Wallet sync [10412]: shielded=true, unshielded=true, dust=false
[11:20:09.292] INFO (17898): Wallet sync [10413]: shielded=true, unshielded=true, dust=false
[11:20:09.424] INFO (17898): Wallet sync [10414]: shielded=true, unshielded=true, dust=false
[11:20:09.549] INFO (17898): Wallet sync [10415]: shielded=true, unshielded=true, dust=false
[11:20:09.696] INFO (17898): Wallet sync [10416]: shielded=true, unshielded=true, dust=false
[11:20:09.793] INFO (17898): Wallet sync [10417]: shielded=true, unshielded=true, dust=false
[11:20:09.905] INFO (17898): Wallet sync [10418]: shielded=true, unshielded=true, dust=false
[11:20:10.002] INFO (17898): Wallet sync [10419]: shielded=true, unshielded=true, dust=false
[11:20:10.117] INFO (17898): Wallet sync [10420]: shielded=true, unshielded=true, dust=false
[11:20:10.218] INFO (17898): Wallet sync [10421]: shielded=true, unshielded=true, dust=false
[11:20:10.312] INFO (17898): Wallet sync [10422]: shielded=true, unshielded=true, dust=false
[11:20:10.432] INFO (17898): Wallet sync [10423]: shielded=true, unshielded=true, dust=false
[11:20:10.539] INFO (17898): Wallet sync [10424]: shielded=true, unshielded=true, dust=false
[11:20:10.636] INFO (17898): Wallet sync [10425]: shielded=true, unshielded=true, dust=false
[11:20:10.722] INFO (17898): Wallet sync [10426]: shielded=true, unshielded=true, dust=false
[11:20:10.814] INFO (17898): Wallet sync [10427]: shielded=true, unshielded=true, dust=false
[11:20:10.888] INFO (17898): Wallet sync [10428]: shielded=true, unshielded=true, dust=false
[11:20:10.980] INFO (17898): Wallet sync [10429]: shielded=true, unshielded=true, dust=false
[11:20:11.051] INFO (17898): Wallet sync [10430]: shielded=true, unshielded=true, dust=false
[11:20:11.149] INFO (17898): Wallet sync [10431]: shielded=true, unshielded=true, dust=false
[11:20:11.232] INFO (17898): Wallet sync [10432]: shielded=true, unshielded=true, dust=false
[11:20:11.388] INFO (17898): Wallet sync [10433]: shielded=true, unshielded=true, dust=false
[11:20:11.475] INFO (17898): Wallet sync [10434]: shielded=true, unshielded=true, dust=false
[11:20:11.627] INFO (17898): Wallet sync [10435]: shielded=true, unshielded=true, dust=false
[11:20:11.754] INFO (17898): Wallet sync [10436]: shielded=true, unshielded=true, dust=false
[11:20:11.872] INFO (17898): Wallet sync [10437]: shielded=true, unshielded=true, dust=false
[11:20:11.975] INFO (17898): Wallet sync [10438]: shielded=true, unshielded=true, dust=false
[11:20:12.052] INFO (17898): Wallet sync [10439]: shielded=true, unshielded=true, dust=false
[11:20:12.157] INFO (17898): Wallet sync [10440]: shielded=true, unshielded=true, dust=false
[11:20:12.249] INFO (17898): Wallet sync [10441]: shielded=true, unshielded=true, dust=false
[11:20:12.363] INFO (17898): Wallet sync [10442]: shielded=true, unshielded=true, dust=false
[11:20:12.485] INFO (17898): Wallet sync [10443]: shielded=true, unshielded=true, dust=false
[11:20:12.591] INFO (17898): Wallet sync [10444]: shielded=true, unshielded=true, dust=false
[11:20:12.763] INFO (17898): Wallet sync [10445]: shielded=true, unshielded=true, dust=false
[11:20:12.857] INFO (17898): Wallet sync [10446]: shielded=true, unshielded=true, dust=false
[11:20:13.016] INFO (17898): Wallet sync [10447]: shielded=true, unshielded=true, dust=false
[11:20:13.126] INFO (17898): Wallet sync [10448]: shielded=true, unshielded=true, dust=false
[11:20:13.262] INFO (17898): Wallet sync [10449]: shielded=true, unshielded=true, dust=false
[11:20:13.340] INFO (17898): Wallet sync [10450]: shielded=true, unshielded=true, dust=false
[11:20:13.431] INFO (17898): Wallet sync [10451]: shielded=true, unshielded=true, dust=false
[11:20:13.525] INFO (17898): Wallet sync [10452]: shielded=true, unshielded=true, dust=false
[11:20:13.633] INFO (17898): Wallet sync [10453]: shielded=true, unshielded=true, dust=false
[11:20:13.738] INFO (17898): Wallet sync [10454]: shielded=true, unshielded=true, dust=false
[11:20:13.863] INFO (17898): Wallet sync [10455]: shielded=true, unshielded=true, dust=false
[11:20:14.172] INFO (17898): Wallet sync [10456]: shielded=true, unshielded=true, dust=false
[11:20:14.285] INFO (17898): Wallet sync [10457]: shielded=true, unshielded=true, dust=false
[11:20:14.383] INFO (17898): Wallet sync [10458]: shielded=true, unshielded=true, dust=false
[11:20:14.475] INFO (17898): Wallet sync [10459]: shielded=true, unshielded=true, dust=false
[11:20:14.633] INFO (17898): Wallet sync [10460]: shielded=true, unshielded=true, dust=false
[11:20:14.787] INFO (17898): Wallet sync [10461]: shielded=true, unshielded=true, dust=false
[11:20:14.969] INFO (17898): Wallet sync [10462]: shielded=true, unshielded=true, dust=false
[11:20:15.080] INFO (17898): Wallet sync [10463]: shielded=true, unshielded=true, dust=false
[11:20:15.167] INFO (17898): Wallet sync [10464]: shielded=true, unshielded=true, dust=false
[11:20:15.246] INFO (17898): Wallet sync [10465]: shielded=true, unshielded=true, dust=false
[11:20:15.354] INFO (17898): Wallet sync [10466]: shielded=true, unshielded=true, dust=false
[11:20:15.485] INFO (17898): Wallet sync [10467]: shielded=true, unshielded=true, dust=false
[11:20:15.599] INFO (17898): Wallet sync [10468]: shielded=true, unshielded=true, dust=false
[11:20:15.712] INFO (17898): Wallet sync [10469]: shielded=true, unshielded=true, dust=false
[11:20:15.817] INFO (17898): Wallet sync [10470]: shielded=true, unshielded=true, dust=false
[11:20:15.947] INFO (17898): Wallet sync [10471]: shielded=true, unshielded=true, dust=false
[11:20:16.072] INFO (17898): Wallet sync [10472]: shielded=true, unshielded=true, dust=false
[11:20:16.146] INFO (17898): Wallet sync [10473]: shielded=true, unshielded=true, dust=false
[11:20:16.211] INFO (17898): Wallet sync [10474]: shielded=true, unshielded=true, dust=false
[11:20:16.313] INFO (17898): Wallet sync [10475]: shielded=true, unshielded=true, dust=false
[11:20:16.423] INFO (17898): Wallet sync [10476]: shielded=true, unshielded=true, dust=false
[11:20:16.537] INFO (17898): Wallet sync [10477]: shielded=true, unshielded=true, dust=false
[11:20:16.627] INFO (17898): Wallet sync [10478]: shielded=true, unshielded=true, dust=false
[11:20:16.743] INFO (17898): Wallet sync [10479]: shielded=true, unshielded=true, dust=false
[11:20:16.822] INFO (17898): Wallet sync [10480]: shielded=true, unshielded=true, dust=false
[11:20:16.918] INFO (17898): Wallet sync [10481]: shielded=true, unshielded=true, dust=false
[11:20:17.033] INFO (17898): Wallet sync [10482]: shielded=true, unshielded=true, dust=false
[11:20:17.126] INFO (17898): Wallet sync [10483]: shielded=true, unshielded=true, dust=false
[11:20:17.245] INFO (17898): Wallet sync [10484]: shielded=true, unshielded=true, dust=false
[11:20:17.366] INFO (17898): Wallet sync [10485]: shielded=true, unshielded=true, dust=false
[11:20:17.496] INFO (17898): Wallet sync [10486]: shielded=true, unshielded=true, dust=false
[11:20:17.605] INFO (17898): Wallet sync [10487]: shielded=true, unshielded=true, dust=false
[11:20:17.688] INFO (17898): Wallet sync [10488]: shielded=true, unshielded=true, dust=false
[11:20:17.766] INFO (17898): Wallet sync [10489]: shielded=true, unshielded=true, dust=false
[11:20:17.844] INFO (17898): Wallet sync [10490]: shielded=true, unshielded=true, dust=false
[11:20:17.961] INFO (17898): Wallet sync [10491]: shielded=true, unshielded=true, dust=false
[11:20:18.086] INFO (17898): Wallet sync [10492]: shielded=true, unshielded=true, dust=false
[11:20:18.212] INFO (17898): Wallet sync [10493]: shielded=true, unshielded=true, dust=false
[11:20:18.300] INFO (17898): Wallet sync [10494]: shielded=true, unshielded=true, dust=false
[11:20:18.411] INFO (17898): Wallet sync [10495]: shielded=true, unshielded=true, dust=false
[11:20:18.502] INFO (17898): Wallet sync [10496]: shielded=true, unshielded=true, dust=false
[11:20:18.641] INFO (17898): Wallet sync [10497]: shielded=true, unshielded=true, dust=false
[11:20:18.727] INFO (17898): Wallet sync [10498]: shielded=true, unshielded=true, dust=false
[11:20:18.842] INFO (17898): Wallet sync [10499]: shielded=true, unshielded=true, dust=false
[11:20:18.927] INFO (17898): Wallet sync [10500]: shielded=true, unshielded=true, dust=false
[11:20:19.142] INFO (17898): Wallet sync [10501]: shielded=true, unshielded=true, dust=false
[11:20:19.309] INFO (17898): Wallet sync [10502]: shielded=true, unshielded=true, dust=false
[11:20:19.381] INFO (17898): Wallet sync [10503]: shielded=true, unshielded=true, dust=false
[11:20:19.460] INFO (17898): Wallet sync [10504]: shielded=true, unshielded=true, dust=false
[11:20:19.582] INFO (17898): Wallet sync [10505]: shielded=true, unshielded=true, dust=false
[11:20:19.714] INFO (17898): Wallet sync [10506]: shielded=true, unshielded=true, dust=false
[11:20:19.800] INFO (17898): Wallet sync [10507]: shielded=true, unshielded=true, dust=false
[11:20:19.898] INFO (17898): Wallet sync [10508]: shielded=true, unshielded=true, dust=false
[11:20:19.993] INFO (17898): Wallet sync [10509]: shielded=true, unshielded=true, dust=false
[11:20:20.063] INFO (17898): Wallet sync [10510]: shielded=true, unshielded=true, dust=false
